Doc inv;Item;Posici.;Material;Descripción;Stock en cantidad;Stock en valor;Versión;Ultimo recuento en ctd;Ultimo recuento en valor;Dif.en cantidad;Dif. en %;Dif en valor;Dif. en valor absoluto
0000049287;0001;C1 26 4E;285557000R I;CALCULADOR AIRBAG;             1,00;        60.660,75;00;             0,00;             0,00;-             1,00;           100,00;-        60.660,75;        60.660,75
0000049288;0001;SA9 01A01;248096442R I;TABLEAU BORD;             1,00;             0,00;00;             0,00;             0,00;-             1,00;             0,00;             0,00;             0,00
0000049289;0001;MA0220H 16;7703074625 I;OBTURATEUR 30X60 THERMO-FUSIBLE;             1,00;           490,11;00;             0,00;             0,00;-             1,00;           100,00;-           490,11;           490,11
0000049290;0001;G1 03 0P;850224632R I;PIEL PARAGOLPE TRASERO KWID;           146,00;     1.685.672,20;00;           146,00;     1.685.672,20;             0,00;             0,00;             0,00;             0,00
0000049291;0001;D4 61 1F;738204986R I;BARRA DE TECHO LONG DER U79 PH1;            10,00;       922.490,60;00;            10,00;       922.490,60;             0,00;             0,00;             0,00;             0,00
0000049291;0002;D4 61 3E;738204986R I;BARRA DE TECHO LONG DER U79 PH1;            10,00;       922.490,60;00;            10,00;       922.490,60;             0,00;             0,00;             0,00;             0,00
0000049291;0003;D4 63 1E;738204986R I;BARRA DE TECHO LONG DER U79 PH1;            10,00;       922.490,60;00;            10,00;       922.490,60;             0,00;             0,00;             0,00;             0,00
0000049291;0004;D4 63 3E;738204986R I;BARRA DE TECHO LONG DER U79 PH1;            10,00;       922.490,60;00;            10,00;       922.490,60;             0,00;             0,00;             0,00;             0,00
0000049291;0005;D4 63 5D;738204986R I;BARRA DE TECHO LONG DER U79 PH1;             6,00;       553.494,36;00;             6,00;       553.494,36;             0,00;             0,00;             0,00;             0,00
0000049291;0006;D4 63 5F;738204986R I;BARRA DE TECHO LONG DER U79 PH1;            11,00;     1.014.739,66;00;            11,00;     1.014.739,66;             0,00;             0,00;             0,00;             0,00
0000049292;0001;W1 03 2A;738204986R I;BARRA DE TECHO LONG DER U79 PH1;             4,00;       368.996,24;00;             4,00;       368.996,24;             0,00;             0,00;             0,00;             0,00
0000049293;0001;W1 07 3B;738204986R I;BARRA DE TECHO LONG DER U79 PH1;            11,00;     1.014.739,66;00;            11,00;     1.014.739,66;             0,00;             0,00;             0,00;             0,00
0000049293;0002;W2 28 3D;738204986R I;BARRA DE TECHO LONG DER U79 PH1;            12,00;     1.106.988,72;00;            12,00;     1.106.988,72;             0,00;             0,00;             0,00;             0,00
0000049293;0003;W2 36 1D;738204986R I;BARRA DE TECHO LONG DER U79 PH1;            12,00;     1.106.988,72;00;            11,00;     1.014.739,66;-             1,00;             8,33;-        92.249,06;        92.249,06
0000049294;0001;MA0315D 03;485217802R I;BRAZO DE DIRECCION - AX-FU HJD PH1;             9,00;       165.888,36;00;             8,00;       147.456,32;-             1,00;            11,11;-        18.432,04;        18.432,04
0000049294;0002;MA0317C 01;8200830182 I;CORREA ALTERNADOR;            13,00;        48.121,32;00;            13,00;        48.121,32;             0,00;             0,00;             0,00;             0,00
0000049294;0003;MB0208C 02;8200735437 I;PROTECTOR RUEDA DEL. DER.;             2,00;       103.093,56;00;             2,00;       103.093,56;             0,00;             0,00;             0,00;             0,00
0000049295;0001;HA0613B 01;8200735437 I;PROTECTOR RUEDA DEL. DER.;            19,00;       979.388,82;00;            19,00;       979.388,82;             0,00;             0,00;             0,00;             0,00
0000049296;0001;NE03 2401A;924406481R I;VALV DE EXP - TUBO CONDENS -  X67PH1;             1,00;        29.247,01;00;             1,00;        29.247,01;             0,00;             0,00;             0,00;             0,00
0000049296;0002;SA0929B 01;275427260R;CABLE CDE CALEFACCIÓN AIRE ACONDICIONADO;            92,00;       124.453,92;00;            92,00;       124.453,92;             0,00;             0,00;             0,00;             0,00
0000049296;0003;SA9 07A02;275427260R;CABLE CDE CALEFACCIÓN AIRE ACONDICIONADO;            96,00;       129.864,96;00;            96,00;       129.864,96;             0,00;             0,00;             0,00;             0,00
0000049297;0001;C104A 10;7717000005 I;Tilt Down Nueva Duster;             3,00;        69.071,73;00;             3,00;        69.071,73;             0,00;             0,00;             0,00;             0,00
0000049298;0001;NE01 3302A;727129112R;VIDRIO PARAB.  C2-SY;             1,00;        60.963,07;00;             1,00;        60.963,07;             0,00;             0,00;             0,00;             0,00
0000049299;0001;SA0930F 02;745142371R I;PLANCHER AR PARTIE AR ASS;             1,00;        37.599,80;00;             1,00;        37.599,80;             0,00;             0,00;             0,00;             0,00
0000049300;0001;CA0624A 01;555013372R I;EJE TRASERO;             4,00;     1.767.434,52;00;             4,00;     1.767.434,52;             0,00;             0,00;             0,00;             0,00
0000049300;0002;W1 0610A;774210410R I;GUARDABARRO TRAS IZQ;             1,00;        56.023,76;00;             1,00;        56.023,76;             0,00;             0,00;             0,00;             0,00
0000049301;0001;W2 02 2D;774210410R I;GUARDABARRO TRAS IZQ;             5,00;       280.118,80;00;             5,00;       280.118,80;             0,00;             0,00;             0,00;             0,00
0000049301;0002;W2 09 4B;774210410R I;GUARDABARRO TRAS IZQ;             3,00;       168.071,28;00;             3,00;       168.071,28;             0,00;             0,00;             0,00;             0,00
0000049302;0001;MA0202C 01;822170561R I;CADRE RAPPORTE AR PORTE AR G;             4,00;        32.136,80;00;             4,00;        32.136,80;             0,00;             0,00;             0,00;             0,00
0000049302;0002;MA0206G 15;8200674136 I;PINON TAQUIMETRO;             1,00;            38,63;00;             1,00;            38,63;             0,00;             0,00;             0,00;             0,00
0000049302;0003;MA0218G 04;8200008387 I;JUNTA  TUBO ESCAPE;             1,00;            15,34;00;             1,00;            15,34;             0,00;             0,00;             0,00;             0,00
0000049302;0004;MA0220G 15;8200707433 I;SOPORTE;             1,00;         3.086,56;00;             1,00;         3.086,56;             0,00;             0,00;             0,00;             0,00
0000049302;0005;MA0820A 03;876201963R I;TAPIZADO ASIENTO;             1,00;           483,35;00;             1,00;           483,35;             0,00;             0,00;             0,00;             0,00
0000049302;0006;MA0905A 04;755538377R I;REF FIJACION IZQ COJIN MARCHA TRAS KW2C;             7,00;       229.204,57;00;             7,00;       229.204,57;             0,00;             0,00;             0,00;             0,00
0000049302;0007;MA0905C 04;261525623R I;COLLECTION ENJOLIVEUR PRJR BROUILLARD F6;             4,00;        17.675,00;00;             4,00;        17.675,00;             0,00;             0,00;             0,00;             0,00
0000049302;0008;MA1110D 03;8200447903 I;CUBIERTA TAPIZADA;             3,00;            82,92;00;             3,00;            82,92;             0,00;             0,00;             0,00;             0,00
0000049302;0009;MA1219C 02;622547289R I;GRILLA INF;             2,00;         5.759,46;00;             2,00;         5.759,46;             0,00;             0,00;             0,00;             0,00
0000049303;0001;D4 30 4B;200108230R I;DESCENSO ESCAPE;             5,00;        64.549,80;00;             5,00;        64.549,80;             0,00;             0,00;             0,00;             0,00
0000049303;0002;D4 43 4B;8200895864 I;CAJA DIRECCION;             3,00;        83.383,62;00;             3,00;        83.383,62;             0,00;             0,00;             0,00;             0,00
0000049303;0003;D4 5110C;240181036V I;CABLAGE PLANCHE BORD HJDPH1;             1,00;       111.607,23;00;             1,00;       111.607,23;             0,00;             0,00;             0,00;             0,00
0000049303;0004;D4 52 6A;8200767822 I;BRAZO SUSPENSION DEL IZQ;            12,00;       257.195,64;00;            12,00;       257.195,64;             0,00;             0,00;             0,00;             0,00
0000049303;0005;SA0839C 04;391005HA6E I;TRANSMISSION AV D;             1,00;        49.586,54;00;             1,00;        49.586,54;             0,00;             0,00;             0,00;             0,00
0000049303;0006;SA1025B 04;7700354511 I;RIEL SUP.PTA.LAT.CLST.;             3,00;         3.287,46;00;             3,00;         3.287,46;             0,00;             0,00;             0,00;             0,00
0000049303;0007;SA1109C 03;765148859R I;RENFORT PIED MILIEU D ASS;             1,00;        17.565,12;00;             1,00;        17.565,12;             0,00;             0,00;             0,00;             0,00
0000049303;0008;SA1116A 01;641806469R I;LARGUERO DEL DER;             2,00;        65.892,06;00;             2,00;        65.892,06;             0,00;             0,00;             0,00;             0,00
0000049303;0009;SA9 15C02;8200853917;TUBO AA DESHIDRA  KG;             4,00;         7.979,40;00;             4,00;         7.979,40;             0,00;             0,00;             0,00;             0,00
0000049304;0001;HA0617B 02;119103465R I;SOPORTE BOMBA DIRECCION X79;            21,00;       448.705,32;00;            21,00;       448.705,32;             0,00;             0,00;             0,00;             0,00
0000049305;0001;D4 04 5E;403154962R I;TAZA RUEDA 14" GOA KWID OUTSIDER;            13,00;     1.457.555,71;00;            13,00;     1.457.555,71;             0,00;             0,00;             0,00;             0,00
0000049306;0001;D4 34 3D;803300029R I;COLIZA PUERTAS;             1,00;           586,83;00;             0,00;             0,00;-             1,00;           100,00;-           586,83;           586,83
0000049306;0002;D4 34 9B;823300027R I;COLIZA PUERTAS;             1,00;         1.226,61;00;             1,00;         1.226,61;             0,00;             0,00;             0,00;             0,00
0000049306;0003;D4 4711B;8200079331 I;COBERTURA PORTON TRAS.;             8,00;        36.001,04;00;             8,00;        36.001,04;             0,00;             0,00;             0,00;             0,00
0000049306;0004;D4 49 1C;808218036R I;COLIZA PUERTAS;             2,00;        66.151,34;00;             2,00;        66.151,34;             0,00;             0,00;             0,00;             0,00
0000049306;0005;D4 49 8B;7701062957 I;MOTOVENTILADOR;             1,00;        10.901,18;00;             1,00;        10.901,18;             0,00;             0,00;             0,00;             0,00
0000049306;0006;D4 49 8C;8200619512 I;MECANISME ESSUIE;             1,00;        18.322,59;00;             1,00;        18.322,59;             0,00;             0,00;             0,00;             0,00
0000049306;0007;D4 53 6C;260603338R I;PROYECTOR SIMPLE DEL;             2,00;        14.918,88;00;             2,00;        14.918,88;             0,00;             0,00;             0,00;             0,00
0000049306;0008;SA0925C 01;6001551478 I;TUBO CIRCUITO AC;             1,00;        11.846,48;00;             1,00;        11.846,48;             0,00;             0,00;             0,00;             0,00
0000049306;0009;SA1003C 04;876514709R I;ARMT DOSSIER AV G;             2,00;         5.741,94;00;             2,00;         5.741,94;             0,00;             0,00;             0,00;             0,00
0000049306;0010;SA1027C 03;620723901R I;EMBELLECEDOR CENTRAL;             4,00;       211.071,24;00;             5,00;       263.839,05;             1,00;            25,00;        52.767,81;        52.767,81
0000049306;0011;SA1035A 03;620174853R I;COLLECTION PEAU G BOUCLIER AV APV;             3,00;       250.634,61;00;             3,00;       250.634,61;             0,00;             0,00;             0,00;             0,00
0000049307;0001;MA0714D 06;852115420R I;BOITIER ABSORBEUR CHOC EXTREME AR G ASS;             8,00;       142.148,48;00;             8,00;       142.148,48;             0,00;             0,00;             0,00;             0,00
0000049307;0002;MA0716E 02;8200067215 I;TUBO AIRE K9K;             7,00;        18.725,84;00;             7,00;        18.725,84;             0,00;             0,00;             0,00;             0,00
0000049307;0003;MA0905C 02;7701478826 I;COLECC. BIELAS MOTOR;             3,00;       381.019,08;00;             3,00;       381.019,08;             0,00;             0,00;             0,00;             0,00
0000049307;0004;MA0906C 02;620D68968R I;PROT. DECORAT. PARAGOLPE DEL. MEGANE E-T;             1,00;        49.087,21;00;             1,00;        49.087,21;             0,00;             0,00;             0,00;             0,00
0000049307;0005;MA0906D 03;360160011R I;GUARDAPOLVO FRENO MAN;             4,00;         5.297,40;00;             4,00;         5.297,40;             0,00;             0,00;             0,00;             0,00
0000049307;0006;MA0906E 01;440115245R I;ETRIER AR G;             1,00;        33.233,29;00;             1,00;        33.233,29;             0,00;             0,00;             0,00;             0,00
0000049307;0007;MA0908D 02;873312970R I;CARTER INT ASSISE SIEGE D 1ERE RNG;             2,00;        21.362,72;00;             2,00;        21.362,72;             0,00;             0,00;             0,00;             0,00
0000049307;0008;MA1002E 04;7701477638 I;MOLDURA PTA TRASERA IZQ;             1,00;         3.906,04;00;             1,00;         3.906,04;             0,00;             0,00;             0,00;             0,00
0000049307;0009;MA1115E 04;7711421439 I;BALAIS UP;             5,00;         3.589,25;00;             5,00;         3.589,25;             0,00;             0,00;             0,00;             0,00
0000049309;0001;W2 50 7B;55400JY20A I;TRAVESANO;             3,00;        14.162,97;00;             3,00;        14.162,97;             0,00;             0,00;             0,00;             0,00
0000049310;0001;HA0521B 01;622354260R I;CARENADO INFERIOR DELANTERO MEG III;             4,00;       399.356,40;00;             4,00;       399.356,40;             0,00;             0,00;             0,00;             0,00
0000049311;0001;W2 02 4A1;801864336R I;PROTEC.BAVOL.TR.D;             8,00;        27.072,64;00;             8,00;        27.072,64;             0,00;             0,00;             0,00;             0,00
0000049311;0002;W2 06 5A2;764100546R I;ZOCALO EXT DER;             1,00;        10.314,76;00;             1,00;        10.314,76;             0,00;             0,00;             0,00;             0,00
0000049311;0003;W2 53 1A;673005JL0J;DASH COMPL-LOWER;             4,00;       144.953,44;00;             4,00;       144.953,44;             0,00;             0,00;             0,00;             0,00
0000049311;0004;W2 55 8A;673005JL1J;DASH COMPL-LOWER U60;             1,00;        72.487,39;00;             1,00;        72.487,39;             0,00;             0,00;             0,00;             0,00
0000049312;0001;D4 30 4C;873805JL0A;FINISHER-CUSHION,FRONT SEAT OUTER LH U60;             1,00;         8.342,65;00;             1,00;         8.342,65;             0,00;             0,00;             0,00;             0,00
0000049312;0002;D4 32 2D;8200051008 I;LLANTA CHAPA WHEEL 5-50 J14;             2,00;         1.898,60;00;             2,00;         1.898,60;             0,00;             0,00;             0,00;             0,00
0000049312;0003;D4 44 2C;808770353R I;PROTECC INF PTA IZQ;             5,00;        36.704,10;00;             5,00;        36.704,10;             0,00;             0,00;             0,00;             0,00
0000049312;0004;D4 44 5A;876013991R I;ARMT DOSSIER AV D;             1,00;        27.100,94;00;             1,00;        27.100,94;             0,00;             0,00;             0,00;             0,00
0000049312;0005;D4 46 9C;8200181789 I;TUBO AIRE FRIO;            17,00;       981.901,98;00;            17,00;       981.901,98;             0,00;             0,00;             0,00;             0,00
0000049312;0006;SA1003A 03;7700431749 I;TUBO ALIMENTACION COMB.;             1,00;         3.276,71;00;             1,00;         3.276,71;             0,00;             0,00;             0,00;             0,00
0000049312;0007;SA1021A 04;80820JY00A I;JUNTA VIDRIO DEL DER;            12,00;       130.422,12;00;            12,00;       130.422,12;             0,00;             0,00;             0,00;             0,00
0000049312;0008;SA1036A 03;767490015R I;ECRAN PASSAGE ROU;            19,00;        46.518,08;00;            19,00;        46.518,08;             0,00;             0,00;             0,00;             0,00
0000049312;0009;SA1139A 01;668122693R I;GRILLE AUVENT;             1,00;        60.028,15;00;             1,00;        60.028,15;             0,00;             0,00;             0,00;             0,00
0000049313;0001;MA0203B 11;7700688654 I;IMAN CUBREVOL;             1,00;            42,13;00;             1,00;            42,13;             0,00;             0,00;             0,00;             0,00
0000049313;0002;MA0314D 03;7703083427 I;ABRAZADERA 16-->27;            30,00;         5.092,50;00;            30,00;         5.092,50;             0,00;             0,00;             0,00;             0,00
0000049313;0003;MA0801C 02;808614JA0A;PANTALLA SELLADO, PUERTA DEL IZQ;             1,00;         1.381,73;00;             1,00;         1.381,73;             0,00;             0,00;             0,00;             0,00
0000049313;0004;MA0905C 03;62823JY20B I;CONVERGENTE ENT AIRE;             5,00;        15.828,45;00;             5,00;        15.828,45;             0,00;             0,00;             0,00;             0,00
0000049313;0005;MA0906A 04;825127732R I;VARILLA TRABA APERTUR PTA;             6,00;         2.395,38;00;             6,00;         2.395,38;             0,00;             0,00;             0,00;             0,00
0000049313;0006;MA0906B 03;8200199015 I;TUBO AGUA G9U G9T PH2;             1,00;         3.769,98;00;             1,00;         3.769,98;             0,00;             0,00;             0,00;             0,00
0000049313;0007;MA0906E 02;7701208788 I;POLEA/ RODAMIENTO;            12,00;        35.748,12;00;            12,00;        35.748,12;             0,00;             0,00;             0,00;             0,00
0000049313;0008;MA0906E 04;768F20007R I;MOLDURA;             1,00;         3.129,68;00;             1,00;         3.129,68;             0,00;             0,00;             0,00;             0,00
0000049313;0009;MA0907C 02;540104496R I;RESSORT SUSPENSION AV;             1,00;         3.132,05;00;             1,00;         3.132,05;             0,00;             0,00;             0,00;             0,00
0000049314;0001;D4 65 6F;668112378R I;GRILLE AUVENT HJF;            34,00;        72.662,08;00;            34,00;        72.662,08;             0,00;             0,00;             0,00;             0,00
0000049315;0001;D4 66 1C;765155253R I;RENFORT PIED MILIEU G ASS;             1,00;        19.149,48;00;             1,00;        19.149,48;             0,00;             0,00;             0,00;             0,00
0000049315;0002;SA0930B 04;7701037174 I;ELEM.FILTR.;            30,00;           461,70;00;            30,00;           461,70;             0,00;             0,00;             0,00;             0,00
0000049315;0003;SA1127A 03;679000010R I;ABSORBANT TABLIER;             3,00;         5.531,55;00;             3,00;         5.531,55;             0,00;             0,00;             0,00;             0,00
0000049315;0004;SA9 17C04;769110008R I;GUAR.MONTAN.DCH. REEMPLAZO;            13,00;        24.237,59;00;            13,00;        24.237,59;             0,00;             0,00;             0,00;             0,00
0000049316;0001;MA0101G 07;7703034250 I;TUERCA M20X1.5;             5,00;            15,05;00;             5,00;            15,05;             0,00;             0,00;             0,00;             0,00
0000049316;0002;MA0202C 07;7700312851 I;ROTULA SUSPENSION;             1,00;         8.264,75;00;             1,00;         8.264,75;             0,00;             0,00;             0,00;             0,00
0000049316;0003;MA0204E 12;7703083506 I;ABRAZADERA TUBO;            22,00;        22.960,30;00;            22,00;        22.960,30;             0,00;             0,00;             0,00;             0,00
0000049316;0004;MA0216O 08;7700353016 I;TOPE PUERTAS;             1,00;            28,54;00;             1,00;            28,54;             0,00;             0,00;             0,00;             0,00
0000049316;0005;MA0220J 10;7703074596 I;OBTURATEUR 30 FUSIBLE;            14,00;            59,78;00;            14,00;            59,78;             0,00;             0,00;             0,00;             0,00
0000049316;0006;MA0307E 01;7703034304 I;TUERCA FIJAC.MULTIPLE ADM;             2,00;         1.404,04;00;             2,00;         1.404,04;             0,00;             0,00;             0,00;             0,00
0000049316;0007;MA0310A 10;8200166229 I;CABLE ANTENA DE RADIO;             4,00;            91,20;00;             4,00;            91,20;             0,00;             0,00;             0,00;             0,00
0000049316;0008;MA0420C 04;7700841327 I;BOCA CARGA;             6,00;            77,88;00;             6,00;            77,88;             0,00;             0,00;             0,00;             0,00
0000049316;0009;MA0605A 01;7700510082;ROSETA;            18,00;             1,08;00;            18,00;             1,08;             0,00;             0,00;             0,00;             0,00
0000049316;0010;MA0701E 03;7702212528;MASTIL ANTENA ROSCADO;             3,00;            11,04;00;             3,00;            11,04;             0,00;             0,00;             0,00;             0,00
0000049316;0011;MA0710D 02;7701467393 I;PEDAL EMBRAGUE;             1,00;            91,76;00;             1,00;            91,76;             0,00;             0,00;             0,00;             0,00
0000049316;0012;MA0803E 04;7750350143 I;PANEL INTERIOR DEL. DER.;             1,00;         1.058,22;00;             1,00;         1.058,22;             0,00;             0,00;             0,00;             0,00
0000049316;0013;MA0907B 03;7700428857 I;TUBO A.A.VALVULA-COMPRES.;             2,00;         7.956,78;00;             2,00;         7.956,78;             0,00;             0,00;             0,00;             0,00
0000049316;0014;MA1205B 04;762306578R I;DOUBLURE MONTANT BAIE D;             2,00;         8.847,68;00;             2,00;         8.847,68;             0,00;             0,00;             0,00;             0,00
0000049316;0015;MA1215A 03;769353432R;GDO IZQ CUSTODIA  FL;             1,00;            44,27;00;             1,00;            44,27;             0,00;             0,00;             0,00;             0,00
0000049316;0016;MB0212C 01;762900413R I;OBTURATEUR AILE D;             4,00;        16.783,76;00;             4,00;        16.783,76;             0,00;             0,00;             0,00;             0,00
0000049317;0001;D4 6511A;7751471187;ELEMEN CIER DR.C2-NS;            16,00;           960,00;00;            22,00;         1.320,00;             6,00;            37,50;           360,00;           360,00
0000049318;0001;CA0502A 02;799225048R I;BANDEJA TAPIZADA TRASERA FLUENCE;             1,00;         2.740,33;00;             1,00;         2.740,33;             0,00;             0,00;             0,00;             0,00
0000049319;0001;MA0119G 05;8200449005 I;CLIP FIJACION TECHO;            10,00;           216,50;00;            10,00;           216,50;             0,00;             0,00;             0,00;             0,00
0000049319;0002;MA0204D 01;8200543879 I;FARO LUZ INTERIOR;             3,00;         7.774,26;00;             3,00;         7.774,26;             0,00;             0,00;             0,00;             0,00
0000049319;0003;MA0218I 13;8200582009 I;DEFLECTOR ACEITE;             3,00;            74,37;00;             3,00;            74,37;             0,00;             0,00;             0,00;             0,00
0000049319;0004;MA0313C 04;8200416779 I;VARILLA COMANDO AP.PTA.;             3,00;            33,63;00;             3,00;            33,63;             0,00;             0,00;             0,00;             0,00
0000049319;0005;MA0905E 03;8200749659 I;COMANDO CLIMATIZACION;             2,00;       213.169,00;00;             2,00;       213.169,00;             0,00;             0,00;             0,00;             0,00
0000049319;0006;MA1102C 02;924000016R;TUBO ENTRADA BOMB FL;            32,00;           210,56;00;            32,00;           210,56;             0,00;             0,00;             0,00;             0,00
0000049320;0001;W1 12 5A;8200479380 I;TAPIZADO PUERTA DEL.IZQ.;             1,00;           326,56;00;             1,00;           326,56;             0,00;             0,00;             0,00;             0,00
0000049321;0001;D4 60 3A;8201149603 I;GRILLA SEPARADORA K67 ACC;             7,00;     1.024.079,28;00;             7,00;     1.024.079,28;             0,00;             0,00;             0,00;             0,00
0000049321;0002;SA0925B 02;8200545581 I;CORREA DE DISTRUBUCION;            99,00;         2.883,87;00;           100,00;         2.913,00;             1,00;             1,01;            29,13;            29,13
0000049321;0003;SA0937A 03;214815057R I;MOT GMV REFROIDIS;             2,00;        62.373,40;00;             2,00;        62.373,40;             0,00;             0,00;             0,00;             0,00
0000049321;0004;SA1005A 03;240140381S I;CABLE MONOBLOC X52;             5,00;       350.859,85;00;             5,00;       350.859,85;             0,00;             0,00;             0,00;             0,00
0000049321;0005;SA1011B 04;240183616V I;CABLAGE PLANCHE BORD HJDPH1;             1,00;       112.921,77;00;             1,00;       112.921,77;             0,00;             0,00;             0,00;             0,00
0000049321;0006;SA1106A 04;240184535V I;CABLAGE PLANCHE BORD HJDPH1;             1,00;       112.921,77;00;             1,00;       112.921,77;             0,00;             0,00;             0,00;             0,00
0000049322;0001;C107A 06;822349495R;MOLDURA PTA TRAS DER;             7,00;            34,30;00;             7,00;            34,30;             0,00;             0,00;             0,00;             0,00
0000049322;0002;C107C 05;82817JY01A I;EMBELLECEDOR;             2,00;             6,38;00;             2,00;             6,38;             0,00;             0,00;             0,00;             0,00
0000049323;0001;HA0720A 01;829A17112R I;GARNITURE PANNEAU;             2,00;        22.277,82;00;             2,00;        22.277,82;             0,00;             0,00;             0,00;             0,00
0000049324;0001;W1 05 4C;849934312R I;BARRE SEUIL PORTE COFFRE;             8,00;        10.587,20;00;            13,00;        17.204,20;             5,00;            62,50;         6.617,00;         6.617,00
0000049325;0001;SA0928A 01;751111891R I;LARGUERO DELANTERO PARTE DELANTERA IZQUI;             1,00;         2.301,46;00;             1,00;         2.301,46;             0,00;             0,00;             0,00;             0,00
0000049325;0002;SA1011A 04;240187451V I;CABLAGE PLANCHE BORD HJDPH1;             1,00;       111.607,23;00;             1,00;       111.607,23;             0,00;             0,00;             0,00;             0,00
0000049326;0001;MA0217D 02;628173670R I;GUIDE AIR INF G BOUCLIER AV B52;             2,00;        60.931,86;00;             2,00;        60.931,86;             0,00;             0,00;             0,00;             0,00
0000049326;0002;MA1206E 03;681041911R I;ENJOLIVEUR FACADE;             3,00;       158.052,21;00;             3,00;       158.052,21;             0,00;             0,00;             0,00;             0,00
0000049327;0001;W2 21 2A;745100288R I;TOLE PLANCHER AR ASS;             1,00;       155.351,67;00;             1,00;       155.351,67;             0,00;             0,00;             0,00;             0,00
0000049328;0001;D4 32 3G;260103933R I;PROYECTOR DELANTERO LED DER X52 PH2;            22,00;     3.332.818,06;00;            22,00;     3.332.818,06;             0,00;             0,00;             0,00;             0,00
0000049329;0001;HA0512D 01;638415599R I;PROTECTOR PRUED DL I NDU.;            27,00;       353.625,48;00;            27,00;       353.625,48;             0,00;             0,00;             0,00;             0,00
0000049329;0002;HA0512D 02;638415599R I;PROTECTOR PRUED DL I NDU.;            20,00;       261.944,80;00;            20,00;       261.944,80;             0,00;             0,00;             0,00;             0,00
0000049329;0003;HA0519C 01;638415599R I;PROTECTOR PRUED DL I NDU.;             3,00;        39.291,72;00;             3,00;        39.291,72;             0,00;             0,00;             0,00;             0,00
0000049329;0004;HA0628C 02;638415599R I;PROTECTOR PRUED DL I NDU.;            27,00;       353.625,48;00;            27,00;       353.625,48;             0,00;             0,00;             0,00;             0,00
0000049330;0001;W2 23 4B;200104026R I;DESCENSO ESCAPE  K7MKAI ESS;            44,00;       628.566,84;00;            44,00;       628.566,84;             0,00;             0,00;             0,00;             0,00
0000049330;0002;W2 27 7C;821011173R I;PUERTA;             5,00;     1.578.363,20;00;             5,00;     1.578.363,20;             0,00;             0,00;             0,00;             0,00
0000049331;0001;NE01 2402B;823004041R I;VITRE MOBILE PORTE AR D;            13,00;       137.278,57;00;            13,00;       137.278,57;             0,00;             0,00;             0,00;             0,00
0000049332;0001;D4 40 5C;850171472R I;PEAU DE BOUCLIER AR G;             5,00;       344.439,95;00;             5,00;       344.439,95;             0,00;             0,00;             0,00;             0,00
0000049332;0002;D4 44 1B;781407151R I;ELEMENTO SOPORTE;             1,00;         2.795,46;00;             1,00;         2.795,46;             0,00;             0,00;             0,00;             0,00
0000049332;0003;D4 44 8A;781416004R I;ELEMENTO SOPORTE;             5,00;         7.071,20;00;             5,00;         7.071,20;             0,00;             0,00;             0,00;             0,00
0000049332;0004;SA1026A 02;873510680R I;ARMATURE D COUSSIN SIEGE G 1ERE RNG;             1,00;        36.225,00;00;             1,00;        36.225,00;             0,00;             0,00;             0,00;             0,00
0000049332;0005;SA1113B 04;850426424R I;SUPPORT FEU AR G ASS;             2,00;         3.500,92;00;             2,00;         3.500,92;             0,00;             0,00;             0,00;             0,00
0000049332;0006;SA1130B 02;829A02267R I;GARNITURE PANNEAU PORTE AR D F62PH2;             6,00;        20.032,98;00;             6,00;        20.032,98;             0,00;             0,00;             0,00;             0,00
0000049332;0007;SA1133C 04;8201666921 I;AIR DEFLECTEUR  AVANT;             4,00;         1.464,52;00;             4,00;         1.464,52;             0,00;             0,00;             0,00;             0,00
0000049332;0008;SA1136C 04;850171472R I;PEAU DE BOUCLIER AR G;             1,00;        68.887,99;00;             1,00;        68.887,99;             0,00;             0,00;             0,00;             0,00
0000049332;0009;SA9 02B03;241102459R I;CABLAGE SOUS CAISSE;             2,00;        16.230,98;00;             2,00;        16.230,98;             0,00;             0,00;             0,00;             0,00
0000049332;0010;SA9 07B05;924541467R I;TUYAU ENTREE COMPRESSEUR;             1,00;        26.718,50;00;             1,00;        26.718,50;             0,00;             0,00;             0,00;             0,00
0000049333;0001;MA0316E 11;905069365R I;VARILLA COMANDO CERRADURA PORTON TRASE;           282,00;         7.738,08;00;           283,00;         7.765,52;             1,00;             0,35;            27,44;            27,44
0000049334;0001;C1 27 4C;908923299R I;MONOGRAMME AR;            19,00;         5.437,99;00;            19,00;         5.437,99;             0,00;             0,00;             0,00;             0,00
0000049334;0002;C102A 02;825035158R I;SERRURE PORTE AR G;             3,00;        13.862,10;00;             3,00;        13.862,10;             0,00;             0,00;             0,00;             0,00
0000049334;0003;C107D 16;8200434068 I;CAPTOR PM;             1,00;        20.398,13;00;             1,00;        20.398,13;             0,00;             0,00;             0,00;             0,00
0000049335;0001;NE01 1902A;727127804R I;PARABRISAS DELAN SIN SENSOR LLUVIA NM2;             2,00;       189.418,32;00;             2,00;       189.418,32;             0,00;             0,00;             0,00;             0,00
0000049335;0002;NE01 2304A;727127804R I;PARABRISAS DELAN SIN SENSOR LLUVIA NM2;             1,00;        94.709,16;00;             1,00;        94.709,16;             0,00;             0,00;             0,00;             0,00
0000049336;0001;HA0830A 02;829A13869R I;GARNITURE PANNEAU;             2,00;       386.034,64;00;             2,00;       386.034,64;             0,00;             0,00;             0,00;             0,00
0000049337;0001;W2 25 9A;849300140R I;INSONORISANT ROUE SECOURS;             1,00;           619,84;00;             1,00;           619,84;             0,00;             0,00;             0,00;             0,00
0000049338;0001;D4 61 1D;200104026R I;DESCENSO ESCAPE  K7MKAI ESS;            61,00;       871.422,21;00;            61,00;       871.422,21;             0,00;             0,00;             0,00;             0,00
0000049339;0001;D4 30 1G;8200448926;CUBIERTA TAPIZADA;            23,00;         3.446,32;00;            23,00;         3.446,32;             0,00;             0,00;             0,00;             0,00
0000049339;0002;D4 39 3E;8200448926;CUBIERTA TAPIZADA;            20,00;         2.996,80;00;            20,00;         2.996,80;             0,00;             0,00;             0,00;             0,00
0000049339;0003;D4 41 1F;8200448926;CUBIERTA TAPIZADA;            23,00;         3.446,32;00;            23,00;         3.446,32;             0,00;             0,00;             0,00;             0,00
0000049339;0004;SA0935F 01;260600631R I;PROJECTEUR G;             8,00;       279.784,88;00;             8,00;       279.784,88;             0,00;             0,00;             0,00;             0,00
0000049340;0001;D4 49 4B;7701474494 I;COLECC.VOLANTE MOTOR;             9,00;       860.861,25;00;             9,00;       860.861,25;             0,00;             0,00;             0,00;             0,00
0000049340;0002;D4 53 7C;7701474494 I;COLECC.VOLANTE MOTOR;             5,00;       478.256,25;00;             5,00;       478.256,25;             0,00;             0,00;             0,00;             0,00
0000049340;0003;D4 56 8A;260103366R I;PROJECTEUR HALOGENE D;             1,00;        18.336,33;00;             1,00;        18.336,33;             0,00;             0,00;             0,00;             0,00
0000049341;0001;MA0119E 04;7703043119 I;ECROU SERTIR M6X100 6 SA1GS;             4,00;           113,84;00;             4,00;           113,84;             0,00;             0,00;             0,00;             0,00
0000049341;0002;MA0119K 10;277221VA0A;CAPTA TEMP EXT    AK;             3,00;        24.211,23;00;             3,00;        24.211,23;             0,00;             0,00;             0,00;             0,00
0000049341;0003;MA0212B 05;277213AA0A;SEN ASSYSUN;             1,00;         8.186,21;00;             1,00;         8.186,21;             0,00;             0,00;             0,00;             0,00
0000049341;0004;MA1208B 02;306204JA0A;CILINDRO OPERACION EMBRAGUE;            74,00;     1.136.261,86;00;            74,00;     1.136.261,86;             0,00;             0,00;             0,00;             0,00
0000049341;0005;MB0206A 02;7703043119 I;ECROU SERTIR M6X100 6 SA1GS;         2.729,00;        77.667,34;00;         2.729,00;        77.667,34;             0,00;             0,00;             0,00;             0,00
0000049342;0001;XPINTURA01;295103540R I;BATERIA DE TRACCION BTDAN 1010;             1,00;       436.542,51;00;             1,00;       436.542,51;             0,00;             0,00;             0,00;             0,00
0000049343;0001;OM1503C 01;320102981R I;CAJA VELOCIDADES JR5*187;             2,00;       218.554,08;00;             2,00;       218.554,08;             0,00;             0,00;             0,00;             0,00
0000049344;0001;CE1618F 01;739105381R I;GUARNECIDO TECHO;             1,00;       169.655,46;00;             1,00;       169.655,46;             0,00;             0,00;             0,00;             0,00
0000049344;0002;NE02 0303B;765019912R;PIE MEDIO IZQ     FL;             3,00;           540,27;00;             3,00;           540,27;             0,00;             0,00;             0,00;             0,00
0000049344;0003;W1 01 2B;792606009R I;TABIQUE SEPARADOR izquierdo;             1,00;        17.337,22;00;             1,00;        17.337,22;             0,00;             0,00;             0,00;             0,00
0000049344;0004;W1 10 9D;403004479R I;LLANTA;             2,00;        37.725,80;00;             2,00;        37.725,80;             0,00;             0,00;             0,00;             0,00
0000049345;0001;D4 59 3B;488108382R I;COLUMNA DIRECCION KWID;             3,00;       803.690,58;00;             3,00;       803.690,58;             0,00;             0,00;             0,00;             0,00
0000049346;0001;CA0701A 02;7751473239 I;PORTON TRASERO;             1,00;        27.184,04;00;             1,00;        27.184,04;             0,00;             0,00;             0,00;             0,00
0000049346;0002;CE1509A 01;739105381R I;GUARNECIDO TECHO;             1,00;       169.655,46;00;             1,00;       169.655,46;             0,00;             0,00;             0,00;             0,00
0000049346;0003;CE1604D 01;791005JL0J;PANEL ASSY-BACK;             1,00;        24.096,68;00;             1,00;        24.096,68;             0,00;             0,00;             0,00;             0,00
0000049346;0004;W1 28 7A;7751478141 I;PUERTA TRASERA DER;             1,00;        15.706,78;00;             1,00;        15.706,78;             0,00;             0,00;             0,00;             0,00
0000049346;0005;W2 39 9A;678702192R I;TRAVERSE POSTE CONDUITE F62PH2;             2,00;        80.313,78;00;             2,00;        80.313,78;             0,00;             0,00;             0,00;             0,00
0000049346;0006;W2 42 5A;765019912R;PIE MEDIO IZQ     FL;             4,00;           720,36;00;             4,00;           720,36;             0,00;             0,00;             0,00;             0,00
0000049346;0007;W2 44 7A;765019912R;PIE MEDIO IZQ     FL;             3,00;           540,27;00;             3,00;           540,27;             0,00;             0,00;             0,00;             0,00
0000049346;0008;W2 44 8A;765019912R;PIE MEDIO IZQ     FL;             5,00;           900,45;00;             5,00;           900,45;             0,00;             0,00;             0,00;             0,00
0000049347;0001;NE01 1701A;727129664R I;VIDRIO PARABRISAS XHAPH1;             1,00;        37.303,16;00;             1,00;        37.303,16;             0,00;             0,00;             0,00;             0,00
0000049348;0001;NE01 0604A;727127047R I;COLEC LUNA DELT X62;             3,00;       527.041,98;00;             3,00;       527.041,98;             0,00;             0,00;             0,00;             0,00
0000049349;0001;D4 68 9B;873010421R I;ESTRUCTURA DE ASIENTO LADO DERECHO;             1,00;        38.789,77;00;             1,00;        38.789,77;             0,00;             0,00;             0,00;             0,00
0000049349;0002;D4 70 3C;876615JL2A;PAD ASSY-BACK,FRONT SEAT,LH;             4,00;       174.256,60;00;             4,00;       174.256,60;             0,00;             0,00;             0,00;             0,00
0000049349;0003;SA0821A 03;828766135R I;BANDEAU LATERAL PUERTA TRA DER KWID OUT;             1,00;        18.523,59;00;             9,00;       166.712,31;             8,00;           800,00;       148.188,72;       148.188,72
0000049349;0004;SA0833B 01;200104727R I;LIGNE ECHAPPEMENT RECHANGE;             8,00;        32.624,08;00;             8,00;        32.624,08;             0,00;             0,00;             0,00;             0,00
0000049349;0005;SA0833B 04;269B65694R I;COLLECTION SP FEU BRLRD AR SUR BCLR AR;            10,00;        30.450,00;00;            10,00;        30.450,00;             0,00;             0,00;             0,00;             0,00
0000049349;0006;SA0925A 03;265553806R I;FEU COMBINE AR G;             7,00;       266.239,47;00;             7,00;       266.239,47;             0,00;             0,00;             0,00;             0,00
0000049349;0007;SA1005C 03;241D82978R I;COLLECTION CABLAGE ATTELAGE AXS APV;            10,00;       115.236,50;00;            10,00;       115.236,50;             0,00;             0,00;             0,00;             0,00
0000049349;0008;SA1102B 02;876615JL2A;PAD ASSY-BACK,FRONT SEAT,LH;             1,00;        43.564,15;00;             1,00;        43.564,15;             0,00;             0,00;             0,00;             0,00
0000049349;0009;SA1120A 01;205474923R I;PANTALLA TERMICA DE TUNEL;             2,00;        12.008,62;00;             2,00;        12.008,62;             0,00;             0,00;             0,00;             0,00
0000049349;0010;SA1134C 04;829A08198R I;GARNITURE PANNEAU PORTE AR D HHA;             1,00;        16.024,21;00;             1,00;        16.024,21;             0,00;             0,00;             0,00;             0,00
0000049349;0011;SA1138C 04;341017478R I;PALANCA DE VELOCIDAD XJDPH1;             5,00;        27.365,35;00;             5,00;        27.365,35;             0,00;             0,00;             0,00;             0,00
0000049349;0012;SA9 05C05;341041206R I;UNIDAD DE CONTROL DE VELOCIDAD;             2,00;        34.188,76;00;             2,00;        34.188,76;             0,00;             0,00;             0,00;             0,00
0000049349;0013;SA9 07C03;8200022224 I;TRAVESANO TRASERO;             2,00;           522,76;00;             2,00;           522,76;             0,00;             0,00;             0,00;             0,00
0000049350;0001;MA0202D 03;255201926R I;BOUTON COMMANDE VERROUILLAGE PARKING;             3,00;        74.827,26;00;             3,00;        74.827,26;             0,00;             0,00;             0,00;             0,00
0000049350;0002;MA0216I 16;286206215R I;POMPE L/PBR B/P MONO-DIRECTIONNELLE;             1,00;        76.802,74;00;             1,00;        76.802,74;             0,00;             0,00;             0,00;             0,00
0000049350;0003;MA0220K 06;289740443R I;TUYAU LAVE-LUNETTE EQP;             4,00;         6.845,36;00;             4,00;         6.845,36;             0,00;             0,00;             0,00;             0,00
0000049350;0004;MA0405A 05;112205MZ0A I;INSUL ASSY-MOTOR MTG,FR LH;             4,00;        26.824,00;00;             4,00;        26.824,00;             0,00;             0,00;             0,00;             0,00
0000049350;0005;MA0907D 02;8201628521 I;PROTECCION BAUL;             5,00;         3.636,85;00;             5,00;         3.636,85;             0,00;             0,00;             0,00;             0,00
0000049350;0006;MA1201B 01;248108959R I;GRUPO INSTRUMENTOS E1;             5,00;         6.653,15;00;             5,00;         6.653,15;             0,00;             0,00;             0,00;             0,00
0000049351;0001;NE01 2802B;903000036R I;LUNETA TRASERA;             2,00;       165.194,10;00;             2,00;       165.194,10;             0,00;             0,00;             0,00;             0,00
0000049352;0001;HA0925B 02;26025JY40A I;PROYECTOR DERECHO;             1,00;        68.414,51;00;             1,00;        68.414,51;             0,00;             0,00;             0,00;             0,00
0000049353;0001;C214A 03;3N3M25JH00;ALARMA            AK;             1,00;             0,00;00;             1,00;             0,00;             0,00;             0,00;             0,00;             0,00
0000049354;0001;D4 56 1D;8200447954;GUARN EST DL D S4-C4;             8,00;            43,44;00;             8,00;            43,44;             0,00;             0,00;             0,00;             0,00
0000049355;0001;MA0103C 07;487003JA0B;BLOQUEO COLUMNA DIRECCION AK;             3,00;        46.190,01;00;             3,00;        46.190,01;             0,00;             0,00;             0,00;             0,00
0000049355;0002;MA0109F 07;7700412158 I;PLAQUETA REFUERZO GUARDAB;            11,00;            57,86;00;            11,00;            57,86;             0,00;             0,00;             0,00;             0,00
0000049355;0003;MA0119E 05;625447987R I;JUNTA  GUARDABARRO;             1,00;            46,03;00;             1,00;            46,03;             0,00;             0,00;             0,00;             0,00
0000049355;0004;MA0206F 07;7701054752 I;CRISTAL RETRO.IZQ;             2,00;         5.553,28;00;             2,00;         5.553,28;             0,00;             0,00;             0,00;             0,00
0000049355;0005;MA0210A 04;7701407066 I;ABRAZADERA 40-->60;           150,00;         6.739,50;00;           150,00;         6.739,50;             0,00;             0,00;             0,00;             0,00
0000049355;0006;MA0212C 14;625447987R I;JUNTA  GUARDABARRO;             3,00;           138,09;00;             3,00;           138,09;             0,00;             0,00;             0,00;             0,00
0000049355;0007;MA0301B 06;625447987R I;JUNTA  GUARDABARRO;             1,00;            46,03;00;             1,00;            46,03;             0,00;             0,00;             0,00;             0,00
0000049355;0008;MA0406E 05;7711381711 I;HERRAMIENTA MOT.1711;             1,00;         3.902,02;00;             1,00;         3.902,02;             0,00;             0,00;             0,00;             0,00
0000049355;0009;MA0408A 01;402023273R I;DISCO FRENO TRASERO;             2,00;        24.250,82;00;             2,00;        24.250,82;             0,00;             0,00;             0,00;             0,00
0000049355;0010;MA0415A 04;6001546879 I;ARTICULACION CAPOT IZQ;             1,00;         5.000,08;00;             1,00;         5.000,08;             0,00;             0,00;             0,00;             0,00
0000049355;0011;MA0520B 06;7701477344 I;COLECC ENTRENAM ACESS;             1,00;        14.023,95;00;             1,00;        14.023,95;             0,00;             0,00;             0,00;             0,00
0000049355;0012;MA0716E 06;6001546879 I;ARTICULACION CAPOT IZQ;             2,00;        10.000,16;00;             2,00;        10.000,16;             0,00;             0,00;             0,00;             0,00
0000049355;0013;MA0719D 01;7701477344 I;COLECC ENTRENAM ACESS;             2,00;        28.047,90;00;             2,00;        28.047,90;             0,00;             0,00;             0,00;             0,00
0000049355;0014;MA0915E 01;7701064228 I;CONMUTADOR LIMPIAPARABRIS;             2,00;           374,04;00;             2,00;           374,04;             0,00;             0,00;             0,00;             0,00
0000049356;0001;D4 58 7A;7700313764 I;TUBO DE LLENADO TANQUE;             3,00;        97.831,44;00;             3,00;        97.831,44;             0,00;             0,00;             0,00;             0,00
0000049356;0002;D4 62 7A;738868266R I;SOPORTE BARRA TECHO;            10,00;        41.089,70;00;            10,00;        41.089,70;             0,00;             0,00;             0,00;             0,00
0000049356;0003;D4 66 3C;63842JY00A I;PASARUEDA DEL DER;             3,00;        20.423,79;00;             3,00;        20.423,79;             0,00;             0,00;             0,00;             0,00
0000049356;0004;D4 7010B;403004361R I;LLANTA CHAPA 6 1/2 J16 H2 5 50;             3,00;        23.286,42;00;             2,00;        15.524,28;-             1,00;            33,33;-         7.762,14;         7.762,14
0000049356;0005;SA0837A 04;484004265R I;VOLANTE DIRECCION X38;             2,00;         7.432,24;00;             2,00;         7.432,24;             0,00;             0,00;             0,00;             0,00
0000049356;0006;SA0923A 04;545016412R I;BRAZO INFERIOR DELANTERO IZQUIERDO;             2,00;         2.501,10;00;             2,00;         2.501,10;             0,00;             0,00;             0,00;             0,00
0000049356;0007;SA0933B 01;7700304777 I;PANEL PTA.LATERAL CORRED.;             5,00;           181,10;00;             4,00;           144,88;-             1,00;            20,00;-            36,22;            36,22
0000049357;0001;W1 08 4A;755110120R I;LONGERON AR G ASS;             1,00;       130.282,62;00;             1,00;       130.282,62;             0,00;             0,00;             0,00;             0,00
0000049357;0002;W1 34 8A;625304498R I;TRAVERSE RADIATEUR ASS;             2,00;        12.986,92;00;             2,00;        12.986,92;             0,00;             0,00;             0,00;             0,00
0000049357;0003;W2 31 7A;7700302712 I;TANQUE COMBUSTIBLE DIE;             2,00;       227.547,76;00;             2,00;       227.547,76;             0,00;             0,00;             0,00;             0,00
0000049358;0001;D4 65 3D;760604858R I;PEAU COTE CAISSE D PARTIE AR ASS;             1,00;        81.898,80;00;             1,00;        81.898,80;             0,00;             0,00;             0,00;             0,00
0000049359;0001;C1 25 2C;788654JK0A;PROTECTOR PIEDRA, TRASERO IZQ;             2,00;         8.679,10;00;             2,00;         8.679,10;             0,00;             0,00;             0,00;             0,00
0000049359;0002;C104C 04;8200239321 I;BUJIA ENCENDIDO L7X;            33,00;       202.455,66;00;            33,00;       202.455,66;             0,00;             0,00;             0,00;             0,00
0000049359;0003;C304D 01;7711818685;CHOMBA NEW EMBLEM 2021 BLANCO H T:XL;           191,00;     1.518.205,52;00;           191,00;     1.518.205,52;             0,00;             0,00;             0,00;             0,00
0000049360;0001;CA0618A 02;829018911R I;GARNITURE PANNEAU PORTE AR G;             1,00;         7.561,32;00;             1,00;         7.561,32;             0,00;             0,00;             0,00;             0,00
0000049360;0002;W1 13 4A;791206530R I;CLOISON SEPARATION  D;             2,00;        56.296,08;00;             2,00;        56.296,08;             0,00;             0,00;             0,00;             0,00
0000049361;0001;MA0115N 03;91317JY00A I;SOPORTE;             1,00;           361,89;00;             1,00;           361,89;             0,00;             0,00;             0,00;             0,00
0000049361;0002;MA0212C 04;827202403R I;LEVE-VITRE ELECTRIQUE AR D B90-H79;             1,00;        68.308,86;00;             1,00;        68.308,86;             0,00;             0,00;             0,00;             0,00
0000049361;0003;MA0218B 04;888521373R I;ENGANCHE CINTURON;             2,00;        12.108,38;00;             2,00;        12.108,38;             0,00;             0,00;             0,00;             0,00
0000049361;0004;MA0220A 15;8200868839 I;ETIQUETA GENERAL;             4,00;            84,12;00;             4,00;            84,12;             0,00;             0,00;             0,00;             0,00
0000049361;0005;MA0405B 06;827202403R I;LEVE-VITRE ELECTRIQUE AR D B90-H79;             1,00;        68.308,86;00;             1,00;        68.308,86;             0,00;             0,00;             0,00;             0,00
0000049361;0006;MA0406A 03;8200111551 I;ARBOL PRIMARIO JB3;             1,00;         6.985,68;00;             1,00;         6.985,68;             0,00;             0,00;             0,00;             0,00
0000049361;0007;MA0414E 03;476605838R I;BLOC HYDRAULIQUE ABS;             3,00;       788.926,56;00;             3,00;       788.926,56;             0,00;             0,00;             0,00;             0,00
0000049361;0008;MA0415D 06;294A02888R I;BOX-JUNC,PULLBAT ;             2,00;        84.248,88;00;             2,00;        84.248,88;             0,00;             0,00;             0,00;             0,00
0000049361;0009;MA0702E 01;8200216462 I;COMANDO SOBRE VOLANTE;             2,00;       104.790,40;00;             2,00;       104.790,40;             0,00;             0,00;             0,00;             0,00
0000049361;0010;MA0907A 04;8200520781 I;PROTECTOR MOTOR;             1,00;         1.594,78;00;             1,00;         1.594,78;             0,00;             0,00;             0,00;             0,00
0000049361;0011;MA1005A 01;8200419428 I;TUBO EMBRAGUE;             1,00;        10.054,98;00;             1,00;        10.054,98;             0,00;             0,00;             0,00;             0,00
0000049362;0001;D4 3411C;484305JW7A;VOLANTE S M BOLS AIR;             4,00;     2.318.761,64;00;             4,00;     2.318.761,64;             0,00;             0,00;             0,00;             0,00
0000049362;0002;D4 4512C;823307800R I;COULISSE VITRE AR D HHA;             1,00;         7.831,29;00;             1,00;         7.831,29;             0,00;             0,00;             0,00;             0,00
0000049362;0003;D4 51 3C;8200410267 I;TAMPON HYDRO-ELAS;            16,00;       154.639,04;00;            16,00;       154.639,04;             0,00;             0,00;             0,00;             0,00
0000049362;0004;SA0827B 04;873115JL0A;PAD ASSY-CUSHION,FRONT SEAT;             1,00;         6.053,55;00;             1,00;         6.053,55;             0,00;             0,00;             0,00;             0,00
0000049362;0005;SA0829B 02;82821JY00A I;BURLETE VIDRIO TRAS IZQ;             6,00;        14.003,64;00;             6,00;        14.003,64;             0,00;             0,00;             0,00;             0,00
0000049362;0006;SA0831A 02;8200785399 I;COMANDO DE CAJA X90-X79;             8,00;         5.067,84;00;             8,00;         5.067,84;             0,00;             0,00;             0,00;             0,00
0000049363;0001;D4 50 1D;265505583R I;FEU AR D;            12,00;        83.927,64;00;            12,00;        83.927,64;             0,00;             0,00;             0,00;             0,00
0000049364;0001;MA0201C 06;562105733R I;AMORTISSEUR AR;             6,00;       201.406,98;00;             6,00;       201.406,98;             0,00;             0,00;             0,00;             0,00
0000049364;0002;MA0204D 07;620402220R I;BOX ASSY-FR RH SHOCK ABS;             1,00;        16.607,10;00;             1,00;        16.607,10;             0,00;             0,00;             0,00;             0,00
0000049364;0003;MA0206D 10;497174JA0C;MANGUERA SUCCION SERVODIRECCION;             2,00;         6.709,24;00;             2,00;         6.709,24;             0,00;             0,00;             0,00;             0,00
0000049364;0004;MA0208F 05;6001547523 I;ESPEJO RETROVISOR;             1,00;         1.128,57;00;             1,00;         1.128,57;             0,00;             0,00;             0,00;             0,00
0000049364;0005;MA1209A 02;7700300585 I;MANGUERA;             1,00;        10.790,82;00;             1,00;        10.790,82;             0,00;             0,00;             0,00;             0,00
0000049365;0001;D4 40 2C;7700300585 I;MANGUERA;             1,00;        10.790,82;00;             1,00;        10.790,82;             0,00;             0,00;             0,00;             0,00
0000049365;0002;SA9 09C01;497264JA6A;TUBO RETORNO SERVORIRECCION U60;             3,00;         5.130,12;00;             3,00;         5.130,12;             0,00;             0,00;             0,00;             0,00
0000049365;0003;SA9 09C03;638444133R I;ECRAN PASSAGE ROUE AV D PARTIE AV;             5,00;        25.904,45;00;             5,00;        25.904,45;             0,00;             0,00;             0,00;             0,00
0000049365;0004;SA9 15C03;747610994R I;ECRAN THERMIQUE RESERVOIR F62PH2;             6,00;         2.663,88;00;             6,00;         2.663,88;             0,00;             0,00;             0,00;             0,00
0000049366;0001;CA0719A 02;625108157R I;TRAVESANOS FRONTALES L43;             2,00;        21.057,68;00;             2,00;        21.057,68;             0,00;             0,00;             0,00;             0,00
0000049367;0001;D4 61 2C;732101789R I;BARRE TOIT TRSV;             6,00;        74.294,34;00;             6,00;        74.294,34;             0,00;             0,00;             0,00;             0,00
0000049368;0001;HA0625C 01;8660005379 I;PARRILLA DE SUSP CLIO II MOTRIO DER;             0,00;             0,00;00;           100,00;     1.870.733,00;           100,00;           999,99;     1.870.733,00;     1.870.733,00
0000049369;0001;MA0218I 05;808326884R I;BURLETE SELLADOR DE PUERTA DEL IZQ;             0,00;             0,00;00;             1,00;        61.057,20;             1,00;           999,99;        61.057,20;        61.057,20
0000049369;0002;MA0105E 15;623837627R I;MOLDURA SUPERIOR DER GRILLA X67;             0,00;             0,00;00;             7,00;        59.232,46;             7,00;           999,99;        59.232,46;        59.232,46
0000049370;0001;W2 09 5C;403002664R I;LLANTA CHAPA VENT NEGRA R14 XBA;            27,00;       113.856,57;00;            27,00;       113.856,57;             0,00;             0,00;             0,00;             0,00
0000049370;0002;W2 33 3D;801001400R I;PUERTA DELANTERA DERECHA HHA CAPTUR;             4,00;       518.538,60;00;             4,00;       518.538,60;             0,00;             0,00;             0,00;             0,00
0000049371;0001;HA0602E 01;403151796R I;TAZA DE RUEDA R15 BL52;            84,00;       319.147,92;00;            76,00;       288.752,88;-             8,00;             9,52;-        30.395,04;        30.395,04
0000049371;0002;HA0621E 02;788A37389R I;ZOCALO GUARDABARRO TRAS IZQ;             3,00;        60.799,35;00;             3,00;        60.799,35;             0,00;             0,00;             0,00;             0,00
0000049371;0003;HA0625C 01;8660005379 I;PARRILLA DE SUSP CLIO II MOTRIO DER;           100,00;     1.870.733,00;00;           100,00;     1.870.733,00;             0,00;             0,00;             0,00;             0,00
0000049371;0004;HA0701B 02;788A37389R I;ZOCALO GUARDABARRO TRAS IZQ;            27,00;       547.194,15;00;            27,00;       547.194,15;             0,00;             0,00;             0,00;             0,00
0000049372;0001;MA0207A 11;288814104R I;BRAS ESSUIE PARE-;             6,00;        47.815,68;00;             6,00;        47.815,68;             0,00;             0,00;             0,00;             0,00
0000049372;0002;MA0307B 04;799651800R I;FIJ.CORDON BANDEJ;           216,00;         6.097,68;00;           216,00;         6.097,68;             0,00;             0,00;             0,00;             0,00
0000049372;0003;MA0316E 03;132260507R I;KIT VÁLVULA ADMISIÓN x8 H4M;            17,00;       320.968,67;00;            17,00;       320.968,67;             0,00;             0,00;             0,00;             0,00
0000049372;0004;MA0404E 01;132260507R I;KIT VÁLVULA ADMISIÓN x8 H4M;            17,00;       320.968,67;00;            17,00;       320.968,67;             0,00;             0,00;             0,00;             0,00
0000049372;0005;MA0817D 03;622223551R I;SOPORTE DELANTERO PARAGOLPES XJF, X52;            35,00;        55.249,25;00;            35,00;        55.249,25;             0,00;             0,00;             0,00;             0,00
0000049372;0006;MA0910A 03;7700314855 I;COJINETE ELASTICO BARRA;            54,00;       264.025,98;00;            54,00;       264.025,98;             0,00;             0,00;             0,00;             0,00
0000049372;0007;MA1106D 01;132260507R I;KIT VÁLVULA ADMISIÓN x8 H4M;             9,00;       169.924,59;00;             9,00;       169.924,59;             0,00;             0,00;             0,00;             0,00
0000049372;0008;MA1206A 01;620240926R I;ELEMENT FRMT D;             5,00;         7.945,90;00;             5,00;         7.945,90;             0,00;             0,00;             0,00;             0,00
0000049372;0009;MB0207A 05;7700314855 I;COJINETE ELASTICO BARRA;            85,00;       415.596,45;00;            85,00;       415.596,45;             0,00;             0,00;             0,00;             0,00
0000049373;0001;D4 68 7C;214867101R I;GROUPE MOTOVENTILATEUR  RFRT MOTEUR;             8,00;       594.479,28;00;             8,00;       594.479,28;             0,00;             0,00;             0,00;             0,00
0000049373;0002;NE03 0701B;8200763659 I;EMBELLEC LLANTA SALSA;           188,00;       275.203,80;00;           188,00;       275.203,80;             0,00;             0,00;             0,00;             0,00
0000049373;0003;NE03 2201A;8200833541 I;CORREA ACCESORIOS;           392,00;     3.554.997,04;00;           392,00;     3.554.997,04;             0,00;             0,00;             0,00;             0,00
0000049373;0004;NE03 3301A;562100449R I;AMORTIGUADOR TRASERO U79 4X2;            37,00;     1.530.426,19;00;            37,00;     1.530.426,19;             0,00;             0,00;             0,00;             0,00
0000049373;0005;SA0928C 04;781145587R I;GOUTTIERE LAT AR D ASS;             2,00;        29.361,34;00;             2,00;        29.361,34;             0,00;             0,00;             0,00;             0,00
0000049373;0006;SA1040B 03;214867101R I;GROUPE MOTOVENTILATEUR  RFRT MOTEUR;             1,00;        74.309,91;00;             1,00;        74.309,91;             0,00;             0,00;             0,00;             0,00
0000049373;0007;SA1120C 02;214867101R I;GROUPE MOTOVENTILATEUR  RFRT MOTEUR;             3,00;       222.929,73;00;             3,00;       222.929,73;             0,00;             0,00;             0,00;             0,00
0000049373;0008;SA1123C 04;261A38948R I;ENJOLIVEUR PROJECTEUR BROUILLARD G;             2,00;        11.762,50;00;             2,00;        11.762,50;             0,00;             0,00;             0,00;             0,00
0000049373;0009;SA1127B 02;562100449R I;AMORTIGUADOR TRASERO U79 4X2;             3,00;       124.088,61;00;             3,00;       124.088,61;             0,00;             0,00;             0,00;             0,00
0000049374;0001;HA0710A 01;403151796R I;TAZA DE RUEDA R15 BL52;            35,00;       132.978,30;00;            43,00;       163.373,34;             8,00;            22,86;        30.395,04;        30.395,04
0000049374;0002;HA0816B 01;403151796R I;TAZA DE RUEDA R15 BL52;            38,00;       144.376,44;00;            38,00;       144.376,44;             0,00;             0,00;             0,00;             0,00
0000049374;0003;HA0832A 01;788A37389R I;ZOCALO GUARDABARRO TRAS IZQ;            10,00;       202.664,50;00;            10,00;       202.664,50;             0,00;             0,00;             0,00;             0,00
0000049374;0004;HA0911B 01;403151796R I;TAZA DE RUEDA R15 BL52;            74,00;       281.154,12;00;            74,00;       281.154,12;             0,00;             0,00;             0,00;             0,00
0000049374;0005;HA0915A 02;638132298R I;MOLDURA GUARDABARRO DELANTERO IZQ KWID;             9,00;        99.344,97;00;             9,00;        99.344,97;             0,00;             0,00;             0,00;             0,00
0000049375;0001;G2 01 7P;620224832R I;Paragolpe delantero Kwid PH2;            78,00;     1.927.322,28;00;            78,00;     1.927.322,28;             0,00;             0,00;             0,00;             0,00
0000049376;0001;SE07 09P;801012479R I;PUERTA DELANTERA IZQUIERDA BL52;            88,00;     8.156.800,08;00;            88,00;     8.156.800,08;             0,00;             0,00;             0,00;             0,00
0000049376;0002;W1 23 5A;631016912R I;GUARDABARRO DELANTERO IZQ CAPTUR;             7,00;       210.595,21;00;             7,00;       210.595,21;             0,00;             0,00;             0,00;             0,00
0000049376;0003;W1 30 2A;631016912R I;GUARDABARRO DELANTERO IZQ CAPTUR;            10,00;       300.850,30;00;            10,00;       300.850,30;             0,00;             0,00;             0,00;             0,00
0000049376;0004;W2 39 6A;801001400R I;PUERTA DELANTERA DERECHA HHA CAPTUR;             2,00;       259.269,30;00;             2,00;       259.269,30;             0,00;             0,00;             0,00;             0,00
0000049377;0001;D4 61 9C;764199511R I;ELARGISSEUR BAVOLET G B52;             3,00;        59.122,80;00;             3,00;        59.122,80;             0,00;             0,00;             0,00;             0,00
0000049378;0001;D4 57 3E;764199511R I;ELARGISSEUR BAVOLET G B52;            25,00;       492.690,00;00;            25,00;       492.690,00;             0,00;             0,00;             0,00;             0,00
0000049378;0002;D4 65 1E;764199511R I;ELARGISSEUR BAVOLET G B52;             7,00;       137.953,20;00;             7,00;       137.953,20;             0,00;             0,00;             0,00;             0,00
0000049379;0001;C101A 04;8200484897 I;MONOGRAMA TRASERO RENAULT;            13,00;       411.048,69;00;            13,00;       411.048,69;             0,00;             0,00;             0,00;             0,00
0000049379;0002;C714A 01;7711818850;MOCHILA RENAULT EMBLEMA;           199,00;    11.891.145,50;00;           199,00;    11.891.145,50;             0,00;             0,00;             0,00;             0,00
0000049380;0001;MA0214B 14;479006272R I;CAPTOR VELOCIDADES ABS X52;             1,00;        15.790,91;00;             1,00;        15.790,91;             0,00;             0,00;             0,00;             0,00
0000049380;0002;MA0217A 11;963660166R I;VIDRIO ESPEJO RETROVISOR IZQ X52;             3,00;        17.714,58;00;             3,00;        17.714,58;             0,00;             0,00;             0,00;             0,00
0000049380;0003;MA0415E 02;7700400204 I;MOLDURA PARABRISAS;             1,00;         2.249,43;00;             1,00;         2.249,43;             0,00;             0,00;             0,00;             0,00
0000049380;0004;MA0505C 01;963660166R I;VIDRIO ESPEJO RETROVISOR IZQ X52;            11,00;        64.953,46;00;            11,00;        64.953,46;             0,00;             0,00;             0,00;             0,00
0000049380;0005;MA0619D 01;859322351R I;EMBELLECEDOR LATERAL DER PARAGOL TRAS;             5,00;       363.553,75;00;             5,00;       363.553,75;             0,00;             0,00;             0,00;             0,00
0000049380;0006;MA0716A 04;8201755822 I;KIT CABLEADO ANTINIEBLA HJF E2-E3;            29,00;     2.719.593,03;00;            29,00;     2.719.593,03;             0,00;             0,00;             0,00;             0,00
0000049380;0007;MA0716C 04;8201755822 I;KIT CABLEADO ANTINIEBLA HJF E2-E3;             5,00;       468.895,35;00;             6,00;       562.674,42;             1,00;            20,00;        93.779,07;        93.779,07
0000049380;0008;MA0716E 03;8201755822 I;KIT CABLEADO ANTINIEBLA HJF E2-E3;            30,00;     2.813.372,10;00;            30,00;     2.813.372,10;             0,00;             0,00;             0,00;             0,00
0000049380;0009;MA0720C 06;8201755822 I;KIT CABLEADO ANTINIEBLA HJF E2-E3;            35,00;     3.282.267,45;00;            35,00;     3.282.267,45;             0,00;             0,00;             0,00;             0,00
0000049380;0010;MA0908A 02;8201743448 I;BRACKET 1;             8,00;        29.021,04;00;             8,00;        29.021,04;             0,00;             0,00;             0,00;             0,00
0000049380;0011;MA1201B 02;805015JJ0A;BLOQUEO Y CONTROL REMOTO-PUERTA DELANTER;             4,00;        27.175,16;00;             4,00;        27.175,16;             0,00;             0,00;             0,00;             0,00
0000049380;0012;MB0209B 01;850B48138R I;MOLDURA PARAGOLPE TRASERO OROCH;            14,00;       322.812,84;00;            14,00;       322.812,84;             0,00;             0,00;             0,00;             0,00
0000049380;0013;MB0212A 01;963025898R I;RETROVISEUR EXT G ELCT;             2,00;        44.680,32;00;             2,00;        44.680,32;             0,00;             0,00;             0,00;             0,00
0000049381;0001;NE03 3201A;930454259R I;EMBEL VOL EXT CTR OR;            49,00;       755.161,54;00;            51,00;       785.984,46;             2,00;             4,08;        30.822,92;        30.822,92
0000049381;0002;SA0922C 01;8200672360 I; ABSORVEDOR VAPORES;            19,00;     1.249.124,22;00;            19,00;     1.249.124,22;             0,00;             0,00;             0,00;             0,00
0000049381;0003;SA0932A 04;7782078427 I;PASARRUEDA INT.DER.;             4,00;        13.816,40;00;             4,00;        13.816,40;             0,00;             0,00;             0,00;             0,00
0000049381;0004;SA1010A 02;963025898R I;RETROVISEUR EXT G ELCT;             8,00;       178.721,28;00;             8,00;       178.721,28;             0,00;             0,00;             0,00;             0,00
0000049381;0005;SA1104B 04;963748240R I;COQUILLE RTRV EXT D (pap);            17,00;       175.441,02;00;            17,00;       175.441,02;             0,00;             0,00;             0,00;             0,00
0000049381;0006;SA1110C 03;6001550441 I;COLLECC.ROTULA AXIAL;            10,00;       104.139,40;00;            10,00;       104.139,40;             0,00;             0,00;             0,00;             0,00
0000049381;0007;SA1119C 02;850762644R I;ELARGISSEUR BOUCLIER AR D;             3,00;        26.132,91;00;             3,00;        26.132,91;             0,00;             0,00;             0,00;             0,00
0000049381;0008;SA9 09B04;7751700913 I;LARGUERO DELANTERO IZQ.DE;             3,00;        23.461,98;00;             3,00;        23.461,98;             0,00;             0,00;             0,00;             0,00
0000049381;0009;SA9 11B02;825025967R I;LOCK-ELEC,RR RH DOOR X79;            36,00;        13.131,00;00;            36,00;        13.131,00;             0,00;             0,00;             0,00;             0,00
0000049382;0001;HA0603E 02;921001908R I;CONDENSADOR X79-HJD-X52-XHA-X67;            14,00;     1.006.344,22;00;            14,00;     1.006.344,22;             0,00;             0,00;             0,00;             0,00
0000049382;0002;HA0625B 01;850B48138R I;MOLDURA PARAGOLPE TRASERO OROCH;            18,00;       415.045,08;00;            18,00;       415.045,08;             0,00;             0,00;             0,00;             0,00
0000049383;0001;C216C 02;479006272R I;CAPTOR VELOCIDADES ABS X52;             8,00;       126.327,28;00;             5,00;        78.954,55;-             3,00;            37,50;-        47.372,73;        47.372,73
0000049383;0002;C3 07A 01;985259554R I;AIR BAG PASAJERO X67;             4,00;       868.339,24;00;             4,00;       868.339,24;             0,00;             0,00;             0,00;             0,00
0000049384;0001;NE01 0401B;823016015R I;WDW-MOBILE, RR LH DOOR;            27,00;       520.005,42;00;            27,00;       520.005,42;             0,00;             0,00;             0,00;             0,00
0000049384;0002;NE01 0601E;823016317R I;VITRE MOBILE PORTE AR G;            11,00;       113.335,20;00;            11,00;       113.335,20;             0,00;             0,00;             0,00;             0,00
0000049384;0003;NE01 0602B;823016015R I;WDW-MOBILE, RR LH DOOR;            29,00;       558.524,34;00;            29,00;       558.524,34;             0,00;             0,00;             0,00;             0,00
0000049385;0001;NE01 2303B;823016317R I;VITRE MOBILE PORTE AR G;            25,00;       257.580,00;00;            25,00;       257.580,00;             0,00;             0,00;             0,00;             0,00
0000049386;0001;D4 53 5D;808650013R I;FEUILLE ETANCHEITE PORTE AV G F62PH2;             4,00;           730,16;00;             4,00;           730,16;             0,00;             0,00;             0,00;             0,00
0000049387;0001;MA0117I 13;326051297R I;MAZA SINCONIZADORA 3RA 4TA 5TA CAJA SG1;             1,00;           507,64;00;             1,00;           507,64;             0,00;             0,00;             0,00;             0,00
0000049387;0002;MA0117J 10;115607698R I;GICLEUR REFROIDISSEMENT FOND PISTON ;             3,00;         1.905,87;00;             3,00;         1.905,87;             0,00;             0,00;             0,00;             0,00
0000049387;0003;MA0117J 13;255700688R I;COMMANDE RTRV EXT;             1,00;        19.747,55;00;             1,00;        19.747,55;             0,00;             0,00;             0,00;             0,00
0000049387;0004;MA0117N 12;7701048702 I;OBTURADOR;             2,00;         1.875,62;00;             2,00;         1.875,62;             0,00;             0,00;             0,00;             0,00
0000049387;0005;MA0204E 10;132035317R I;SOPAPA VALVULA ESCAPE;            16,00;         1.400,00;00;            16,00;         1.400,00;             0,00;             0,00;             0,00;             0,00
0000049387;0006;MA0204E 11;768B07479R I;ISOLANT EXTRACTEUR AIR;             1,00;           622,32;00;             1,00;           622,32;             0,00;             0,00;             0,00;             0,00
0000049387;0007;MA0205A 08;7700310394 I;CALCE BISAGRA PTA.DEL.IZQ;             1,00;             0,00;00;             1,00;             0,00;             0,00;             0,00;             0,00;             0,00
0000049387;0008;MA0205E 03;0124101051 I;TUERCA RESORTE;             1,00;           545,92;00;             1,00;           545,92;             0,00;             0,00;             0,00;             0,00
0000049387;0009;MA0205E 09;7701057563 I;DETENDEUR;             1,00;         8.677,90;00;             1,00;         8.677,90;             0,00;             0,00;             0,00;             0,00
0000049387;0010;MA0205E 10;284429992R I;CAMERA AIDE STATIONNEMENT ASS;             2,00;        13.107,64;00;             2,00;        13.107,64;             0,00;             0,00;             0,00;             0,00
0000049387;0011;MA0207C 05;656017752R I;SERRURE CAPOT F62PH2;             2,00;         4.368,92;00;             2,00;         4.368,92;             0,00;             0,00;             0,00;             0,00
0000049387;0012;MA0207C 09;254503TA0A;COMANDO APERT TEC AK;             2,00;        11.219,76;00;             2,00;        11.219,76;             0,00;             0,00;             0,00;             0,00
0000049387;0013;MA0218E 08;493457251R I;JUNTA TORICA;            19,00;        18.003,07;00;            19,00;        18.003,07;             0,00;             0,00;             0,00;             0,00
0000049387;0014;MA0219C 12;255354363R I;INTERRUPTEUR 4X4;             1,00;         1.170,62;00;             1,00;         1.170,62;             0,00;             0,00;             0,00;             0,00
0000049387;0015;MA0702A 03;873706KL0A;TRIM ASSY-CUSHION,FRONT SEAT LH;             2,00;       210.778,18;00;             2,00;       210.778,18;             0,00;             0,00;             0,00;             0,00
0000049387;0016;MA0802C 04;689213209R I;HABILLAGE AV G CONSOLE;             3,00;        52.827,30;00;             3,00;        52.827,30;             0,00;             0,00;             0,00;             0,00
0000049387;0017;MA0815A 01;751748552R I;LONGERON CTL;             4,00;     6.812.328,00;00;             4,00;     6.812.328,00;             0,00;             0,00;             0,00;             0,00
0000049387;0018;MA1105E 04;873706KL0A;TRIM ASSY-CUSHION,FRONT SEAT LH;             3,00;       316.167,27;00;             3,00;       316.167,27;             0,00;             0,00;             0,00;             0,00
0000049387;0019;MA1219C 04;747624816R I;ECRAN THERMIQUE CTL SOUS PLANCHER U79P2;             6,00;         1.680,24;00;             6,00;         1.680,24;             0,00;             0,00;             0,00;             0,00
0000049388;0001;D4 59 2B;960327818R I;CARENAGE INF BOUCLIER AR;             5,00;        16.708,80;00;             5,00;        16.708,80;             0,00;             0,00;             0,00;             0,00
0000049389;0001;NE01 3202B;7700303067 I;VIDRIO DER.PTA.TRAS.;             8,00;        71.280,16;00;             8,00;        71.280,16;             0,00;             0,00;             0,00;             0,00
0000049390;0001;NE01 2204A;7700412498 I;VIDRIO TRASERO DERECHO;             3,00;         4.203,60;00;             3,00;         4.203,60;             0,00;             0,00;             0,00;             0,00
0000049391;0001;MA0115I 07;8200057680 I;CUBRE BISAGRA PORTON TRAS;             1,00;         3.300,13;00;             1,00;         3.300,13;             0,00;             0,00;             0,00;             0,00
0000049391;0002;MA0117C 13;7705035035 I;ESPIGA GUIA;             1,00;            70,17;00;             1,00;            70,17;             0,00;             0,00;             0,00;             0,00
0000049391;0003;MA0117I 05;7701473149 I;COLECC.COJINETE AXIAL;             2,00;         7.562,06;00;             2,00;         7.562,06;             0,00;             0,00;             0,00;             0,00
0000049391;0004;MA0117J 09;7701479049 I;COLECC JUNTAS INYECTOR;             1,00;           693,91;00;             1,00;           693,91;             0,00;             0,00;             0,00;             0,00
0000049391;0005;MA0117K 14;8200776737 I;PALANCA PTA TRAS DER;             1,00;           453,63;00;             1,00;           453,63;             0,00;             0,00;             0,00;             0,00
0000049391;0006;MA0117L 14;7703044183 I;TUERCA M8X1.25;            12,00;           336,24;00;            12,00;           336,24;             0,00;             0,00;             0,00;             0,00
0000049391;0007;MA0117M 09;7701675675 I;EJE BISAGRA;             2,00;             0,00;00;             2,00;             0,00;             0,00;             0,00;             0,00;             0,00
0000049391;0008;MA0117O 06;7703077470 I;TUERCA;             2,00;         2.807,42;00;             2,00;         2.807,42;             0,00;             0,00;             0,00;             0,00
0000049391;0009;MA0117O 13;8200651161 I;ARTICULACION ELAST BRAZO;             1,00;         3.899,09;00;             1,00;         3.899,09;             0,00;             0,00;             0,00;             0,00
0000049391;0010;MA0205E 06;7705002131 I;CLIP DE SOPORTE DE CAPOT;             1,00;            53,59;00;             1,00;            53,59;             0,00;             0,00;             0,00;             0,00
0000049391;0011;MA0207C 04;788300019R I;TAPA CARBURANTE;             1,00;       129.201,43;00;             1,00;       129.201,43;             0,00;             0,00;             0,00;             0,00
0000049391;0012;MA0207D 12;802144KG0A;GUIA VIDRIO PUERT AK;             1,00;         1.208,50;00;             1,00;         1.208,50;             0,00;             0,00;             0,00;             0,00
0000049391;0013;MA0217E 08;8200856290 I;MANIJA PUERTA  LAT. DER.;             1,00;        13.029,10;00;             1,00;        13.029,10;             0,00;             0,00;             0,00;             0,00
0000049391;0014;MA0219E 02;7703077470 I;TUERCA;            10,00;        14.037,10;00;             4,00;         5.614,84;-             6,00;            60,00;-         8.422,26;         8.422,26
0000049391;0015;MA0701A 04;8200744487 I;TUBO EMBRAGUE;             2,00;         7.283,10;00;             1,00;         3.641,55;-             1,00;            50,00;-         3.641,55;         3.641,55
0000049391;0016;MA1217D 01;803303195R I;LECHEUR INT AV D;             5,00;        16.451,90;00;             5,00;        16.451,90;             0,00;             0,00;             0,00;             0,00
0000049392;0001;D4 36 6D;8200426365 I;GRILLA CALANDRA;             1,00;        30.113,95;00;             1,00;        30.113,95;             0,00;             0,00;             0,00;             0,00
0000049392;0002;D4 44 7C;8200285059 I;CUBRE CARTER;             3,00;        17.034,15;00;             3,00;        17.034,15;             0,00;             0,00;             0,00;             0,00
0000049392;0003;NE03 3001A;803012543R I;VITRE MOBILE PORTE AV G;             2,00;         8.574,36;00;             2,00;         8.574,36;             0,00;             0,00;             0,00;             0,00
0000049393;0001;NE01 2504B;803015017R I;VITRE PORTE AV G;             5,00;       121.478,05;00;             5,00;       121.478,05;             0,00;             0,00;             0,00;             0,00
0000049393;0002;NE01 3103B;822625739R I;VITRE FIXE PORTE;             1,00;        14.465,40;00;             1,00;        14.465,40;             0,00;             0,00;             0,00;             0,00
0000049394;0001;NE01 2201C;823012503R I;VITRE PORTE AR G;             5,00;        94.053,60;00;             5,00;        94.053,60;             0,00;             0,00;             0,00;             0,00
0000049394;0002;NE01 2801C;823001644R I;VIDRIO PTA;             1,00;        72.331,00;00;             1,00;        72.331,00;             0,00;             0,00;             0,00;             0,00
0000049395;0001;CA0613A 02;829007528R I;GARNITURE PANNEAU PORTE AR D;             1,00;         7.578,01;00;             1,00;         7.578,01;             0,00;             0,00;             0,00;             0,00
0000049395;0002;CE1614B 01;764610001R I;ZOCALO EXTER IZQ;             3,00;        18.418,23;00;             3,00;        18.418,23;             0,00;             0,00;             0,00;             0,00
0000049395;0003;W1 32 7A;833410361R I;LUNA IZQ.LADO CAJ X62;             4,00;        11.162,20;00;             4,00;        11.162,20;             0,00;             0,00;             0,00;             0,00
0000049396;0001;NE03 2601A;903012289R I;VITRE PORTE COFFRE G F62PH2;             1,00;         1.777,14;00;             1,00;         1.777,14;             0,00;             0,00;             0,00;             0,00
0000049397;0001;MA0105C 16;7703179077 I;CLIP 6X5.2;            20,00;        23.639,80;00;            20,00;        23.639,80;             0,00;             0,00;             0,00;             0,00
0000049397;0002;MA0115K 12;253C60375R I;SUPPORT D CAPTEUR INT AIDE PK BCLR AR;             3,00;         8.202,09;00;             3,00;         8.202,09;             0,00;             0,00;             0,00;             0,00
0000049397;0003;MA0117D 14;90940JY00A I;GARNITURE;             1,00;           412,65;00;             1,00;           412,65;             0,00;             0,00;             0,00;             0,00
0000049397;0004;MA0117F 15;290W42550R I;SOPORTE INTEGR BALAI MOTOR ECTR X61PH2;             1,00;         4.133,81;00;             1,00;         4.133,81;             0,00;             0,00;             0,00;             0,00
0000049397;0005;MA0117K 16;322811371R I;EJE ENGRANAJE MA;             1,00;           204,79;00;             1,00;           204,79;             0,00;             0,00;             0,00;             0,00
0000049397;0006;MA0204E 08;255525282R I;COMMANDE RADIO F62PH2;             1,00;           723,78;00;             1,00;           723,78;             0,00;             0,00;             0,00;             0,00
0000049397;0007;MA0204E 09;242533500R I;OBTURATEUR;             2,00;            46,06;00;             2,00;            46,06;             0,00;             0,00;             0,00;             0,00
0000049397;0008;MA0213E 03;349202062R I;POMMEAU LEVIER VITESSE U79PH2;             1,00;         4.348,22;00;             1,00;         4.348,22;             0,00;             0,00;             0,00;             0,00
0000049397;0009;MA0213E 07;7703053561 I;ARANDELA 100.8X133;             1,00;           605,53;00;             1,00;           605,53;             0,00;             0,00;             0,00;             0,00
0000049397;0010;MA0217B 09;260290441R I;TAPA TRAS PROYECTOR;            26,00;       148.190,64;00;            28,00;       159.589,92;             2,00;             7,69;        11.399,28;        11.399,28
0000049397;0011;MA0314B 04;255522215R I;COMANDO SATELITAL;             3,00;         3.601,08;00;             3,00;         3.601,08;             0,00;             0,00;             0,00;             0,00
0000049397;0012;MA0704D 05;267192767R I;LAMPE PROJECTEUR;            28,00;         3.723,44;00;            28,00;         3.723,44;             0,00;             0,00;             0,00;             0,00
0000049397;0013;MA0808E 04;7711818359;FUNDAS DEVELACION ALASKAN;             1,00;         8.700,00;00;             1,00;         8.700,00;             0,00;             0,00;             0,00;             0,00
0000049397;0014;MA0809E 03;240110571R I;CABLAGE MOTEUR;             2,00;       724.961,24;00;             2,00;       724.961,24;             0,00;             0,00;             0,00;             0,00
0000049397;0015;MA0901E 03;963215409R I;ESPEJO RETROVISOR INTERIOR X67;             1,00;        14.732,44;00;             1,00;        14.732,44;             0,00;             0,00;             0,00;             0,00
0000049397;0016;MA1101E 04;117101534R I;SOPORTE;             4,00;        61.169,88;00;             4,00;        61.169,88;             0,00;             0,00;             0,00;             0,00
0000049398;0001;C1 26 4G;255525282R I;COMMANDE RADIO F62PH2;             2,00;         1.447,56;00;             2,00;         1.447,56;             0,00;             0,00;             0,00;             0,00
0000049398;0002;C306C 01;7711940885 I;BOLSO ORGANIZADOR DE BAUL;            12,00;        13.380,12;00;            12,00;        13.380,12;             0,00;             0,00;             0,00;             0,00
0000049399;0001;D4 49 5D;7700866923 I;JUEGO CAB/ENC;             1,00;         2.567,37;00;             1,00;         2.567,37;             0,00;             0,00;             0,00;             0,00
0000049400;0001;MA1014B 04;7700410280;BOCEL PT.TR.IZ.C2-SY;             0,00;             0,00;00;             5,00;           862,70;             5,00;           999,99;           862,70;           862,70
0000049400;0002;MA1010E 02;963731529R I;CARCASA RETROVISOR EXT DERECHO KD;             0,00;             0,00;00;             3,00;        18.413,76;             3,00;           999,99;        18.413,76;        18.413,76
0000049400;0003;MA1010B 03;638314947R I;PROTECTOR PASARRUEDA DELANT IZQUIED U79;             0,00;             0,00;00;             1,00;         5.684,86;             1,00;           999,99;         5.684,86;         5.684,86
0000049401;0001;NE01 2202A;903003513R I;LUNETA TRASERA;             2,00;       290.964,18;00;             3,00;       436.446,27;             1,00;            50,00;       145.482,09;       145.482,09
0000049402;0001;SA0829B 04;260603504R I;PROYECTOR DELANTERO IZQUIERDO KWID;             0,00;             0,00;00;             1,00;        80.801,81;             1,00;           999,99;        80.801,81;        80.801,81
0000049403;0001;HA0613C 02;7701207580 I;COLECC.MOLDURAS-BURLETES;             0,00;             0,00;00;             1,00;        24.064,87;             1,00;           999,99;        24.064,87;        24.064,87
0000049404;0001;HA0603E 01;215593158R I;GUÍA DE AIRE G;             4,00;        53.109,76;00;             6,00;        79.664,64;             2,00;            50,00;        26.554,88;        26.554,88
0000049404;0002;HA0605C 01;269200156R I;SUPPORT PROJECTEUR D POSITION JOUR;            13,00;       160.159,87;00;            14,00;       172.479,86;             1,00;             7,69;        12.319,99;        12.319,99
0000049404;0003;HA0610C 02;638417388R I;PASA RUEDA DEL IZQ;            32,00;       627.689,92;00;            32,00;       627.689,92;             0,00;             0,00;             0,00;             0,00
0000049404;0004;HA0613C 02;7701207580 I;COLECC.MOLDURAS-BURLETES;             1,00;        24.064,87;00;             1,00;        24.064,87;             0,00;             0,00;             0,00;             0,00
0000049404;0005;HA0638C 02;638744101R I;ZÓCALO GUARDABARRO DEL DER;            32,00;       418.379,52;00;            33,00;       431.453,88;             1,00;             3,13;        13.074,36;        13.074,36
0000049405;0001;D4 65 3E;215593158R I;GUÍA DE AIRE G;             8,00;       106.219,52;00;            10,00;       132.774,40;             2,00;            25,00;        26.554,88;        26.554,88
0000049406;0001;W1 34 2B;808640011R I;FEUILLE ETANCHEITE PORTE AV D F62PH2;             4,00;           739,08;00;             4,00;           739,08;             0,00;             0,00;             0,00;             0,00
0000049406;0002;W2 50 9C;215593158R I;GUÍA DE AIRE G;            20,00;       265.548,80;00;            20,00;       265.548,80;             0,00;             0,00;             0,00;             0,00
0000049406;0003;W2 52 1C;215593158R I;GUÍA DE AIRE G;            21,00;       278.826,24;00;            21,00;       278.826,24;             0,00;             0,00;             0,00;             0,00
0000049406;0004;W2 52 5A;215593158R I;GUÍA DE AIRE G;            18,00;       238.993,92;00;            18,00;       238.993,92;             0,00;             0,00;             0,00;             0,00
0000049407;0001;AA418;260604769R I;PROYECTOR DELANTERO IZQUIERDO BL52;            30,00;     1.685.835,30;00;            33,00;     1.854.418,83;             3,00;            10,00;       168.583,53;       168.583,53
0000049408;0001;HA0710B 02;638744101R I;ZÓCALO GUARDABARRO DEL DER;            10,00;       130.743,60;00;            10,00;       130.743,60;             0,00;             0,00;             0,00;             0,00
0000049408;0002;HA0931A 01;638417388R I;PASA RUEDA DEL IZQ;            11,00;       215.768,41;00;            11,00;       215.768,41;             0,00;             0,00;             0,00;             0,00
0000049409;0001;MA0105B 05;873333355R I;DETECCIO OCUP PAS CP (cable);             2,00;        28.167,46;00;             2,00;        28.167,46;             0,00;             0,00;             0,00;             0,00
0000049409;0002;MA0105D 09;873333355R I;DETECCIO OCUP PAS CP (cable);             1,00;        14.083,73;00;             1,00;        14.083,73;             0,00;             0,00;             0,00;             0,00
0000049409;0003;MA0117B 16;8200170826 I;ENTREDOS;             2,00;            84,88;00;             2,00;            84,88;             0,00;             0,00;             0,00;             0,00
0000049409;0004;MA0117I 15;8200132524 I;TOPE;             2,00;           107,52;00;             2,00;           107,52;             0,00;             0,00;             0,00;             0,00
0000049409;0005;MA0513A 02;873333355R I;DETECCIO OCUP PAS CP (cable);             1,00;        14.083,73;00;             1,00;        14.083,73;             0,00;             0,00;             0,00;             0,00
0000049409;0006;MA0718D 01;873303057R I;COBERTURA EXTERNA BANCO LADO DERECHO;             2,00;        49.013,74;00;             2,00;        49.013,74;             0,00;             0,00;             0,00;             0,00
0000049409;0007;MA0808A 02;8660006320 I;PLAQUETTES DE FR;             6,00;        13.303,80;00;             6,00;        13.303,80;             0,00;             0,00;             0,00;             0,00
0000049409;0008;MA0820D 01;265505730R I;FARO TRASERO DERECHO  PORTON L38 PH2;             2,00;       144.641,62;00;             2,00;       144.641,62;             0,00;             0,00;             0,00;             0,00
0000049409;0009;MA0916A 01;638744101R I;ZÓCALO GUARDABARRO DEL DER;             6,00;        78.446,16;00;             6,00;        78.446,16;             0,00;             0,00;             0,00;             0,00
0000049409;0010;MA1118B 01;240187786V I;CABLAGE PLANCHE BORD HJDPH1;             1,00;       111.607,23;00;             1,00;       111.607,23;             0,00;             0,00;             0,00;             0,00
0000049410;0001;D4 3612A;638744101R I;ZÓCALO GUARDABARRO DEL DER;            12,00;       156.892,32;00;            12,00;       156.892,32;             0,00;             0,00;             0,00;             0,00
0000049410;0002;SA0829B 04;260603504R I;PROYECTOR DELANTERO IZQUIERDO KWID;             1,00;        80.801,81;00;             1,00;        80.801,81;             0,00;             0,00;             0,00;             0,00
0000049410;0003;SA0924B 03;240186527V I;CABLAGE PLANCHE BORD HJDPH1;             1,00;       112.921,77;00;             1,00;       112.921,77;             0,00;             0,00;             0,00;             0,00
0000049410;0004;SA1006C 01;8200867949 I;TUBO AIRE;             3,00;        74.257,05;00;             3,00;        74.257,05;             0,00;             0,00;             0,00;             0,00
0000049410;0005;SA1016A 02;265505730R I;FARO TRASERO DERECHO  PORTON L38 PH2;             6,00;       433.924,86;00;             6,00;       433.924,86;             0,00;             0,00;             0,00;             0,00
0000049411;0001;C1 26 3H;285370003R I;BASE FIJ CAPTOR;             1,00;         2.314,30;00;             1,00;         2.314,30;             0,00;             0,00;             0,00;             0,00
0000049411;0002;C110C 06;908897184R I;EMBLEMA TRASERO;            77,00;       121.355,08;00;            78,00;       122.931,12;             1,00;             1,30;         1.576,04;         1.576,04
0000049411;0003;C206C 05;985101481R I;SAC GONFLABLE CONDUCTEUR;             5,00;       107.113,25;00;             5,00;       107.113,25;             0,00;             0,00;             0,00;             0,00
0000049411;0004;C212B 08;8201736910 I;REAR CAMERA (CAMERA DE RECUL) X79PH2;             4,00;       390.428,84;00;             4,00;       390.428,84;             0,00;             0,00;             0,00;             0,00
0000049412;0001;GA0124A 01;631004975R;ALETA DELANTERA DERECHA NKG;            50,00;        41.169,50;00;            52,00;        42.816,28;             2,00;             4,00;         1.646,78;         1.646,78
0000049412;0002;NE03 0304B;631004975R;ALETA DELANTERA DERECHA NKG;            12,00;         9.880,68;00;            12,00;         9.880,68;             0,00;             0,00;             0,00;             0,00
0000049412;0003;NE03 1402A;631004975R;ALETA DELANTERA DERECHA NKG;            12,00;         9.880,68;00;            12,00;         9.880,68;             0,00;             0,00;             0,00;             0,00
0000049412;0004;NE03 1503A;631004975R;ALETA DELANTERA DERECHA NKG;            12,00;         9.880,68;00;            12,00;         9.880,68;             0,00;             0,00;             0,00;             0,00
0000049412;0005;NE03 1504A;631004975R;ALETA DELANTERA DERECHA NKG;            12,00;         9.880,68;00;            12,00;         9.880,68;             0,00;             0,00;             0,00;             0,00
0000049412;0006;NE03 1504B;631004975R;ALETA DELANTERA DERECHA NKG;            12,00;         9.880,68;00;            12,00;         9.880,68;             0,00;             0,00;             0,00;             0,00
0000049412;0007;NE03 1804B;631004975R;ALETA DELANTERA DERECHA NKG;            12,00;         9.880,68;00;            12,00;         9.880,68;             0,00;             0,00;             0,00;             0,00
0000049412;0008;NE03 1902A;631004975R;ALETA DELANTERA DERECHA NKG;            12,00;         9.880,68;00;            12,00;         9.880,68;             0,00;             0,00;             0,00;             0,00
0000049412;0009;NE03 1903B;631004975R;ALETA DELANTERA DERECHA NKG;            12,00;         9.880,68;00;            12,00;         9.880,68;             0,00;             0,00;             0,00;             0,00
0000049412;0010;NE03 2102A;631004975R;ALETA DELANTERA DERECHA NKG;             7,00;         5.763,73;00;             7,00;         5.763,73;             0,00;             0,00;             0,00;             0,00
0000049412;0011;NE03 2702B;631004975R;ALETA DELANTERA DERECHA NKG;            12,00;         9.880,68;00;            12,00;         9.880,68;             0,00;             0,00;             0,00;             0,00
0000049412;0012;NE03 3202A;631004975R;ALETA DELANTERA DERECHA NKG;            12,00;         9.880,68;00;            12,00;         9.880,68;             0,00;             0,00;             0,00;             0,00
0000049412;0013;NE03 3402B;631004975R;ALETA DELANTERA DERECHA NKG;            12,00;         9.880,68;00;            12,00;         9.880,68;             0,00;             0,00;             0,00;             0,00
0000049412;0014;NE03 3502B;631004975R;ALETA DELANTERA DERECHA NKG;            12,00;         9.880,68;00;            12,00;         9.880,68;             0,00;             0,00;             0,00;             0,00
0000049412;0015;NE03 3703A;631004975R;ALETA DELANTERA DERECHA NKG;            12,00;         9.880,68;00;            12,00;         9.880,68;             0,00;             0,00;             0,00;             0,00
0000049412;0016;NE03 3703B;631004975R;ALETA DELANTERA DERECHA NKG;            12,00;         9.880,68;00;            12,00;         9.880,68;             0,00;             0,00;             0,00;             0,00
0000049412;0017;NE03 3704A;631004975R;ALETA DELANTERA DERECHA NKG;            12,00;         9.880,68;00;            12,00;         9.880,68;             0,00;             0,00;             0,00;             0,00
0000049412;0018;NE03 3802A;631004975R;ALETA DELANTERA DERECHA NKG;            12,00;         9.880,68;00;            12,00;         9.880,68;             0,00;             0,00;             0,00;             0,00
0000049412;0019;NE03 3803B;631004975R;ALETA DELANTERA DERECHA NKG;            12,00;         9.880,68;00;            12,00;         9.880,68;             0,00;             0,00;             0,00;             0,00
0000049413;0001;CS1615D 02;631004975R;ALETA DELANTERA DERECHA NKG;            12,00;         9.880,68;00;            12,00;         9.880,68;             0,00;             0,00;             0,00;             0,00
0000049413;0002;W2 42 5D;631004975R;ALETA DELANTERA DERECHA NKG;            12,00;         9.880,68;00;            12,00;         9.880,68;             0,00;             0,00;             0,00;             0,00
0000049413;0003;W2 44 2C;631004975R;ALETA DELANTERA DERECHA NKG;            12,00;         9.880,68;00;            12,00;         9.880,68;             0,00;             0,00;             0,00;             0,00
0000049413;0004;W2 44 6B;631004975R;ALETA DELANTERA DERECHA NKG;            12,00;         9.880,68;00;            12,00;         9.880,68;             0,00;             0,00;             0,00;             0,00
0000049414;0001;D4 44 3A;676005JL0J;DASH-SIDE,RH U60;             1,00;        13.932,04;00;             1,00;        13.932,04;             0,00;             0,00;             0,00;             0,00
0000049414;0002;D4 52 5C;240102508R I;CABLAGE MONOBLOC;             2,00;     1.196.139,00;00;             2,00;     1.196.139,00;             0,00;             0,00;             0,00;             0,00
0000049414;0003;SA0924C 04;484004843R I;VOLANT DIRECTION;             1,00;        27.849,02;00;             1,00;        27.849,02;             0,00;             0,00;             0,00;             0,00
0000049415;0001;C1 25 3H;8200771472 I;CONTACTOR;             6,00;        47.588,22;00;             6,00;        47.588,22;             0,00;             0,00;             0,00;             0,00
0000049415;0002;C1 26 4J;259904552R I;CALCULATEUR AIDE PARKING;             2,00;         6.797,12;00;             2,00;         6.797,12;             0,00;             0,00;             0,00;             0,00
0000049415;0003;C103A 08;8200843370 I;MODULO CORTE PASO AIRE;             2,00;        13.237,26;00;             2,00;        13.237,26;             0,00;             0,00;             0,00;             0,00
0000049415;0004;C103A 09;253B09879R I;COMANDO CONTROL MULTI;             4,00;         5.505,56;00;             4,00;         5.505,56;             0,00;             0,00;             0,00;             0,00
0000049415;0005;C118A 03;7711421103 I;HERRAMIENTA-ESTETOSCOPIO;             3,00;        37.767,39;00;             3,00;        37.767,39;             0,00;             0,00;             0,00;             0,00
0000049416;0001;MA0105B 07;240704748R I;MAZO CABLES PARAGOLPE DELANTERO;             1,00;         8.307,61;00;             1,00;         8.307,61;             0,00;             0,00;             0,00;             0,00
0000049416;0002;MA0209A 05;120325H60A I;ARO PERNO PISTON;             7,00;           903,21;00;             7,00;           903,21;             0,00;             0,00;             0,00;             0,00
0000049416;0003;MA0209B 06;440A05731R I;COLLECTION COLONNETTE FREIN AV;             1,00;           131,08;00;             1,00;           131,08;             0,00;             0,00;             0,00;             0,00
0000049416;0004;MA0209B 12;46313JN00A;CONN-BRAKE;             1,00;         1.386,84;00;             1,00;         1.386,84;             0,00;             0,00;             0,00;             0,00
0000049416;0005;MA0210C 01;286640002R I;SOPORTE;             1,00;           362,12;00;             1,00;           362,12;             0,00;             0,00;             0,00;             0,00
0000049416;0006;MA0214F 07;214947591R I;CONVERGENTE;             2,00;         6.861,86;00;             2,00;         6.861,86;             0,00;             0,00;             0,00;             0,00
0000049416;0007;MA0216D 16;295G29388R I;LABEL-PULLBATFIREMANACCESSFLAP,SPP ;             1,00;         1.286,12;00;             1,00;         1.286,12;             0,00;             0,00;             0,00;             0,00
0000049416;0008;MA0414D 06;167005809R I;BOMBA INYECTORA;             2,00;       493.688,26;00;             2,00;       493.688,26;             0,00;             0,00;             0,00;             0,00
0000049416;0009;MA0815D 03;214987210R I;aONVERGENT D;             1,00;         3.952,63;00;             1,00;         3.952,63;             0,00;             0,00;             0,00;             0,00
0000049416;0010;MA0817B 02;381011591R;COURONNE DIFFERENTIEL.;             2,00;        11.236,80;00;             2,00;        11.236,80;             0,00;             0,00;             0,00;             0,00
0000049416;0011;MA1001A 03;272101844R I;GMV CHAUFFAGE CLIMATISAT APV - solo PVI;             2,00;       191.056,04;00;             2,00;       191.056,04;             0,00;             0,00;             0,00;             0,00
0000049416;0012;MA1120B 01;364022421R I;CABLE FRENO DE ESTACIONAMIENTO;             4,00;        28.989,88;00;             4,00;        28.989,88;             0,00;             0,00;             0,00;             0,00
0000049417;0001;MA0115M 12;7701064296 I;JUNTA TORICA;             1,00;           172,25;00;             1,00;           172,25;             0,00;             0,00;             0,00;             0,00
0000049417;0002;MA0117G 14;7700352234 I;TOPE PUERTA;             5,00;         1.966,70;00;             5,00;         1.966,70;             0,00;             0,00;             0,00;             0,00
0000049417;0003;MA0205D 05;620930069R I;ABSORBEDOR PARAGOLPE DELANTERA;             3,00;        11.065,83;00;             3,00;        11.065,83;             0,00;             0,00;             0,00;             0,00
0000049417;0004;MA0208G 13;684986977R I;OBTURATEUR PLANCHE BORD;             3,00;       138.127,47;00;             3,00;       138.127,47;             0,00;             0,00;             0,00;             0,00
0000049417;0005;MA0216C 16;540300546R I;APPUI INF RESSORT AV;             2,00;         2.491,86;00;             2,00;         2.491,86;             0,00;             0,00;             0,00;             0,00
0000049417;0006;MA0216F 16;748168693R I;OBTURATEUR PLANCHER AV;             1,00;           546,98;00;             1,00;           546,98;             0,00;             0,00;             0,00;             0,00
0000049417;0007;MA0218D 13;6001548654 I;SHUNT GMV;             1,00;           310,50;00;             1,00;           310,50;             0,00;             0,00;             0,00;             0,00
0000049417;0008;MA0314E 12;625B54401R I;SOPORTE  GUARDAB DEL H;            26,00;           313,30;00;            26,00;           313,30;             0,00;             0,00;             0,00;             0,00
0000049417;0009;MA0404C 06;625B54401R;ESCUADRA IZQ FIJ FACE DEL;             4,00;           106,76;00;             4,00;           106,76;             0,00;             0,00;             0,00;             0,00
0000049417;0010;MA0509E 03;628105970R I;CONVERGENTE SUPERIOR ENTRADA AIRE;             1,00;        21.452,42;00;             1,00;        21.452,42;             0,00;             0,00;             0,00;             0,00
0000049417;0011;MA0513E 03;689207486R I;HABILLAGE AV D CONSOLE;             2,00;        33.967,34;00;             2,00;        33.967,34;             0,00;             0,00;             0,00;             0,00
0000049417;0012;MA1001E 03;7701049351 I;TAPON BOMBA FRENO;           450,00;       290.245,50;00;           460,00;       296.695,40;            10,00;             2,22;         6.449,90;         6.449,90
0000049417;0013;MA1203D 01;749289341R I;PANTALLA TERMICA;             6,00;        17.400,60;00;             6,00;        17.400,60;             0,00;             0,00;             0,00;             0,00
0000049417;0014;MA1205D 01;749282212R I;PANTALLA TERMICA;             6,00;        18.406,92;00;             6,00;        18.406,92;             0,00;             0,00;             0,00;             0,00
0000049417;0015;MA1209D 03;747616092R I;PANTALLA TERMICA;             6,00;        13.673,64;00;             6,00;        13.673,64;             0,00;             0,00;             0,00;             0,00
0000049417;0016;MB0203C 06;625109494R I;MBR PRE ASSY-CROSS, FR END, UPR;             1,00;        24.344,25;00;             1,00;        24.344,25;             0,00;             0,00;             0,00;             0,00
0000049418;0001;D4 53 3B;749404314R I;INSONORIZANTE PISO DELANTERO X52;             1,00;        19.591,32;00;             1,00;        19.591,32;             0,00;             0,00;             0,00;             0,00
0000049418;0002;SA1133B 02;545000010R I;BRAZO DCHO.;             3,00;       116.449,35;00;             3,00;       116.449,35;             0,00;             0,00;             0,00;             0,00
0000049419;0001;D4 30 1F;755104746R I;LONGERON AR D ASS;             1,00;       120.104,64;00;             1,00;       120.104,64;             0,00;             0,00;             0,00;             0,00
0000049419;0002;SA0833D 02;623101286R I;GRILLA SUPERIOR PARAGOLPE DELANTERO;            12,00;        58.192,68;00;            12,00;        58.192,68;             0,00;             0,00;             0,00;             0,00
0000049420;0001;HA0637E 01;7701478273 I;TAPA CILINDRO D4F KAISEN;             5,00;       267.601,05;00;             5,00;       267.601,05;             0,00;             0,00;             0,00;             0,00
0000049421;0001;SA0837B 03;921005444R I;CONDENSEUR;             2,00;        20.643,92;00;             2,00;        20.643,92;             0,00;             0,00;             0,00;             0,00
0000049421;0002;SA0837C 04;8200463414 I;ARBOL PRIMARIO;             4,00;       169.354,00;00;             4,00;       169.354,00;             0,00;             0,00;             0,00;             0,00
0000049421;0003;SA0922B 02;886200504R;CUBERTURA RESPAL ASTO TRA;             2,00;           277,34;00;             2,00;           277,34;             0,00;             0,00;             0,00;             0,00
0000049421;0004;SA0929A 01;873616900R I;MATELASSURE COUSSIN AV G HHA;             1,00;         7.527,79;00;             1,00;         7.527,79;             0,00;             0,00;             0,00;             0,00
0000049421;0005;SA0934C 01;883000223R I;ESPUMA COJIN SEGUNDO PUESTO DRAP15 KD;             8,00;       981.818,88;00;             8,00;       981.818,88;             0,00;             0,00;             0,00;             0,00
0000049421;0006;SA1024B 01;7702298066;FORRO ESPALD DELA FL;             2,00;           397,88;00;             2,00;           397,88;             0,00;             0,00;             0,00;             0,00
0000049422;0001;MA0115E 06;7703002835 I;TORNILLO M14X1.5;            13,00;         8.937,37;00;            13,00;         8.937,37;             0,00;             0,00;             0,00;             0,00
0000049422;0002;MA0209C 08;7703079740 I;CLIP FIJACION;             1,00;           145,90;00;             1,00;           145,90;             0,00;             0,00;             0,00;             0,00
0000049422;0003;MA0209C 11;806201325R I;TRINGLE COMMANDE OVRT INT AV D;             2,00;        14.361,56;00;             2,00;        14.361,56;             0,00;             0,00;             0,00;             0,00
0000049422;0004;MA0307D 04;924001657R I;TUYAU ENTREE RADIATEUR CHAUFFAGE;             3,00;         2.829,75;00;             3,00;         2.829,75;             0,00;             0,00;             0,00;             0,00
0000049422;0005;MA0502A 01;805025406R I;CERRADURA PUERTA DELANTERA DERECHA ELECT;             8,00;         5.591,36;00;             8,00;         5.591,36;             0,00;             0,00;             0,00;             0,00
0000049422;0006;MA0503B 01;8200956481 I;JUNTA TAPA CILINDRO;             4,00;       203.612,48;00;             4,00;       203.612,48;             0,00;             0,00;             0,00;             0,00
0000049422;0007;MA0509B 06;868848126R I;CEINTURE SCR D 1ERE RNG X79PH2;             1,00;        47.741,43;00;             1,00;        47.741,43;             0,00;             0,00;             0,00;             0,00
0000049422;0008;MA1214B 04;823313084R I;COULISSE VITRE AR G X79PH2;             5,00;         6.272,65;00;             5,00;         6.272,65;             0,00;             0,00;             0,00;             0,00
0000049423;0001;C103B 09;7703097176 I;LAMP IODE 12V 55W;             3,00;         3.386,37;00;             3,00;         3.386,37;             0,00;             0,00;             0,00;             0,00
0000049423;0002;C110C 05;8200473744 I;CALCULADOR INYECCION;             1,00;        23.059,28;00;             1,00;        23.059,28;             0,00;             0,00;             0,00;             0,00
0000049424;0001;CS1603B 01;792B93149R I;CLCN GRL SPRN VHC DE SOCIETE AXS APV;             1,00;        12.087,36;00;             1,00;        12.087,36;             0,00;             0,00;             0,00;             0,00
0000049424;0002;W2 02 4B;849751437R I;BAC RANGEMENT G P;            39,00;       242.297,64;00;            39,00;       242.297,64;             0,00;             0,00;             0,00;             0,00
0000049425;0001;D4 28 2G;8201643611 I;Apoya Brazo central;            20,00;       133.035,40;00;            20,00;       133.035,40;             0,00;             0,00;             0,00;             0,00
0000049425;0002;D4 39 5E;272805JL3A;EVAPO SUB-ASSY FIN TYPE (AUTO) U60;             4,00;        24.506,20;00;             4,00;        24.506,20;             0,00;             0,00;             0,00;             0,00
0000049426;0001;MA0101F 06;278115JL0A;DESCOMPRESOR LATERAL DE LA BOQUILLA, FRO;             3,00;         1.131,45;00;             2,00;           754,30;-             1,00;            33,33;-           377,15;           377,15
0000049426;0002;MA0119H 04;289306096R I;LAVA PARABRISA DER;             2,00;            60,68;00;             2,00;            60,68;             0,00;             0,00;             0,00;             0,00
0000049426;0003;MA0208B 09;261A24470R I;ENJOLIVEUR PROJECTEUR BROUILLARD D;             3,00;         4.366,89;00;             3,00;         4.366,89;             0,00;             0,00;             0,00;             0,00
0000049426;0004;MA0209C 09;938484JN0A;TOPE GOMA PTA TRA AK;             1,00;         4.840,67;00;             1,00;         4.840,67;             0,00;             0,00;             0,00;             0,00
0000049426;0005;MA0213D 07;280388979R I;SUPPORT AFFICHEUR RADIO HHA;             1,00;       128.129,06;00;             1,00;       128.129,06;             0,00;             0,00;             0,00;             0,00
0000049426;0006;MA0214C 10;963737684R I;COQUILLA RETROV EXT IZQ B90;             3,00;        10.756,47;00;             3,00;        10.756,47;             0,00;             0,00;             0,00;             0,00
0000049426;0007;MA0214F 16;963663355R I;MIROIR RETROVISEUR EXT G;             2,00;        20.502,38;00;             2,00;        20.502,38;             0,00;             0,00;             0,00;             0,00
0000049426;0008;MA0220B 06;681923720R I;CAVALIER FIX PANNEAU CTL COMMANDE;             1,00;            95,65;00;             1,00;            95,65;             0,00;             0,00;             0,00;             0,00
0000049426;0009;MA0220F 12;295G22783R I;LABEL-ELECTRICALDANGERINFORMATION ;             1,00;           137,76;00;             1,00;           137,76;             0,00;             0,00;             0,00;             0,00
0000049426;0010;MA0302E 06;654008295R I;ARTICULATION CAPOT AV D ASS;             2,00;         3.184,56;00;             2,00;         3.184,56;             0,00;             0,00;             0,00;             0,00
0000049426;0011;MA0513A 05;969804310R I;CONSOLE DE PAVILLON;             3,00;       172.509,66;00;             3,00;       172.509,66;             0,00;             0,00;             0,00;             0,00
0000049426;0012;MA0513C 05;969121479R I;FACADE PRISE ACCESSOIRE;             3,00;     1.059.523,98;00;             3,00;     1.059.523,98;             0,00;             0,00;             0,00;             0,00
0000049426;0013;MA0708C 01;240146673S I;MAZO CABLES MONOBLOCK DELANT RS PH2;             1,00;        72.414,45;00;             1,00;        72.414,45;             0,00;             0,00;             0,00;             0,00
0000049426;0014;MA1210C 01;6001549202 I;TAPON ELASTICO DEL. DER.;            19,00;       599.173,55;00;            19,00;       599.173,55;             0,00;             0,00;             0,00;             0,00
0000049426;0015;MA1213B 04;984900473R I;COLLECTION TAPIS PLANCHE DE BORD AXS APV;            39,00;       241.038,72;00;            39,00;       241.038,72;             0,00;             0,00;             0,00;             0,00
0000049427;0001;MRTIN21;200103832R;SILENCIA TRA L30V FL;           115,00;        47.578,95;00;           115,00;        47.578,95;             0,00;             0,00;             0,00;             0,00
0000049428;0001;C102B 12;226906215R I;SONDA CAPTORA OXIGENO;            13,00;       233.977,25;00;            13,00;       233.977,25;             0,00;             0,00;             0,00;             0,00
0000049428;0002;C218A 02;226906215R I;SONDA CAPTORA OXIGENO;            39,00;       701.931,75;00;            39,00;       701.931,75;             0,00;             0,00;             0,00;             0,00
0000049429;0001;D4 3012B;402066RN0A I;DISC-FR BRAKE;             8,00;        68.936,00;00;             8,00;        68.936,00;             0,00;             0,00;             0,00;             0,00
0000049429;0002;SA1008B 04;6001548889 I;TUBO SALIDA AGUA RADIADOR;             1,00;        16.195,69;00;             1,00;        16.195,69;             0,00;             0,00;             0,00;             0,00
0000049430;0001;G1 0317P;620227353R I;PIEL DE PARAGOLPE DELANTERO KWID;             4,00;        99.315,84;00;             0,00;             0,00;-             4,00;           100,00;-        99.315,84;        99.315,84
0000049431;0001;MA0105G 01;7703003008 I;TORNILLO FIJACION RUEDA AUXILIO;             2,00;         6.077,92;00;             5,00;        15.194,80;             3,00;           150,00;         9.116,88;         9.116,88
0000049432;0001;XXPINTURA1;7711818917;GARRAFA A/A R134 13,6 KG;            12,00;     2.271.134,28;00;            13,00;     2.460.395,47;             1,00;             8,33;       189.261,19;       189.261,19
0000049433;0001;W1 12 7A;8201709063 I;BARRAS DE TECHO TRANSVERSALES HJD;             1,00;       102.941,87;00;             1,00;       102.941,87;             0,00;             0,00;             0,00;             0,00
0000049433;0002;W2 23 4A;7751468921 I;PANEL LATERAL CARROCERIA IZQ X76;             3,00;     2.287.955,16;00;             3,00;     2.287.955,16;             0,00;             0,00;             0,00;             0,00
0000049433;0003;W2 41 4A;620924773R I;ABSORBEDOR INFERIOR PARAGOLPE DELANTERO;             7,00;        90.485,64;00;             7,00;        90.485,64;             0,00;             0,00;             0,00;             0,00
0000049434;0001;CE1513C 01;7751468921 I;PANEL LATERAL CARROCERIA IZQ X76;             2,00;     1.525.303,44;00;             2,00;     1.525.303,44;             0,00;             0,00;             0,00;             0,00
0000049434;0002;SE10 3203A;620924773R I;ABSORBEDOR INFERIOR PARAGOLPE DELANTERO;            30,00;       387.795,60;00;            30,00;       387.795,60;             0,00;             0,00;             0,00;             0,00
0000049434;0003;W2 06 4B;620924773R I;ABSORBEDOR INFERIOR PARAGOLPE DELANTERO;             9,00;       116.338,68;00;            10,00;       129.265,20;             1,00;            11,11;        12.926,52;        12.926,52
0000049434;0004;W2 15 1B;403002278R I;LLANTA 4-5 J 14 3 37  KWID;            34,00;       354.745,80;00;            33,00;       344.312,10;-             1,00;             2,94;-        10.433,70;        10.433,70
0000049435;0001;D4 3410D;963021689R I;RETROVISOR EXTERIOR IZQUIERDO;             2,00;        68.241,80;00;             2,00;        68.241,80;             0,00;             0,00;             0,00;             0,00
0000049435;0002;D4 5012A;545015HA0A I;LINK COMPL-TRANSV,LH;             3,00;       108.489,66;00;             3,00;       108.489,66;             0,00;             0,00;             0,00;             0,00
0000049435;0003;D4 64 6B;214943706R I;CONVERGENTE IZQ;             6,00;        80.057,58;00;             6,00;        80.057,58;             0,00;             0,00;             0,00;             0,00
0000049435;0004;SA0839C 01;485201026R I;COLECC. EXTREMO DIRECCION DERECHA;             8,00;       146.753,68;00;             8,00;       146.753,68;             0,00;             0,00;             0,00;             0,00
0000049435;0005;SA1027C 02;7701204497 I;ELEMENTO FILTRO GASOIL;             8,00;         8.168,56;00;             8,00;         8.168,56;             0,00;             0,00;             0,00;             0,00
0000049435;0006;SA9 15C06;904518867R I;EQUILIBREUR PORTE COFFRE HHA;            16,00;       132.257,60;00;            16,00;       132.257,60;             0,00;             0,00;             0,00;             0,00
0000049436;0001;MA0107D 04;265101139R I;LUZ PLACA MGE;            19,00;        99.875,59;00;            19,00;        99.875,59;             0,00;             0,00;             0,00;             0,00
0000049436;0002;MA0115H 08;8200103305 I;BISAGRA VIDRIO DEFLECTRIZ;             6,00;         8.622,30;00;             6,00;         8.622,30;             0,00;             0,00;             0,00;             0,00
0000049436;0003;MA0115N 12;7703075216 I;TAPON 38X8.5;             3,00;           770,85;00;             3,00;           770,85;             0,00;             0,00;             0,00;             0,00
0000049436;0004;MA0213B 06;628107790R I;GUIDE AIR SUP BOU;             8,00;        45.020,40;00;             8,00;        45.020,40;             0,00;             0,00;             0,00;             0,00
0000049437;0001;M5 R 019 B;620229393R I;PIEL DE PARAGOLPES DELANTERO KWID;             5,00;       121.194,20;00;             5,00;       121.194,20;             0,00;             0,00;             0,00;             0,00
0000049438;0001;D4 59 6A;752105904R I;TRAVIESA EXTREME DEL HJDPH1;             6,00;       142.113,78;00;             6,00;       142.113,78;             0,00;             0,00;             0,00;             0,00
0000049438;0002;D4 6312B;766311488R I;DOBLADO AR;             1,00;        12.936,20;00;             1,00;        12.936,20;             0,00;             0,00;             0,00;             0,00
0000049439;0001;D4 59 1F;752105904R I;TRAVIESA EXTREME DEL HJDPH1;             2,00;        47.371,26;00;             2,00;        47.371,26;             0,00;             0,00;             0,00;             0,00
0000049440;0001;NE01 1402C;797002808R I;BISEL TRASERO DE CRISTAL FIJO;             4,00;       552.292,88;00;             4,00;       552.292,88;             0,00;             0,00;             0,00;             0,00
0000049441;0001;NE01 1504A;797002808R I;BISEL TRASERO DE CRISTAL FIJO;            12,00;     1.656.878,64;00;            12,00;     1.656.878,64;             0,00;             0,00;             0,00;             0,00
0000049441;0002;NE01 1504B;797002808R I;BISEL TRASERO DE CRISTAL FIJO;            12,00;     1.656.878,64;00;            12,00;     1.656.878,64;             0,00;             0,00;             0,00;             0,00
0000049441;0003;NE01 1704A;797002808R I;BISEL TRASERO DE CRISTAL FIJO;             8,00;     1.104.585,76;00;             8,00;     1.104.585,76;             0,00;             0,00;             0,00;             0,00
0000049442;0001;HA0840A 02;963021689R I;RETROVISOR EXTERIOR IZQUIERDO;             3,00;       102.362,70;00;             3,00;       102.362,70;             0,00;             0,00;             0,00;             0,00
0000049443;0001;HA0627E 02;963021689R I;RETROVISOR EXTERIOR IZQUIERDO;             1,00;        34.120,90;00;             1,00;        34.120,90;             0,00;             0,00;             0,00;             0,00
0000049444;0001;D4 02 5G;140016998R I;REPARTIDOR;             5,00;       413.593,40;00;             5,00;       413.593,40;             0,00;             0,00;             0,00;             0,00
0000049444;0002;D4 14 2E;849306837R I;ISOLANT TAPIS COFFRE;             1,00;           715,20;00;             1,00;           715,20;             0,00;             0,00;             0,00;             0,00
0000049444;0003;D4 32 4F;0225241220;ELEMENTO FILTRO AIRE;           108,00;           712,80;00;           107,00;           706,20;-             1,00;             0,93;-             6,60;             6,60
0000049444;0004;D4 70 9D;403004008R I;LLANTA ROUE 7 J 18 5 39 MOUNTAIN FFM (NE;            23,00;     7.447.246,36;00;            23,00;     7.447.246,36;             0,00;             0,00;             0,00;             0,00
0000049444;0005;SA0924E 01;809006488R;GUARNEC PANEL DD  KG;             1,00;        29.759,43;00;             1,00;        29.759,43;             0,00;             0,00;             0,00;             0,00
0000049444;0006;SA0928D 01;8200393299 I;PANEL PUERTA DEL. IZQ.;            22,00;             0,00;00;            22,00;             0,00;             0,00;             0,00;             0,00;             0,00
0000049444;0007;SA1004D 01;403004008R I;LLANTA ROUE 7 J 18 5 39 MOUNTAIN FFM (NE;             5,00;     1.618.966,60;00;             5,00;     1.618.966,60;             0,00;             0,00;             0,00;             0,00
0000049445;0001;MA0103B 09;7701473494 I;RETEN ACEITE [32X44X6];             5,00;        23.761,40;00;             5,00;        23.761,40;             0,00;             0,00;             0,00;             0,00
0000049445;0002;MA0119H 05;8200914996 I;ENTRETOISE H79 PH2;             2,00;            52,90;00;             2,00;            52,90;             0,00;             0,00;             0,00;             0,00
0000049445;0003;MA0202B 12;825035124R I;SERRURE PORTE AR;             3,00;        59.895,87;00;             3,00;        59.895,87;             0,00;             0,00;             0,00;             0,00
0000049445;0004;MA0204F 15;112205FA0A I;SOPORTE ELASTICO HJD;             1,00;         8.754,55;00;             1,00;         8.754,55;             0,00;             0,00;             0,00;             0,00
0000049445;0005;MA0208F 04;805030664R I;CERRADURA PTA DEL IZQ;             1,00;        13.436,56;00;             1,00;        13.436,56;             0,00;             0,00;             0,00;             0,00
0000049445;0006;MA0210G 01;8200231186 I;GRILLE HAUT-PARLE;             5,00;         1.308,35;00;             5,00;         1.308,35;             0,00;             0,00;             0,00;             0,00
0000049445;0007;MA0212A 08;120A10872R I;PISTON EQP C;             2,00;       106.242,12;00;             2,00;       106.242,12;             0,00;             0,00;             0,00;             0,00
0000049445;0008;MA0220B 01;122152720R I;DEMI-COUSSINET PALIER RAINURE HAUT;            15,00;         1.455,45;00;            15,00;         1.455,45;             0,00;             0,00;             0,00;             0,00
0000049445;0009;MA0220B 03;121502463R I;COLLECTION DEMI-COUSSINET BIELLE;            12,00;           226,32;00;            12,00;           226,32;             0,00;             0,00;             0,00;             0,00
0000049445;0010;MA0220E 14;993B21448R I;LABEL-ELECBATDANGER ;             1,00;           646,19;00;             1,00;           646,19;             0,00;             0,00;             0,00;             0,00
0000049445;0011;MA0509B 05;123104228R I;VOLANTE MOTOR;             1,00;         1.777,95;00;             1,00;         1.777,95;             0,00;             0,00;             0,00;             0,00
0000049445;0012;MA1202D 03;0225244593;PATENTES RENAULT;           186,00;           892,80;00;           186,00;           892,80;             0,00;             0,00;             0,00;             0,00
0000049445;0013;MA1207D 01;0000131101 I;MOT.1311.01;             4,00;         2.111,60;00;             4,00;         2.111,60;             0,00;             0,00;             0,00;             0,00
0000049445;0014;MB0208A 06;924401309R I;TUBO CONDENSADOR;             1,00;        15.653,26;00;             1,00;        15.653,26;             0,00;             0,00;             0,00;             0,00
0000049446;0001;M6 R 015 C;850224210R I;COLLECTION BOUCLIER AR INF APV;             4,00;        46.146,08;00;             4,00;        46.146,08;             0,00;             0,00;             0,00;             0,00
0000049447;0001;C106C 11;0000150400 I;MS 1504 HERR.ESP.;             1,00;           145,72;00;             1,00;           145,72;             0,00;             0,00;             0,00;             0,00
0000049448;0001;D4 31 3F;402066768R I;COLECC DISCOS FRENOS DEL VENTILADOS KWID;             3,00;        79.170,03;00;             3,00;        79.170,03;             0,00;             0,00;             0,00;             0,00
0000049448;0002;D4 31 4G;402066768R I;COLECC DISCOS FRENOS DEL VENTILADOS KWID;            25,00;       659.750,25;00;            25,00;       659.750,25;             0,00;             0,00;             0,00;             0,00
0000049448;0003;D4 51 5E;402066768R I;COLECC DISCOS FRENOS DEL VENTILADOS KWID;            50,00;     1.319.500,50;00;            50,00;     1.319.500,50;             0,00;             0,00;             0,00;             0,00
0000049448;0004;D4 53 1E;402066768R I;COLECC DISCOS FRENOS DEL VENTILADOS KWID;             7,00;       184.730,07;00;             7,00;       184.730,07;             0,00;             0,00;             0,00;             0,00
0000049448;0005;D4 53 3F;402066768R I;COLECC DISCOS FRENOS DEL VENTILADOS KWID;            15,00;       395.850,15;00;            15,00;       395.850,15;             0,00;             0,00;             0,00;             0,00
0000049448;0006;SA0821D 01;402066768R I;COLECC DISCOS FRENOS DEL VENTILADOS KWID;            96,00;     2.533.440,96;00;            95,00;     2.507.050,95;-             1,00;             1,04;-        26.390,01;        26.390,01
0000049448;0007;SA0936D 01;402066768R I;COLECC DISCOS FRENOS DEL VENTILADOS KWID;            49,00;     1.293.110,49;00;            49,00;     1.293.110,49;             0,00;             0,00;             0,00;             0,00
0000049449;0001;MA0105F 06;130853TU2A I;GUIDE 1 CHAINE DISTRIBUTION;             2,00;           125,68;00;             2,00;           125,68;             0,00;             0,00;             0,00;             0,00
0000049449;0002;MA0107B 09;130284JM0A I;CHAINE DISTRIBUTION 2TR XZG;             3,00;         2.011,68;00;             3,00;         2.011,68;             0,00;             0,00;             0,00;             0,00
0000049449;0003;MA0212C 16;8660089907 I;PLUM MOTR FLAT 20";             2,00;         4.439,18;00;             2,00;         4.439,18;             0,00;             0,00;             0,00;             0,00
0000049449;0004;MA0220J 03;130703422R I;TENDEUR CHAINE DISTRIBUTION;             8,00;        41.230,88;00;             8,00;        41.230,88;             0,00;             0,00;             0,00;             0,00
0000049449;0005;MA0706C 01;172025249R I;MODULE JAUGE POMPE;             3,00;       131.806,32;00;             3,00;       131.806,32;             0,00;             0,00;             0,00;             0,00
0000049449;0006;MA1016B 04;808304JG0A;BURLETE PUERTA DEL DCH;             2,00;        22.784,82;00;             2,00;        22.784,82;             0,00;             0,00;             0,00;             0,00
0000049449;0007;MA1217B 05;808774415R I;MOLDURA INFERIOR PUERTA DELANT MEG III;             1,00;        13.815,19;00;             1,00;        13.815,19;             0,00;             0,00;             0,00;             0,00
0000049449;0008;MB0201C 03;739820032R;0BCALE SOUS ECLAIRE;            12,00;             0,00;00;            12,00;             0,00;             0,00;             0,00;             0,00;             0,00
0000049450;0001;OM1501A 02;296056785R I;CARGADOR CONJUNTO CON CAJA DE CONEXIÓN;             1,00;       321.858,56;00;             1,00;       321.858,56;             0,00;             0,00;             0,00;             0,00
0000049450;0002;OM1505A 03;290103231R I;MOTOR TRACCION ELECTRICA;             1,00;       215.486,41;00;             1,00;       215.486,41;             0,00;             0,00;             0,00;             0,00
0000049450;0003;OM1505C 01;290103231R I;MOTOR TRACCION ELECTRICA;             1,00;       215.486,41;00;             1,00;       215.486,41;             0,00;             0,00;             0,00;             0,00
0000049451;0001;P1 11 1G;295B93718R I;MÓDULO LR;             1,00;        15.138,33;00;             1,00;        15.138,33;             0,00;             0,00;             0,00;             0,00
0000049451;0002;P1 13 1F;295B93718R I;MÓDULO LR;             1,00;        15.138,33;00;             1,00;        15.138,33;             0,00;             0,00;             0,00;             0,00
0000049451;0003;P1 13 2F;295B93718R I;MÓDULO LR;             1,00;        15.138,33;00;             1,00;        15.138,33;             0,00;             0,00;             0,00;             0,00
0000049452;0001;C1 28 4F;6001550574 I;MONOGRAMA 1.6 16V;             1,00;           190,13;00;             1,00;           190,13;             0,00;             0,00;             0,00;             0,00
0000049452;0002;C316C 01;8201527754 I;COLLECTION CAMERA AIDE STATIONNEMENT F62;            10,00;        26.289,60;00;            10,00;        26.289,60;             0,00;             0,00;             0,00;             0,00
0000049453;0001;M6 R 025 C;850129613R I;COLLECTION BOUCLIER AR SUP APV;             1,00;       155.424,96;00;             1,00;       155.424,96;             0,00;             0,00;             0,00;             0,00
0000049453;0002;M6 R 031 C;620226669R I;PEAU BOUCLIER AV;             1,00;        29.459,55;00;             1,00;        29.459,55;             0,00;             0,00;             0,00;             0,00
0000049454;0001;D4 38 1A;8200708128 I;CONDENSADOR A/A;             3,00;        36.131,28;00;             3,00;        36.131,28;             0,00;             0,00;             0,00;             0,00
0000049454;0002;D4 48 6B;620933598R I;ABSORBEUR BOUCLIER A;             1,00;         5.117,09;00;             1,00;         5.117,09;             0,00;             0,00;             0,00;             0,00
0000049454;0003;SA9 02B02;214691527R I;CONVERGENT INF G;             1,00;        18.125,52;00;             1,00;        18.125,52;             0,00;             0,00;             0,00;             0,00
0000049454;0004;SA9 09A06;739820032R;0BCALE SOUS ECLAIRE;            13,00;             0,00;00;            13,00;             0,00;             0,00;             0,00;             0,00;             0,00
0000049455;0001;W1 1310A;766331931R I;DOUBLURE CUSTODE G;             1,00;        50.264,23;00;             1,00;        50.264,23;             0,00;             0,00;             0,00;             0,00
0000049456;0001;NE01 3101A;823010025R I;VIDRIO PUERTA TRAS IZQ;             1,00;        41.274,37;00;             1,00;        41.274,37;             0,00;             0,00;             0,00;             0,00
0000049457;0001;W2 18 4B;850221932R I;PEAU BOUCLIER AR F62PH2;            51,00;       370.706,76;00;            51,00;       370.706,76;             0,00;             0,00;             0,00;             0,00
0000049458;0001;MA0101A 16;289356358R I;TUBO LAVA VIDRIO;            33,00;        49.010,28;00;            33,00;        49.010,28;             0,00;             0,00;             0,00;             0,00
0000049458;0002;MA0119H 08;132107978R I;DEMI-BAGUE CONIQUE SOUPAPE;            13,00;         2.915,25;00;            13,00;         2.915,25;             0,00;             0,00;             0,00;             0,00
0000049458;0003;MA0119H 09;21498JY00A I;JUNTA;             1,00;           104,67;00;             1,00;           104,67;             0,00;             0,00;             0,00;             0,00
0000049458;0004;MA0119H 15;144652865R I;CONDUIT AIR SORTIE ECHANGEUR EQP U79P2;             4,00;            37,80;00;             4,00;            37,80;             0,00;             0,00;             0,00;             0,00
0000049458;0005;MA0119H 16;260568925R I;MOTOR FARO;             1,00;         4.081,12;00;             1,00;         4.081,12;             0,00;             0,00;             0,00;             0,00
0000049458;0006;MA0119I 12;769844437R I;AGRAFE FIX GARNIT;             1,00;           116,00;00;             1,00;           116,00;             0,00;             0,00;             0,00;             0,00
0000049458;0007;MA0119J 16;132074242R I;JUNTA MECANICA;            15,00;        10.672,50;00;            15,00;        10.672,50;             0,00;             0,00;             0,00;             0,00
0000049458;0008;MA0212B 09;821J04853R I;SUPPORT EL RETENUE CHOC PORTE AR;             8,00;           392,64;00;             8,00;           392,64;             0,00;             0,00;             0,00;             0,00
0000049458;0009;MA0213B 02;7700103631 I;PASTILLA REG.VALV.[8025];            24,00;         4.493,52;00;            24,00;         4.493,52;             0,00;             0,00;             0,00;             0,00
0000049458;0010;MA0218O 11;7701068740 I;TAPA TUERCA BRAZO;             3,00;         5.698,20;00;             3,00;         5.698,20;             0,00;             0,00;             0,00;             0,00
0000049458;0011;MA1013B 03;400141634R I;PORTAMANG. DE RUEDA DELANTERA DERECHA;             2,00;        27.813,92;00;             2,00;        27.813,92;             0,00;             0,00;             0,00;             0,00
0000049459;0001;C111A 08;284426113R I;Camara de estacionamiento D95;             1,00;         6.784,11;00;             1,00;         6.784,11;             0,00;             0,00;             0,00;             0,00
0000049459;0002;C111E 05;285252003R I;CALCULATEUR CLIMATISATION U79PH4;             1,00;         2.576,57;00;             1,00;         2.576,57;             0,00;             0,00;             0,00;             0,00
0000049459;0003;C204A 02;349014JZ0D;CDO VELOCID ENSAM AK;             1,00;        64.882,13;00;             1,00;        64.882,13;             0,00;             0,00;             0,00;             0,00
0000049459;0004;C206A 05;281154089R I;AUTORADIO;             7,00;        54.865,58;00;             7,00;        54.865,58;             0,00;             0,00;             0,00;             0,00
0000049460;0001;W1 06 5C;681009567R I;PLANCHE BORD ASS;             1,00;       686.707,14;00;             1,00;       686.707,14;             0,00;             0,00;             0,00;             0,00
0000049460;0002;W1 07 2C;681009567R I;PLANCHE BORD ASS;             2,00;     1.373.414,28;00;             2,00;     1.373.414,28;             0,00;             0,00;             0,00;             0,00
0000049460;0003;W2 13 5B;731123456R I;PAVILLON;             1,00;       271.601,81;00;             1,00;       271.601,81;             0,00;             0,00;             0,00;             0,00
0000049461;0001;D4 62 2A;638430011R I;PROTECTOR PASAJER;             5,00;        21.526,35;00;             5,00;        21.526,35;             0,00;             0,00;             0,00;             0,00
0000049461;0002;D4 70 7A;751747436R I;LONGERON CTL SOUS PLANCHER;             4,00;        64.024,00;00;             4,00;        64.024,00;             0,00;             0,00;             0,00;             0,00
0000049461;0003;SA9 05A01;7701065610 I;ELEM.FILT.COM;            27,00;           366,93;00;            27,00;           366,93;             0,00;             0,00;             0,00;             0,00
0000049462;0001;HA0610B 02;623109306R I;CALANDRA - GRILLA FRENTE;             2,00;        68.841,52;00;             2,00;        68.841,52;             0,00;             0,00;             0,00;             0,00
0000049463;0001;W1 20 6A;752103400R I;TRAVERSE EXTREME AV;             5,00;        70.894,20;00;             5,00;        70.894,20;             0,00;             0,00;             0,00;             0,00
0000049464;0001;D4 18 5G;260103279R I;PROJECTEUR D;            18,00;     1.889.698,86;00;            18,00;     1.889.698,86;             0,00;             0,00;             0,00;             0,00
0000049464;0002;D4 36 3F;260101393R I;PROYECTOR DELANTERO DERECHO KWID;            17,00;     1.254.301,99;00;            17,00;     1.254.301,99;             0,00;             0,00;             0,00;             0,00
0000049464;0003;D4 49 1E;260101393R I;PROYECTOR DELANTERO DERECHO KWID;            12,00;       885.389,64;00;            12,00;       885.389,64;             0,00;             0,00;             0,00;             0,00
0000049468;0001;M6 R 035 A;7701476554 I;PARAGOLPE DELANTERO;             1,00;         2.444,51;00;             1,00;         2.444,51;             0,00;             0,00;             0,00;             0,00
0000049469;0001;MA0101E 10;802920008R I;TAPA;             1,00;            85,97;00;             1,00;            85,97;             0,00;             0,00;             0,00;             0,00
0000049469;0002;MA0117E 05;7703602281 I;TORNILLO FIJ.BARRA TECHO;             2,00;         4.789,60;00;             2,00;         4.789,60;             0,00;             0,00;             0,00;             0,00
0000049469;0003;MA0117L 06;313373737R I;TAPON CARCAZA VELOCIDADES SG1 KWID;             3,00;         1.264,71;00;             3,00;         1.264,71;             0,00;             0,00;             0,00;             0,00
0000049469;0004;MA0207D 06;7703062012 I;JUNTA;            10,00;             3,70;00;            20,00;             7,40;            10,00;           100,00;             3,70;             3,70
0000049469;0005;MA0208B 08;7703041030 I;TUERCA M10-1,5;             3,00;         1.281,45;00;             3,00;         1.281,45;             0,00;             0,00;             0,00;             0,00
0000049469;0006;MA0210A 02;28550JY00A I;BOTON COMANDO;             2,00;        22.576,98;00;             2,00;        22.576,98;             0,00;             0,00;             0,00;             0,00
0000049469;0007;MA0210G 07;992081897R I;MOUSSE AMORTISSANT CHOC BATTERIE TRCN;             1,00;         2.058,59;00;             1,00;         2.058,59;             0,00;             0,00;             0,00;             0,00
0000049469;0008;MA1118B 03;550440043R I;ARTICULACION ELASTIC;            50,00;       118.826,50;00;            50,00;       118.826,50;             0,00;             0,00;             0,00;             0,00
0000049470;0001;C1 26 1J;11145CK80B I;SENSOR NIVEL ACEITE;             3,00;        17.171,49;00;             3,00;        17.171,49;             0,00;             0,00;             0,00;             0,00
0000049470;0002;C103D 12;479002290R I;SENSOR ABS RUEDA TRAS IZQ XHAPH1;             1,00;         1.578,41;00;             1,00;         1.578,41;             0,00;             0,00;             0,00;             0,00
0000049470;0003;C106B 04;7711818383;ENJOLIVEUR MONTANT AR PORTE AV D;           157,00;        95.652,25;00;           155,00;        94.433,75;-             2,00;             1,27;-         1.218,50;         1.218,50
0000049471;0001;SA1003B 03;6608065166 I;TUBE ASSY-AIR CONDITIONER HIGH AND LOW P;             1,00;       119.836,83;00;             1,00;       119.836,83;             0,00;             0,00;             0,00;             0,00
0000049471;0002;SA1112B 01;912104JG2A;TAPA CORREDERA TECHO CORREDIZO U60;             1,00;       141.375,38;00;             1,00;       141.375,38;             0,00;             0,00;             0,00;             0,00
0000049471;0003;SA9 15A04;791006099R I;FALDON AR;             1,00;        46.190,52;00;             1,00;        46.190,52;             0,00;             0,00;             0,00;             0,00
0000049472;0001;HA0831A 02;8200112109 I;PROTECTOR TUBO COMBUST.;             6,00;        19.295,28;00;             6,00;        19.295,28;             0,00;             0,00;             0,00;             0,00
0000049473;0001;NE01 2401D;833401337R I;VITRE FIXE PANNEAU LAT AR;             5,00;        27.206,25;00;             5,00;        27.206,25;             0,00;             0,00;             0,00;             0,00
0000049474;0001;D4 59 3D;961014KH2A; ESTRIBO LATERAL IZQUIERDO EA8 AK;             1,00;        48.655,76;00;             1,00;        48.655,76;             0,00;             0,00;             0,00;             0,00
0000049475;0001;OM1503A 02;331004JM1A;MODULO DIFERENCIA AK;             4,00;     1.423.837,88;00;             4,00;     1.423.837,88;             0,00;             0,00;             0,00;             0,00
0000049475;0002;OM1503B 02;385004JR3A;MODULO DIFERENCIA AK;             1,00;       255.338,80;00;             1,00;       255.338,80;             0,00;             0,00;             0,00;             0,00
0000049476;0001;MA0303B 03;7701472674 I;CADENA Y PINON CDO BOMBA;             1,00;         7.300,46;00;             1,00;         7.300,46;             0,00;             0,00;             0,00;             0,00
0000049477;0001;D4 49 6A;6608067176 I;ABSORVEDOR PARACHOQUE TRASERO GKO;            19,00;       229.882,52;00;            19,00;       229.882,52;             0,00;             0,00;             0,00;             0,00
0000049478;0001;W2 08 2A1;743206548R I;PLANCHER LAT D P-ASS;             4,00;       348.750,52;00;             4,00;       348.750,52;             0,00;             0,00;             0,00;             0,00
0000049479;0001;W2 15 4B;745005JL0J;FLOOR ASSY-RR;             3,00;       135.255,93;00;             3,00;       135.255,93;             0,00;             0,00;             0,00;             0,00
0000049480;0001;MA0117J 07;764M05370R I;JOINT ANTISALISSURE AV PORTE AV D HHA;             1,00;        37.729,37;00;             1,00;        37.729,37;             0,00;             0,00;             0,00;             0,00
0000049481;0001;D4 59 4B;769523027R I;EMBELLECEDOR gris;             2,00;        25.975,84;00;             2,00;        25.975,84;             0,00;             0,00;             0,00;             0,00
0000049481;0002;D4 63 2A;828219233R I;MOLDURA PANEL LATERAL IZQUIERDO;             1,00;        27.023,66;00;             0,00;             0,00;-             1,00;           100,00;-        27.023,66;        27.023,66
0000049482;0001;MA0208A 15;215598929R I;GUIA AIRE DERECHA H5D KD;             1,00;         8.869,60;00;             1,00;         8.869,60;             0,00;             0,00;             0,00;             0,00
0000049482;0002;MA0209E 06;7700415713 I;CLIP;            67,00;       151.022,69;00;            67,00;       151.022,69;             0,00;             0,00;             0,00;             0,00
0000049482;0003;MA0302A 05;805031568R I;SERRURE PORTE AV;             2,00;        27.789,22;00;             2,00;        27.789,22;             0,00;             0,00;             0,00;             0,00
0000049482;0004;MA0414B 01;112335JL0A; SOPORTE-MONTAJE DEL MOTOR, LH;             1,00;        22.784,86;00;             1,00;        22.784,86;             0,00;             0,00;             0,00;             0,00
0000049482;0005;MA0419D 02;805031568R I;SERRURE PORTE AV;             5,00;        69.473,05;00;             5,00;        69.473,05;             0,00;             0,00;             0,00;             0,00
0000049482;0006;MA0610A 03;8200485128 I;PARASOL IZQUIERDO C/ESP. - Kangoo;             2,00;        93.032,70;00;             2,00;        93.032,70;             0,00;             0,00;             0,00;             0,00
0000049482;0007;MA0615B 06;6001547113 I;PROTECT CAPT.ABS IZQUIERDO;             1,00;        57.263,71;00;             1,00;        57.263,71;             0,00;             0,00;             0,00;             0,00
0000049482;0008;MA0710E 02;110441KT0B I;JUNTA TAPA CILINDRO;             1,00;       101.505,39;00;             1,00;       101.505,39;             0,00;             0,00;             0,00;             0,00
0000049482;0009;MA0720A 03;485204680R I;COLECC.EXTREMO DIRECC DER;             3,00;       118.122,51;00;             3,00;       118.122,51;             0,00;             0,00;             0,00;             0,00
0000049482;0010;MA0803C 04;828206028R I;LAME LUNA DERECHA HJD;             4,00;        21.677,72;00;             4,00;        21.677,72;             0,00;             0,00;             0,00;             0,00
0000049482;0011;MA0820D 03;6001550443 I;BIELETA DIR DERECHA;            27,00;       573.725,97;00;            27,00;       573.725,97;             0,00;             0,00;             0,00;             0,00
0000049482;0012;MA1102A 02;7701208613 I;COLECC.FILTRO COMBUSTIBLE;            30,00;       206.255,70;00;            30,00;       206.255,70;             0,00;             0,00;             0,00;             0,00
0000049482;0013;MA1106E 03;8201742035 I;SUPORTE PROTEÇÃO FRONTAL E X79PH2;             1,00;        26.987,29;00;             1,00;        26.987,29;             0,00;             0,00;             0,00;             0,00
0000049482;0014;MA1213A 03;628112260R I;GUIDE AIR SUP G BOUCLIER AV X79PH2;             6,00;        20.034,54;00;             6,00;        20.034,54;             0,00;             0,00;             0,00;             0,00
0000049482;0015;MA1213A 04;628112260R I;GUIDE AIR SUP G BOUCLIER AV X79PH2;             5,00;        16.695,45;00;             5,00;        16.695,45;             0,00;             0,00;             0,00;             0,00
0000049483;0001;SA0923C 03;620921181R I;ABSORBENTE FRONTAL DER U79PH2;            10,00;        35.356,90;00;            10,00;        35.356,90;             0,00;             0,00;             0,00;             0,00
0000049483;0002;SA0927B 02;240119085S I;CABLEADO MOTOR H5D KD;             1,00;       203.511,00;00;             1,00;       203.511,00;             0,00;             0,00;             0,00;             0,00
0000049483;0003;SA0930A 02;620921181R I;ABSORBENTE FRONTAL DER U79PH2;             2,00;         7.071,38;00;             2,00;         7.071,38;             0,00;             0,00;             0,00;             0,00
0000049483;0004;SA1009A 02;828206028R I;LAME LUNA DERECHA HJD;            85,00;       460.651,55;00;            84,00;       455.232,12;-             1,00;             1,18;-         5.419,43;         5.419,43
0000049483;0005;SA1019C 03;8200881829 I;SOPORTE PUNTA EJE DER;             3,00;       416.316,87;00;             3,00;       416.316,87;             0,00;             0,00;             0,00;             0,00
0000049484;0001;HA0816A 02;403004978R I;LLANTA 16" THEMA X79 COLO gris oscura;             3,00;        50.391,84;00;             3,00;        50.391,84;             0,00;             0,00;             0,00;             0,00
0000049484;0002;HA0831A 01;260609744R I;PROYECTOR DELANTERO IZQ B52 RS;             4,00;       217.586,12;00;             4,00;       217.586,12;             0,00;             0,00;             0,00;             0,00
0000049485;0001;HA0616B 01;620921181R I;ABSORBENTE FRONTAL DER U79PH2;            20,00;        70.713,80;00;            20,00;        70.713,80;             0,00;             0,00;             0,00;             0,00
0000049486;0001;SO07 1201B;403003633R I;LLANTA ROUE 7 J 18 5 39 (CINZA);            10,00;     3.380.580,00;00;            10,00;     3.380.580,00;             0,00;             0,00;             0,00;             0,00
0000049487;0001;W2 07 2B;403003633R I;LLANTA ROUE 7 J 18 5 39 (CINZA);            15,00;     5.070.870,00;00;            15,00;     5.070.870,00;             0,00;             0,00;             0,00;             0,00
0000049488;0001;C103F 11;259945JN0A I;CAPTEUR AIDE AU PARKING AR;             5,00;       485.935,95;00;             5,00;       485.935,95;             0,00;             0,00;             0,00;             0,00
0000049488;0002;C412C 02;868844390R I;CEINTURE SCR D 1ERE RNG;             9,00;       210.359,97;00;             9,00;       210.359,97;             0,00;             0,00;             0,00;             0,00
0000049489;0001;NE01 2801D;803008871R I;VIDRIO PUERTA DEL DER;             1,00;        10.020,78;00;             1,00;        10.020,78;             0,00;             0,00;             0,00;             0,00
0000049490;0001;D4 58 6B;768603659R I;JOINT DOUBLE ETANCHEITE D;             2,00;       102.884,56;00;             2,00;       102.884,56;             0,00;             0,00;             0,00;             0,00
0000049490;0002;NE03 1501B;641967424R;RFZO DOBLAD DL D SA3;            33,00;       183.224,91;00;            33,00;       183.224,91;             0,00;             0,00;             0,00;             0,00
0000049490;0003;SA0823A 03;172026561R I;MODULO BOMBA DE COMBUSTIBLE;             3,00;       119.488,56;00;             3,00;       119.488,56;             0,00;             0,00;             0,00;             0,00
0000049490;0004;SA1040A 03;769235146R I;JOINT ENTREE PORT;             3,00;        66.630,63;00;             3,00;        66.630,63;             0,00;             0,00;             0,00;             0,00
0000049490;0005;SA1102B 04;165560884R I;CONDUCTO AIRE FILTRO AIRE B4D;            10,00;        50.351,50;00;            10,00;        50.351,50;             0,00;             0,00;             0,00;             0,00
0000049490;0006;SA1133C 02;261526825R I;COLLECTION ENJOLI C/Faro aux.;             5,00;       127.413,30;00;             5,00;       127.413,30;             0,00;             0,00;             0,00;             0,00
0000049491;0001;MA0105C 04;485206512R I;ROTULA EXTREMO DE DIRECCION;            12,00;       125.132,88;00;            12,00;       125.132,88;             0,00;             0,00;             0,00;             0,00
0000049491;0002;MA0109D 05;8200675047 I;SOPORTE CORDON BANDEJA TR;           243,00;        59.000,40;00;           241,00;        58.514,80;-             2,00;             0,82;-           485,60;           485,60
0000049491;0003;MA0117M 13;254118044R I; INTERRUPTEUR DOUBLE LVE H79 PH2;             1,00;         6.165,92;00;             1,00;         6.165,92;             0,00;             0,00;             0,00;             0,00
0000049491;0004;MA0216B 07;253C68776R I;SUPPORT CAPTEUR AIDE PARKING CTL;             2,00;         2.963,30;00;             2,00;         2.963,30;             0,00;             0,00;             0,00;             0,00
0000049491;0005;MA0220L 07;253C68776R I;SUPPORT CAPTEUR AIDE PARKING CTL;             2,00;         2.963,30;00;             2,00;         2.963,30;             0,00;             0,00;             0,00;             0,00
0000049491;0006;MA0306A 10;110447527R I;JUNTA TAPA DE CIL B4D;             3,00;        81.439,29;00;             3,00;        81.439,29;             0,00;             0,00;             0,00;             0,00
0000049491;0007;MA0706A 01;240152960R I;MAZO CABLE TRASERO X52;             2,00;        24.501,24;00;             2,00;        24.501,24;             0,00;             0,00;             0,00;             0,00
0000049491;0008;MA1103B 02;403150239R I;ENJOLIVEUR ROUE SILVERSTONE;           151,00;       808.238,07;00;           151,00;       808.238,07;             0,00;             0,00;             0,00;             0,00
0000049491;0009;MA1108C 04;112107050R I;TAMPON ELASTIQUE;             8,00;        88.483,76;00;             8,00;        88.483,76;             0,00;             0,00;             0,00;             0,00
0000049491;0010;MA1113B 01;960162804R I;ELARGISSEUR BOUCLIER AV D;             9,00;        24.332,40;00;            10,00;        27.036,00;             1,00;            11,11;         2.703,60;         2.703,60
0000049491;0011;MA1209B 03;117205191R I;CORREA ESTRIADA;             9,00;       109.514,97;00;             9,00;       109.514,97;             0,00;             0,00;             0,00;             0,00
0000049491;0012;MA1209D 02;261A33779R I;EMBELLECEDOR EXPLORADOR IZQUIERDO KWID;             3,00;        93.478,95;00;             3,00;        93.478,95;             0,00;             0,00;             0,00;             0,00
0000049492;0001;C112A 08;254118044R I; INTERRUPTEUR DOUBLE LVE H79 PH2;             5,00;        30.829,60;00;             5,00;        30.829,60;             0,00;             0,00;             0,00;             0,00
0000049492;0002;C408C 01;7711948856 I;MINIATURA 1/43 MEGANE E-TECH BLANC GLACI;            35,00;       554.886,85;00;            35,00;       554.886,85;             0,00;             0,00;             0,00;             0,00
0000049493;0001;HA0615E 02;117502781R I;TENSOR MOVIL KXX;           122,00;     2.563.773,88;00;           122,00;     2.563.773,88;             0,00;             0,00;             0,00;             0,00
0000049493;0002;HA0623E 02;117502781R I;TENSOR MOVIL KXX;           119,00;     2.500.730,26;00;           119,00;     2.500.730,26;             0,00;             0,00;             0,00;             0,00
0000049493;0003;HA0630E 02;117502781R I;TENSOR MOVIL KXX;           276,00;     5.800.013,04;00;           276,00;     5.800.013,04;             0,00;             0,00;             0,00;             0,00
0000049494;0001;AA371;165466859R I;FILTRO DE AIRE H5H;           517,00;     4.413.463,56;00;           517,00;     4.413.463,56;             0,00;             0,00;             0,00;             0,00
0000049494;0002;AA375;165466859R I;FILTRO DE AIRE H5H;         1.351,00;    11.533.054,68;00;         1.351,00;    11.533.054,68;             0,00;             0,00;             0,00;             0,00
0000049494;0003;AA433;272889739R I;FILTRO DE HABITACULO X52-XHA;         5.440,00;    11.152.598,40;00;         5.440,00;    11.152.598,40;             0,00;             0,00;             0,00;             0,00
0000049495;0001;D4 4810C;400144324R I;PORTA MANGUETA DEL DER KWPF1;             4,00;        75.985,48;00;             4,00;        75.985,48;             0,00;             0,00;             0,00;             0,00
0000049495;0002;D4 6212C;625109790R I;TRAVERSE SUP FACE AV ASS;             9,00;         8.019,63;00;             9,00;         8.019,63;             0,00;             0,00;             0,00;             0,00
0000049495;0003;SA0833B 03;620932876R I;ABSORBEDOR PARAGOLPE;             4,00;        77.720,80;00;             4,00;        77.720,80;             0,00;             0,00;             0,00;             0,00
0000049495;0004;SA0927B 01;791100727R I;DOUBLURE JUPE PAR X52;            30,00;       321.511,20;00;            30,00;       321.511,20;             0,00;             0,00;             0,00;             0,00
0000049495;0005;SA1009C 04;269250618R I;EMBELLECEDOR FAROS POSICION IZQ;            12,00;       209.253,60;00;            12,00;       209.253,60;             0,00;             0,00;             0,00;             0,00
0000049495;0006;SA1026C 04;808207724R I;LECHEUR EXT AV D;             2,00;        39.041,04;00;             2,00;        39.041,04;             0,00;             0,00;             0,00;             0,00
0000049495;0007;SA1028A 02;808207724R I;LECHEUR EXT AV D;             9,00;       175.684,68;00;             9,00;       175.684,68;             0,00;             0,00;             0,00;             0,00
0000049495;0008;SA1115A 01;269250618R I;EMBELLECEDOR FAROS POSICION IZQ;             8,00;       139.502,40;00;             8,00;       139.502,40;             0,00;             0,00;             0,00;             0,00
0000049495;0009;SA9 11A03;269250618R I;EMBELLECEDOR FAROS POSICION IZQ;             6,00;       104.626,80;00;             6,00;       104.626,80;             0,00;             0,00;             0,00;             0,00
0000049496;0001;W2 45 7A;403009786R I;LLANTA DE ALEACION R17 HHA;             7,00;     1.167.940,97;00;             7,00;     1.167.940,97;             0,00;             0,00;             0,00;             0,00
0000049496;0002;W2 55 5A;791100727R I;DOUBLURE JUPE PAR X52;            10,00;       107.170,40;00;            10,00;       107.170,40;             0,00;             0,00;             0,00;             0,00
0000049497;0001;M4 R 021 A;620220781R;PARAGOLPE DELANTERO X67 TC;            16,00;     1.370.785,76;00;            16,00;     1.370.785,76;             0,00;             0,00;             0,00;             0,00
0000049497;0002;M4 R 021 B;620220781R;PARAGOLPE DELANTERO X67 TC;            13,00;     1.113.763,43;00;            13,00;     1.113.763,43;             0,00;             0,00;             0,00;             0,00
0000049497;0003;M6 R 033 B;620220781R;PARAGOLPE DELANTERO X67 TC;             6,00;       514.044,66;00;             6,00;       514.044,66;             0,00;             0,00;             0,00;             0,00
0000049498;0001;MA0316C 05;7701207449 I;COLEC.JUNTA BOMBA COMBUST;             5,00;        20.537,10;00;             5,00;        20.537,10;             0,00;             0,00;             0,00;             0,00
0000049498;0002;MA1107C 01;8200356446 I;CORREA ESTRIAS;            15,00;       278.907,45;00;            15,00;       278.907,45;             0,00;             0,00;             0,00;             0,00
0000049498;0003;MB0209A 05;622231025R I;SOPORTE DE PARAGOLPE DELANTERO IZQUIERDO;            25,00;        37.968,25;00;            25,00;        37.968,25;             0,00;             0,00;             0,00;             0,00
0000049498;0004;MB0212B 03;7701207449 I;COLEC.JUNTA BOMBA COMBUST;            12,00;        49.289,04;00;            12,00;        49.289,04;             0,00;             0,00;             0,00;             0,00
0000049499;0001;HA0602B 01;623102412R I;GRILLA CALANDRA U79 PH2;            18,00;       258.022,08;00;            18,00;       258.022,08;             0,00;             0,00;             0,00;             0,00
0000049499;0002;HA0604B 02;682606935R I;FRENTE TABLERO X52;             2,00;        30.432,94;00;             2,00;        30.432,94;             0,00;             0,00;             0,00;             0,00
0000049500;0001;C1 25 3G;8200916128 I;PIÑON FIJO DE 5TA;             2,00;        89.426,72;00;             2,00;        89.426,72;             0,00;             0,00;             0,00;             0,00
0000049500;0002;C105C 08;755568219R I;EMBELLECEDOR SUPERIOR PUERTA TRAS DER;            13,00;       228.268,30;00;            14,00;       245.827,40;             1,00;             7,69;        17.559,10;        17.559,10
0000049500;0003;C107A 14;8200916128 I;PIÑON FIJO DE 5TA;             3,00;       134.140,08;00;             3,00;       134.140,08;             0,00;             0,00;             0,00;             0,00
0000049500;0004;C418A 01;8201741938 I;COLEC TUER ANTIROB RUE AUX AXS U79HHAHJD;            81,00;     1.794.771,27;00;            68,00;     1.506.721,56;-            13,00;            16,05;-       288.049,71;       288.049,71
0000049500;0005;C606A 01;8200568671 I;BOBINA ENCENDIDO KXX-FXX;             4,00;       138.066,44;00;             4,00;       138.066,44;             0,00;             0,00;             0,00;             0,00
0000049500;0006;C704B 01;7711948734 I;CUADERNOS EMBLEM X 10 MIX COLORES;           171,00;     7.626.500,82;00;           171,00;     7.626.500,82;             0,00;             0,00;             0,00;             0,00
0000049501;0001;D4 59 4D;769523741R I;EMBELLECEDOR INFERIOR IZQUIERDO U79;             5,00;        24.217,90;00;             5,00;        24.217,90;             0,00;             0,00;             0,00;             0,00
0000049501;0002;D4 63 5E;768511695R I;EMBEL. LATERAL INFERIOR IZQ OROCH PAP;             4,00;       242.545,92;00;             4,00;       242.545,92;             0,00;             0,00;             0,00;             0,00
0000049502;0001;D4 59 7C;769523741R I;EMBELLECEDOR INFERIOR IZQUIERDO U79;             8,00;        38.748,64;00;             8,00;        38.748,64;             0,00;             0,00;             0,00;             0,00
0000049503;0001;NE01 2001C;803139442R I;VITRE MOBILE PORTE AV G;            40,00;       697.162,00;00;            40,00;       697.162,00;             0,00;             0,00;             0,00;             0,00
0000049503;0002;NE01 2801B;803139442R I;VITRE MOBILE PORTE AV G;            33,00;       575.158,65;00;            33,00;       575.158,65;             0,00;             0,00;             0,00;             0,00
0000049504;0001;NE01 0403A;803139442R I;VITRE MOBILE PORTE AV G;            26,00;       453.155,30;00;            26,00;       453.155,30;             0,00;             0,00;             0,00;             0,00
0000049504;0002;NE01 3102B;803139442R I;VITRE MOBILE PORTE AV G;            62,00;     1.080.601,10;00;            62,00;     1.080.601,10;             0,00;             0,00;             0,00;             0,00
0000049505;0001;HA0712B 01;963039971R I;ESPEJO RETROVISOR EXT DER ELECTRICO KWID;            10,00;       475.003,40;00;            10,00;       475.003,40;             0,00;             0,00;             0,00;             0,00
0000049505;0002;HA0808B 02;8201743331 I;PARAGOLPE LAT TRAS IZQ KWIDPH1;             6,00;        78.404,22;00;             6,00;        78.404,22;             0,00;             0,00;             0,00;             0,00
0000049505;0003;HA0816A 01;873517608R I;ARMADURA ASIENTO CON REGULADOR ALTURA;             7,00;       908.040,28;00;             7,00;       908.040,28;             0,00;             0,00;             0,00;             0,00
0000049505;0004;HA0818A 01;8660089837 I;BOMBA DE AGUA Vw 1.0/1.6 (Gol, Voyage, F;            35,00;       428.494,50;00;            35,00;       428.494,50;             0,00;             0,00;             0,00;             0,00
0000049506;0001;C206B 02;990452600R I;ETIQ. DECORATIVAS PUERTAS LADO IZQUIERDO;            24,00;       294.102,24;00;            24,00;       294.102,24;             0,00;             0,00;             0,00;             0,00
0000049506;0002;C218B 02;908902734R I;MONOGRAMA TARSERO ARKANA EAL ARK;             8,00;       292.420,72;00;             8,00;       292.420,72;             0,00;             0,00;             0,00;             0,00
0000049506;0003;C618A 01;8201743793 I;KIT STICKER  OUTSIDER OR2;            63,00;       810.271,35;00;            63,00;       810.271,35;             0,00;             0,00;             0,00;             0,00
0000049507;0001;MA0107A 03;6608088288 I;EMBELLECEDOR RUEDA GKO;            12,00;         6.855,00;00;            12,00;         6.855,00;             0,00;             0,00;             0,00;             0,00
0000049507;0002;MA0310C 03;7700417243 I;PUNTA DE EJE TRAS.;             1,00;           579,78;00;             1,00;           579,78;             0,00;             0,00;             0,00;             0,00
0000049507;0003;MA0905D 03;822343455R I;MOLDURA MONTANTE VIDRIO TRASERO DER;             1,00;         4.184,14;00;             1,00;         4.184,14;             0,00;             0,00;             0,00;             0,00
0000049507;0004;MA1220A 01;963732329R I;COQUILLE RTRV EXT G;             9,00;        22.150,71;00;             9,00;        22.150,71;             0,00;             0,00;             0,00;             0,00
0000049508;0001;NE03 2701B;8660002090 I;BOMBA DE AGUA F4R/F9Q/F3R/F8Q;           121,00;     1.369.569,96;00;           121,00;     1.369.569,96;             0,00;             0,00;             0,00;             0,00
0000049508;0002;SA0825C 03;963732329R I;COQUILLE RTRV EXT G;            23,00;        56.607,37;00;            23,00;        56.607,37;             0,00;             0,00;             0,00;             0,00
0000049508;0003;SA0937C 02;963730193R I;COQUILLE RTRV EXT IZQ X52;             9,00;        27.252,18;00;             9,00;        27.252,18;             0,00;             0,00;             0,00;             0,00
0000049508;0004;SA1002B 03;201001621R I;LIGNE ECHP PARTIE AR RCH ASS XJF;             2,00;     1.809.956,64;00;             2,00;     1.809.956,64;             0,00;             0,00;             0,00;             0,00
0000049508;0005;SA1033A 02;822343455R I;MOLDURA MONTANTE VIDRIO TRASERO DER;             2,00;         8.368,28;00;             2,00;         8.368,28;             0,00;             0,00;             0,00;             0,00
0000049508;0006;SA1110B 01;921200754R I;GROUPE MOTOVENTILATEUR RFRT MOTEUR U79P2;             1,00;        51.840,56;00;             1,00;        51.840,56;             0,00;             0,00;             0,00;             0,00
0000049508;0007;SA1120A 02;8550501438 I;ROTULA SUSP. Logan II-Sandero II;           207,00;       676.217,25;00;           207,00;       676.217,25;             0,00;             0,00;             0,00;             0,00
0000049509;0001;M4 R 031 D;850B06622R I;PARACHOQUE TRASERO EA2 EA3 BOR;             1,00;        81.506,76;00;             1,00;        81.506,76;             0,00;             0,00;             0,00;             0,00
0000049509;0002;M5 R 015 D;850224115R I;PARAGOLPE TRAS U79 PH2 c/radar;             8,00;       906.713,28;00;             8,00;       906.713,28;             0,00;             0,00;             0,00;             0,00
0000049510;0001;HA0611B 02;963026282R I;RETROVISOR EXTERIOR IZQUIERDO ELECTRICO;            35,00;       938.722,75;00;            35,00;       938.722,75;             0,00;             0,00;             0,00;             0,00
0000049511;0001;D4 22 2F;261A24985R I;EMBELLECEDOR DR;             7,00;       195.701,87;00;             7,00;       195.701,87;             0,00;             0,00;             0,00;             0,00
0000049511;0002;SA1013F 01;963746154R I;COQUILLA RETROVISOR EXT IZQ HJD;            26,00;       270.681,58;00;            26,00;       270.681,58;             0,00;             0,00;             0,00;             0,00
0000049511;0003;SA1136D 02;934629794R I;COMANDO ABERTURA PORTON TRASERO U79;            10,00;       710.944,50;00;            10,00;       710.944,50;             0,00;             0,00;             0,00;             0,00
0000049512;0001;MA0103C 03;638532206R I;BAVETTE AV G;             4,00;         3.536,00;00;             4,00;         3.536,00;             0,00;             0,00;             0,00;             0,00
0000049512;0002;MA0308A 02;215016471R I;TUYAU ENTREE RADIATEUR;             1,00;         4.736,80;00;             1,00;         4.736,80;             0,00;             0,00;             0,00;             0,00
0000049512;0003;MA0313D 02;122807064R I;SEMICOJINETE AXIAL MOTOR B4D;             6,00;        11.411,64;00;             6,00;        11.411,64;             0,00;             0,00;             0,00;             0,00
0000049512;0004;MA0501A 02;638301557R I;ECRAN LAT PASSAGE ROUE AV D;             5,00;           228,10;00;             5,00;           228,10;             0,00;             0,00;             0,00;             0,00
0000049512;0005;MA0610A 06;685110040R I;PORTILLON VIDE-PO;             1,00;        25.007,33;00;             1,00;        25.007,33;             0,00;             0,00;             0,00;             0,00
0000049512;0006;MA0708E 06;112531966R I;SOPORTE CAJA;             5,00;        33.030,50;00;             5,00;        33.030,50;             0,00;             0,00;             0,00;             0,00
0000049512;0007;MA0717A 03;215010902R I;TUYAU ENTREE RADIATEUR;             3,00;         3.637,44;00;             3,00;         3.637,44;             0,00;             0,00;             0,00;             0,00
0000049512;0008;MA0720C 01;850877085R I;ENJOLIVEUR G HABILLAGE INF BOUCLIER AR;             2,00;       139.883,84;00;             2,00;       139.883,84;             0,00;             0,00;             0,00;             0,00
0000049512;0009;MA0815A 04;111149107R I;PLASTICO;            18,00;        39.141,90;00;            18,00;        39.141,90;             0,00;             0,00;             0,00;             0,00
0000049512;0010;MA0909E 04;859335436R I;ELARGISSEUR G BOUCLIER AR;             2,00;         7.903,56;00;             2,00;         7.903,56;             0,00;             0,00;             0,00;             0,00
0000049513;0001;W2 23 1C;731126294R I;TECHO;             2,00;       159.925,46;00;             2,00;       159.925,46;             0,00;             0,00;             0,00;             0,00
0000049513;0002;W2 30 1B;731126294R I;TECHO;             2,00;       159.925,46;00;             2,00;       159.925,46;             0,00;             0,00;             0,00;             0,00
0000049514;0001;CE1612B 01;8201059904 I;TRAVESANIO SUP DELANTERO;             4,00;       115.636,72;00;             4,00;       115.636,72;             0,00;             0,00;             0,00;             0,00
0000049514;0002;W2 32 5A;739109197R I;GARNITURE DE PAVILLON NUE;             1,00;       166.911,79;00;             1,00;       166.911,79;             0,00;             0,00;             0,00;             0,00
0000049515;0001;D4 4710A;572101538R I;SUPPORT ROUE SECO;             7,00;       328.548,15;00;             7,00;       328.548,15;             0,00;             0,00;             0,00;             0,00
0000049515;0002;SA0821A 02;214760061R I;CONVERGENT SUP F62PH2;             1,00;         3.967,88;00;             1,00;         3.967,88;             0,00;             0,00;             0,00;             0,00
0000049515;0003;SA0934A 01;963662976R I;ESPEJO RETROVISOR EXTERIOR IZQUIERDO;            24,00;       910.041,60;00;            24,00;       910.041,60;             0,00;             0,00;             0,00;             0,00
0000049515;0004;SA1003B 04;963662976R I;ESPEJO RETROVISOR EXTERIOR IZQUIERDO;            42,00;     1.592.572,80;00;            42,00;     1.592.572,80;             0,00;             0,00;             0,00;             0,00
0000049515;0005;SA1012C 02;921009956R I;CONDENSADOR A A;             1,00;       132.865,95;00;             1,00;       132.865,95;             0,00;             0,00;             0,00;             0,00
0000049515;0006;SA1122B 01;934629794R I;COMANDO ABERTURA PORTON TRASERO U79;             4,00;       284.377,80;00;             4,00;       284.377,80;             0,00;             0,00;             0,00;             0,00
0000049515;0007;SA1125C 03;859335436R I;ELARGISSEUR G BOUCLIER AR;             4,00;        15.807,12;00;             4,00;        15.807,12;             0,00;             0,00;             0,00;             0,00
0000049516;0001;M4 R 007 C;850183404R I;PEAU INF BOUCLIER AR;             2,00;       599.724,32;00;             2,00;       599.724,32;             0,00;             0,00;             0,00;             0,00
0000049517;0001;HA0801B 01;113758078R I;TAMPON HYDRO-ELASTIQUE AV D ASS;            19,00;     1.561.148,11;00;            19,00;     1.561.148,11;             0,00;             0,00;             0,00;             0,00
0000049518;0001;D4 25 5F;8550501438 I;ROTULA SUSP. Logan II-Sandero II;           114,00;       372.409,50;00;           114,00;       372.409,50;             0,00;             0,00;             0,00;             0,00
0000049519;0001;LE02 0904A;760331821R;COSTADO IZQ      SW3;             1,00;         7.595,81;00;             1,00;         7.595,81;             0,00;             0,00;             0,00;             0,00
0000049520;0001;MA0105A 16;622232784R I;SUPPORT AV G BOUCLIER AV;            27,00;       180.406,17;00;            17,00;       113.589,07;-            10,00;            37,04;-        66.817,10;        66.817,10
0000049520;0002;MA0111B 12;511655670R I;TAPA ANILLO REMOLQUE H79 PH2;            10,00;        76.795,70;00;            10,00;        76.795,70;             0,00;             0,00;             0,00;             0,00
0000049520;0003;MA0115E 07;402107387R I;ROULEMENT AV;             1,00;        38.411,28;00;             1,00;        38.411,28;             0,00;             0,00;             0,00;             0,00
0000049520;0004;MA0210D 16;360103090R I;MECANISME FREIN PARKING X52-X67;             1,00;        17.964,69;00;             1,00;        17.964,69;             0,00;             0,00;             0,00;             0,00
0000049520;0005;MA0212G 06;622232784R I;SUPPORT AV G BOUCLIER AV;            23,00;       153.679,33;00;            22,00;       146.997,62;-             1,00;             4,35;-         6.681,71;         6.681,71
0000049520;0006;MA0402A 03;403154168R I;TAZA RUEDA EMBLEMA ROMBO NEGRO X62;             5,00;        22.753,40;00;             5,00;        22.753,40;             0,00;             0,00;             0,00;             0,00
0000049520;0007;MA0420A 05;269166654R I;SOPORTE FARO ADICIONAL IZQ B52;             2,00;        15.053,94;00;             3,00;        22.580,91;             1,00;            50,00;         7.526,97;         7.526,97
0000049520;0008;MA0702A 06;620757792R I;EMBELLECEDORES PARAGOLPE DEL IZQ B52;             9,00;        76.448,52;00;             9,00;        76.448,52;             0,00;             0,00;             0,00;             0,00
0000049520;0009;MA0910C 03;402107387R I;ROULEMENT AV;             9,00;       345.701,52;00;             9,00;       345.701,52;             0,00;             0,00;             0,00;             0,00
0000049520;0010;MA1019D 03;265850007R I;FARO ANTINIEBLA TRASERO IZQUIERDO;             5,00;       193.626,55;00;             5,00;       193.626,55;             0,00;             0,00;             0,00;             0,00
0000049520;0011;MA1210A 04;269166654R I;SOPORTE FARO ADICIONAL IZQ B52;             2,00;        15.053,94;00;             2,00;        15.053,94;             0,00;             0,00;             0,00;             0,00
0000049520;0012;MB0201C 06;403154168R I;TAZA RUEDA EMBLEMA ROMBO NEGRO X62;            25,00;       113.767,00;00;            25,00;       113.767,00;             0,00;             0,00;             0,00;             0,00
0000049521;0001;D4 08 3E;266050994R I;FARO DELANTERO IZQUIERDO LUZ DIA PROJA2;            18,00;     7.120.349,82;00;            18,00;     7.120.349,82;             0,00;             0,00;             0,00;             0,00
0000049521;0002;D4 10 6E;545032428R I;BRAZO SUSPENSION DELANTERA IZQ KWID;            66,00;     2.963.534,64;00;            66,00;     2.963.534,64;             0,00;             0,00;             0,00;             0,00
0000049521;0003;D4 13 2E;288954625R I;ESCOBILLA LIMPIAPARABRISA CONDUCTOR X67;            67,00;     1.054.203,46;00;            67,00;     1.054.203,46;             0,00;             0,00;             0,00;             0,00
0000049521;0004;D4 15 3G;850176695R I;PARACHOQUE TRASERO IZQUIERDO ARK;             7,00;       260.900,71;00;             7,00;       260.900,71;             0,00;             0,00;             0,00;             0,00
0000049521;0005;D4 24 5F;403003294R I;LLANTA DE ACERO R14 BBB BLACK STYLE;             7,00;        42.930,86;00;             7,00;        42.930,86;             0,00;             0,00;             0,00;             0,00
0000049521;0006;D4 29 3F;403003294R I;LLANTA DE ACERO R14 BBB BLACK STYLE;            29,00;       177.856,42;00;            29,00;       177.856,42;             0,00;             0,00;             0,00;             0,00
0000049521;0007;D4 45 5E;266006538R I;FARO DELANTERO DERECHO LUZ DIA PROJA2;             8,00;     3.155.617,60;00;             8,00;     3.155.617,60;             0,00;             0,00;             0,00;             0,00
0000049521;0008;D4 50 8D;266006538R I;FARO DELANTERO DERECHO LUZ DIA PROJA2;            26,00;    10.255.757,20;00;            26,00;    10.255.757,20;             0,00;             0,00;             0,00;             0,00
0000049521;0009;D4 66 8D;545044765R I;ENSEMBLE BRAS INF AV D;            23,00;     1.067.662,07;00;            23,00;     1.067.662,07;             0,00;             0,00;             0,00;             0,00
0000049521;0010;D4 68 1G;623101750R I;GRILLA CALANDRA HJF E4;             4,00;       338.633,60;00;             4,00;       338.633,60;             0,00;             0,00;             0,00;             0,00
0000049521;0011;SA1138D 01;7711172427 I;CUBREALFOMBRA PAPEL DE TALLER 500 UDS.;            18,00;       543.230,10;00;            18,00;       543.230,10;             0,00;             0,00;             0,00;             0,00
0000049522;0001;D4 30 7B;215590775R I;GUIDE AIR G H79 PH2;             3,00;       173.423,43;00;             3,00;       173.423,43;             0,00;             0,00;             0,00;             0,00
0000049522;0002;D4 34 2C;180022703R I;PEDAL ACELERADOR;            24,00;     2.958.674,64;00;            24,00;     2.958.674,64;             0,00;             0,00;             0,00;             0,00
0000049522;0003;D4 3811A;623107739R I;GRILLA FRENTE CARROCERIA JUNTA CROMO;             9,00;       248.733,00;00;             9,00;       248.733,00;             0,00;             0,00;             0,00;             0,00
0000049522;0004;D4 48 5C;620933058R I;ABSORBEUR G BOUCLIER AV;            14,00;        44.830,38;00;            14,00;        44.830,38;             0,00;             0,00;             0,00;             0,00
0000049522;0005;SA0825A 01;261522756R I;EMB. F. ANTINIEB B52 C/faros;            10,00;        88.569,40;00;            10,00;        88.569,40;             0,00;             0,00;             0,00;             0,00
0000049522;0006;SA0827A 02;288954625R I;ESCOBILLA LIMPIAPARABRISA CONDUCTOR X67;            42,00;       660.843,96;00;            42,00;       660.843,96;             0,00;             0,00;             0,00;             0,00
0000049522;0007;SA0932C 01;265501249R I;FARO TRASERO DERECHO SANDERO STEPW RS GT;             7,00;       251.942,67;00;             7,00;       251.942,67;             0,00;             0,00;             0,00;             0,00
0000049522;0008;SA1009A 03;403154168R I;TAZA RUEDA EMBLEMA ROMBO NEGRO X62;            53,00;       241.186,04;00;            53,00;       241.186,04;             0,00;             0,00;             0,00;             0,00
0000049522;0009;SA1022A 04;620757792R I;EMBELLECEDORES PARAGOLPE DEL IZQ B52;            24,00;       203.862,72;00;            24,00;       203.862,72;             0,00;             0,00;             0,00;             0,00
0000049522;0010;SA1029A 03;309725989R I;CABLE ACTIONNEUR EMBRAYAGE;            34,00;       363.637,82;00;            34,00;       363.637,82;             0,00;             0,00;             0,00;             0,00
0000049522;0011;SA1035A 02;623107739R I;GRILLA FRENTE CARROCERIA JUNTA CROMO;             7,00;       193.459,00;00;             7,00;       193.459,00;             0,00;             0,00;             0,00;             0,00
0000049522;0012;SA1113A 04;165553524R I;CONDUCTO AIRE ENTRADA RESONADOR.;            21,00;       145.832,82;00;            23,00;       159.721,66;             2,00;             9,52;        13.888,84;        13.888,84
0000049522;0013;SA1124C 03;403154168R I;TAZA RUEDA EMBLEMA ROMBO NEGRO X62;            25,00;       113.767,00;00;            25,00;       113.767,00;             0,00;             0,00;             0,00;             0,00
0000049523;0001;C203C 02;180107963R I;CAPTADOR PEDAL ACELERADOR KW;            49,00;     2.466.314,55;00;            49,00;     2.466.314,55;             0,00;             0,00;             0,00;             0,00
0000049523;0002;C3 01C 01;180107963R I;CAPTADOR PEDAL ACELERADOR KW;            53,00;     2.667.646,35;00;            53,00;     2.667.646,35;             0,00;             0,00;             0,00;             0,00
0000049523;0003;C3 01C 02;180107963R I;CAPTADOR PEDAL ACELERADOR KW;            65,00;     3.271.641,75;00;            65,00;     3.271.641,75;             0,00;             0,00;             0,00;             0,00
0000049524;0001;W2 38 4B;511605637R I;GANCHO DE REMOLQUE;             3,00;     1.647.569,43;00;             3,00;     1.647.569,43;             0,00;             0,00;             0,00;             0,00
0000049524;0002;W2 38 5D;511605637R I;GANCHO DE REMOLQUE;            10,00;     5.491.898,10;00;            10,00;     5.491.898,10;             0,00;             0,00;             0,00;             0,00
0000049525;0001;D4 4812B;165005526R I;FILTRE AIR;             1,00;         3.522,44;00;             1,00;         3.522,44;             0,00;             0,00;             0,00;             0,00
0000049525;0002;SA0833A 01;631427092R I;PRESSEUR AILE AV;            87,00;       202.647,36;00;            88,00;       204.976,64;             1,00;             1,15;         2.329,28;         2.329,28
0000049525;0003;SA0926C 02;850443729R I;SUPORTE PARA-CHOQUE TRAS DIR;            17,00;        38.566,54;00;            17,00;        38.566,54;             0,00;             0,00;             0,00;             0,00
0000049525;0004;SA0938B 02;623129733R I;OBTURADOR ENTRADA AIRE PARAGOLPE DELANT;             1,00;         4.730,27;00;             1,00;         4.730,27;             0,00;             0,00;             0,00;             0,00
0000049525;0005;SA1002A 03;808321867R I;BURLETE;            25,00;       120.002,50;00;            25,00;       120.002,50;             0,00;             0,00;             0,00;             0,00
0000049525;0006;SA1013C 01;638134320R I;ENSANCHADOR PASO RUEDA DEL IZQ EA4 KD;             8,00;       147.516,16;00;             9,00;       165.955,68;             1,00;            12,50;        18.439,52;        18.439,52
0000049525;0007;SA1016A 01;631433758R I;PRESSEUR AILE AV;            27,00;       117.469,17;00;            27,00;       117.469,17;             0,00;             0,00;             0,00;             0,00
0000049526;0001;HA0712B 02;628105231R I;GUIA ENTRADA AIRE PARAGOLPE DELANTERO;            11,00;       143.766,81;00;            11,00;       143.766,81;             0,00;             0,00;             0,00;             0,00
0000049526;0002;HA0909A 01;850454514R I;SUPORTE PARA-CHOQUE TRAS ESQ;            34,00;       261.984,28;00;            34,00;       261.984,28;             0,00;             0,00;             0,00;             0,00
0000049526;0003;HA0909B 01;767481802R I;PASARUEDAS TRASERO DERECHO;             2,00;        21.819,62;00;             2,00;        21.819,62;             0,00;             0,00;             0,00;             0,00
0000049526;0004;HA0917B 01;8201516550 I;COLECC. EMBRAGUE GXX;            47,00;     1.544.965,20;00;            47,00;     1.544.965,20;             0,00;             0,00;             0,00;             0,00
0000049527;0001;NE03 2202B;631012161R I;GUARDABARRO DEL IZQ X79;             7,00;       252.843,22;00;             7,00;       252.843,22;             0,00;             0,00;             0,00;             0,00
0000049528;0001;MA0103C 06;631427092R I;PRESSEUR AILE AV;             1,00;         2.329,28;00;             1,00;         2.329,28;             0,00;             0,00;             0,00;             0,00
0000049528;0002;MA0107C 09;908306905R I;JUNTA DBLE ESTANQUEIDAD;             6,00;        18.901,86;00;             6,00;        18.901,86;             0,00;             0,00;             0,00;             0,00
0000049528;0003;MA0113B 07;631427092R I;PRESSEUR AILE AV;             1,00;         2.329,28;00;             1,00;         2.329,28;             0,00;             0,00;             0,00;             0,00
0000049528;0004;MA0202C 16;963651494R I;VIDRIO RETROVISOR EXTERIOR DER KWID;             9,00;        61.317,90;00;            10,00;        68.131,00;             1,00;            11,11;         6.813,10;         6.813,10
0000049528;0005;MA0208C 09;135208446R I;JUNTA;             2,00;         4.681,72;00;             2,00;         4.681,72;             0,00;             0,00;             0,00;             0,00
0000049528;0006;MA0212B 13;805035239R I;CERRADURA PTA DELAN;             3,00;        29.845,56;00;             3,00;        29.845,56;             0,00;             0,00;             0,00;             0,00
0000049528;0007;MA0212G 15;214987404R I;CONVERGENT LAT D XJD;             1,00;        16.524,26;00;             1,00;        16.524,26;             0,00;             0,00;             0,00;             0,00
0000049528;0008;MA0219A 09;641C01004R I;SUPPORT FIX AILE AV D ASS;            14,00;       249.736,06;00;            14,00;       249.736,06;             0,00;             0,00;             0,00;             0,00
0000049528;0009;MA0401C 05;6608067167 I;SOPORTE DERECHO PARACHOQUE DELANTER GKO;            14,00;        98.560,00;00;            14,00;        98.560,00;             0,00;             0,00;             0,00;             0,00
0000049528;0010;MA0716B 06;850443729R I;SUPORTE PARA-CHOQUE TRAS DIR;             2,00;         4.537,24;00;             2,00;         4.537,24;             0,00;             0,00;             0,00;             0,00
0000049528;0011;MA0816A 03;805035239R I;CERRADURA PTA DELAN;            16,00;       159.176,32;00;            15,00;       149.227,80;-             1,00;             6,25;-         9.948,52;         9.948,52
0000049528;0012;MA0901E 01;768F26796R I;MOLDURA LATERAL IZQUIERDA;             1,00;         9.461,83;00;             1,00;         9.461,83;             0,00;             0,00;             0,00;             0,00
0000049528;0013;MA1005A 04;963744450R I;COQUILLE RTRV EXT;            17,00;       110.132,80;00;            17,00;       110.132,80;             0,00;             0,00;             0,00;             0,00
0000049528;0014;MA1008C 04;828313707R I;JOINT ANTISALISSURE PORTE AR G;             1,00;         6.604,05;00;             1,00;         6.604,05;             0,00;             0,00;             0,00;             0,00
0000049528;0015;MA1203A 02;631433758R I;PRESSEUR AILE AV;            10,00;        43.507,10;00;            10,00;        43.507,10;             0,00;             0,00;             0,00;             0,00
0000049528;0016;MA1203B 05;805035802R I;SERRURE PORTE AV G ELCT;            12,00;       118.869,36;00;            12,00;       118.869,36;             0,00;             0,00;             0,00;             0,00
0000049528;0017;MA1207C 04;963744450R I;COQUILLE RTRV EXT;             6,00;        38.870,40;00;             6,00;        38.870,40;             0,00;             0,00;             0,00;             0,00
0000049528;0018;MA1214A 04;909002897R I;GARNITURE PORTE C;             3,00;        15.327,87;00;             3,00;        15.327,87;             0,00;             0,00;             0,00;             0,00
0000049528;0019;MA1216D 01;909002897R I;GARNITURE PORTE C;             1,00;         5.109,29;00;             1,00;         5.109,29;             0,00;             0,00;             0,00;             0,00
0000049529;0001;C1 25 1R;990J77621R I;BANDE DECORATIVE RETROVISEUR EXT G;             5,00;        22.840,40;00;             5,00;        22.840,40;             0,00;             0,00;             0,00;             0,00
0000049529;0002;C101A 14;755576916R I;EMBELLECEDOR SUPERIOR PUERTA TRAS IZQ;            10,00;        30.567,10;00;            10,00;        30.567,10;             0,00;             0,00;             0,00;             0,00
0000049530;0001;SA1010D 01;808321867R I;BURLETE;            37,00;       177.603,70;00;            37,00;       177.603,70;             0,00;             0,00;             0,00;             0,00
0000049531;0001;MRTGRAL58;850443729R I;SUPORTE PARA-CHOQUE TRAS DIR;             1,00;         2.268,62;00;             1,00;         2.268,62;             0,00;             0,00;             0,00;             0,00
0000049531;0002;W2 09 3A;8201297832 I;CUBREALFOMBRA MALETERO K67;            33,00;       619.317,27;00;            33,00;       619.317,27;             0,00;             0,00;             0,00;             0,00
0000049532;0001;MA0101C 10;6001549989 I;ARTICULACION TRASERA;             7,00;       381.339,70;00;             7,00;       381.339,70;             0,00;             0,00;             0,00;             0,00
0000049532;0002;MA0105C 13;963737288R I;COQUILLA SUPERIOR ESPEJO RETRO IZQ KOLEO;             1,00;        13.358,73;00;             1,00;        13.358,73;             0,00;             0,00;             0,00;             0,00
0000049532;0003;MA0204D 13;905939948R I;CERRADURA PORTON DERECHA;             4,00;       275.539,00;00;             4,00;       275.539,00;             0,00;             0,00;             0,00;             0,00
0000049532;0004;MA0310C 04;827313TA1A; MOTOR ELEVAVIDRIO AK;             1,00;         6.983,75;00;             1,00;         6.983,75;             0,00;             0,00;             0,00;             0,00
0000049532;0005;MA0717E 01;401611363R I;ROTULE SUSPENSION;             3,00;       117.761,25;00;             3,00;       117.761,25;             0,00;             0,00;             0,00;             0,00
0000049532;0006;MA0815C 04;827313TA1A; MOTOR ELEVAVIDRIO AK;             2,00;        13.967,50;00;             2,00;        13.967,50;             0,00;             0,00;             0,00;             0,00
0000049532;0007;MA0815E 03;497256252R I;TUYAU DA B/P RETOUR RESERVOIR HHA;             2,00;        56.816,92;00;             2,00;        56.816,92;             0,00;             0,00;             0,00;             0,00
0000049532;0008;MA0906B 02;8200497701 I;CHARNIERE VITRE;             7,00;         8.886,43;00;            17,00;        21.581,33;            10,00;           142,86;        12.694,90;        12.694,90
0000049532;0009;MA0910E 02;767183407R I;ENSANCHA PASORUEDA TRAS DER EA3 EA4 BOR;             4,00;       187.083,60;00;             4,00;       187.083,60;             0,00;             0,00;             0,00;             0,00
0000049532;0010;MA1102D 01;403155090R I;EMBLEMA RUEDA CENTRAL;             7,00;        65.633,40;00;             7,00;        65.633,40;             0,00;             0,00;             0,00;             0,00
0000049532;0011;MA1105B 01;767183407R I;ENSANCHA PASORUEDA TRAS DER EA3 EA4 BOR;             4,00;       187.083,60;00;             4,00;       187.083,60;             0,00;             0,00;             0,00;             0,00
0000049532;0012;MA1205A 03;288909157R I;ESCOBILLA LIMPIAPARABRISAS IZQUIERDO BOR;            26,00;     1.178.914,62;00;            26,00;     1.178.914,62;             0,00;             0,00;             0,00;             0,00
0000049532;0013;MA1217B 04;628118910R I;GUIDE AIR SUP G BOUCLIER AV X79PH2;            12,00;        14.439,72;00;            10,00;        12.033,10;-             2,00;            16,67;-         2.406,62;         2.406,62
0000049532;0014;MB0205B 05;8201627433 I;COLECCIÓN VALVULAS;            10,00;     1.092.618,30;00;            10,00;     1.092.618,30;             0,00;             0,00;             0,00;             0,00
0000049533;0001;C1 25 1M;285989032R I;ANTENA MANIJA PTA;             2,00;       292.389,84;00;             2,00;       292.389,84;             0,00;             0,00;             0,00;             0,00
0000049533;0002;C101B 05;930620687R I;BANDA DECORATIVA TRAS;             2,00;         2.416,54;00;             2,00;         2.416,54;             0,00;             0,00;             0,00;             0,00
0000049533;0003;C105E 01;908906892R I;MONOGRAMA TRS;            44,00;     1.005.869,92;00;            44,00;     1.005.869,92;             0,00;             0,00;             0,00;             0,00
0000049533;0004;C107E 10;908906049R I;ANAGRAMA AR;            44,00;       649.880,00;00;            44,00;       649.880,00;             0,00;             0,00;             0,00;             0,00
0000049533;0005;C204C 05;628907798R I;EMBLEMA DELANTERO;            43,00;       607.160,00;00;            43,00;       607.160,00;             0,00;             0,00;             0,00;             0,00
0000049533;0006;C3 09C 01;990446478R I;BANDA DECORATIVA PTA DELANTER DER RS PH2;             1,00;         6.081,90;00;             1,00;         6.081,90;             0,00;             0,00;             0,00;             0,00
0000049534;0001;D4 58 5A;628112463R I;GUIDE AIR SUP G BOUCLIER AV X79PH2;            11,00;        17.997,65;00;            16,00;        26.178,40;             5,00;            45,45;         8.180,75;         8.180,75
0000049534;0002;D4 62 6B;497256252R I;TUYAU DA B/P RETOUR RESERVOIR HHA;             1,00;        28.408,46;00;             1,00;        28.408,46;             0,00;             0,00;             0,00;             0,00
0000049534;0003;SA0928A 04;848101082R I;BANDEAU DE PORTE DE COFFRE;             7,00;       458.106,25;00;             7,00;       458.106,25;             0,00;             0,00;             0,00;             0,00
0000049535;0001;W2 28 3B;760305326R I;COTE CAISSE PARTIE AR D ASS X67;             1,00;       235.933,77;00;             1,00;       235.933,77;             0,00;             0,00;             0,00;             0,00
0000049535;0002;W2 30 3D;760305326R I;COTE CAISSE PARTIE AR D ASS X67;             4,00;       943.735,08;00;             4,00;       943.735,08;             0,00;             0,00;             0,00;             0,00
0000049536;0001;HA0722B 02;271202163R I;CAJA EVAPORADORA CA AVEC RECYCLAGE KWID;             1,00;       203.902,52;00;             1,00;       203.902,52;             0,00;             0,00;             0,00;             0,00
0000049536;0002;HA0823A 02;7711733345 I;ANTIRROBO RUEDA AUXILIO U60;             8,00;       310.508,88;00;             8,00;       310.508,88;             0,00;             0,00;             0,00;             0,00
0000049537;0001;CA0601A 01;638123737R I;ELARGISSEUR PASSAGE ROUE AV D;             2,00;        97.010,84;00;             2,00;        97.010,84;             0,00;             0,00;             0,00;             0,00
0000049537;0002;SO08 0201B;623106263R I;CALANDRE ASS F62PH2;             3,00;        26.497,23;00;             3,00;        26.497,23;             0,00;             0,00;             0,00;             0,00
0000049537;0003;SO08 3201B;623106263R I;CALANDRE ASS F62PH2;             4,00;        35.329,64;00;             4,00;        35.329,64;             0,00;             0,00;             0,00;             0,00
0000049538;0001;NE01 0701A;803017582R I;VITRE MOBILE PORTE AV G;             2,00;        35.252,40;00;             2,00;        35.252,40;             0,00;             0,00;             0,00;             0,00
0000049539;0001;HA0610C 01;410600318R I;COL PASTILLAS FRE;           188,00;       342.276,56;00;           188,00;       342.276,56;             0,00;             0,00;             0,00;             0,00
0000049539;0002;HA0632D 02;271202163R I;CAJA EVAPORADORA CA AVEC RECYCLAGE KWID;             2,00;       407.805,04;00;             2,00;       407.805,04;             0,00;             0,00;             0,00;             0,00
0000049540;0001;D4 38 4D;7700841760 I;MOLDURA DE TECHO;             1,00;         1.065,74;00;             1,00;         1.065,74;             0,00;             0,00;             0,00;             0,00
0000049540;0002;D4 5312C;849C83378R I;GUARNECIDO INFERIOR MALETERO KD;             3,00;        25.579,08;00;             3,00;        25.579,08;             0,00;             0,00;             0,00;             0,00
0000049540;0003;SA0938B 04;7702295518;AIREADOR CENTRAL IZQUIERD;           100,00;         6.609,00;00;           110,00;         7.269,90;            10,00;            10,00;           660,90;           660,90
0000049540;0004;SA1001B 03;7701474502 I;PROYECTOR DEL IZQUIERDO;             1,00;        22.643,43;00;             1,00;        22.643,43;             0,00;             0,00;             0,00;             0,00
0000049540;0005;SA1025A 02;768E10001R I;MOLDURA;             2,00;        17.223,98;00;             2,00;        17.223,98;             0,00;             0,00;             0,00;             0,00
0000049540;0006;SA9 11B04;432008208R I;CAMPANA FRENO ABS;             2,00;       369.587,50;00;             2,00;       369.587,50;             0,00;             0,00;             0,00;             0,00
0000049541;0001;MA0109D 09;7701036390 I;ESPEJO EXTERIOR DERECHO;             2,00;            44,52;00;             2,00;            44,52;             0,00;             0,00;             0,00;             0,00
0000049541;0002;MA0203A 04;7702231890;MONOGRAMA  1,0;             1,00;             0,35;00;             1,00;             0,35;             0,00;             0,00;             0,00;             0,00
0000049541;0003;MA0204C 11;768E10001R I;MOLDURA;             1,00;         8.611,99;00;             1,00;         8.611,99;             0,00;             0,00;             0,00;             0,00
0000049541;0004;MA0213A 09;7700425347 I;TUBO EVACUACION;             6,00;           110,76;00;             6,00;           110,76;             0,00;             0,00;             0,00;             0,00
0000049541;0005;MA0218G 13;7703034215 I;TUERCA DRH EMBASE;             6,00;           640,98;00;             6,00;           640,98;             0,00;             0,00;             0,00;             0,00
0000049541;0006;MA0220M 09;7700103636 I;PASTILLA REG.VALV[8150];             1,00;            19,00;00;             1,00;            19,00;             0,00;             0,00;             0,00;             0,00
0000049541;0007;MA0306A 11;7703046128 I;TUERCA TOLE M6X100;            56,00;           370,16;00;            56,00;           370,16;             0,00;             0,00;             0,00;             0,00
0000049541;0008;MA0314B 03;8889160264 I;KIT PASTILLA FRENOS TRASERO GKO;            10,00;       670.861,60;00;            10,00;       670.861,60;             0,00;             0,00;             0,00;             0,00
0000049541;0009;MA0413E 04;7701205569 I;SOPORTES DE PARLANTES;             1,00;            28,12;00;             1,00;            28,12;             0,00;             0,00;             0,00;             0,00
0000049541;0010;MA0414E 01;7700866465 I;JUNTA CARTER ACEITE;             1,00;        16.368,04;00;             1,00;        16.368,04;             0,00;             0,00;             0,00;             0,00
0000049541;0011;MA0519A 02;7703034215 I;TUERCA DRH EMBASE;             1,00;           106,83;00;             1,00;           106,83;             0,00;             0,00;             0,00;             0,00
0000049541;0012;MA0813D 03;7701470155 I;JGO.REPARACION SEMIEJE;             9,00;           484,02;00;             9,00;           484,02;             0,00;             0,00;             0,00;             0,00
0000049541;0013;MA1217A 03;7701049071 I;RESERVORIO AGUA;             2,00;         1.914,56;00;             2,00;         1.914,56;             0,00;             0,00;             0,00;             0,00
0000049542;0001;C107D 10;7701470251 I;JGO.4 VALVULAS ADM.Y SEGU;             1,00;           236,73;00;             1,00;           236,73;             0,00;             0,00;             0,00;             0,00
0000049543;0001;C112B 02;7711818384;EMBELLECEDOR PUERTA DEL IZQ;           142,00;        68.267,92;00;           142,00;        68.267,92;             0,00;             0,00;             0,00;             0,00
0000049543;0002;C115A 01;8200372219 I;TUYAU PRISE DE PRESSION E;             1,00;             0,00;00;             1,00;             0,00;             0,00;             0,00;             0,00;             0,00
0000049543;0003;C402A 01;7711818587;LAVAPARABRISAS CONCENTRADO 1L;            12,00;        17.712,48;00;            12,00;        17.712,48;             0,00;             0,00;             0,00;             0,00
0000049544;0001;NE01 3303A;803015JL0A;GLASS ASSY-FR DOOR,LH;             1,00;        28.956,77;00;             1,00;        28.956,77;             0,00;             0,00;             0,00;             0,00
0000049545;0001;MA0115F 14;8200138002 I;PICO ROCIADOR ACEITE;             3,00;         1.994,49;00;             3,00;         1.994,49;             0,00;             0,00;             0,00;             0,00
0000049546;0001;SA1137B 04;7717102190 I;PARTE TRASERA DEL MALETERO;             0,00;             0,00;00;             1,00;       157.357,78;             1,00;           999,99;       157.357,78;       157.357,78
0000049547;0001;NE03 3504B;631013098R;ALETA DELANTERA IZQUIERDA NKG;             1,00;           823,39;00;             1,00;           823,39;             0,00;             0,00;             0,00;             0,00
0000049548;0001;SO05 6001A;821008540R I;PORTE AR D P-ASS;             2,00;       156.342,56;00;             2,00;       156.342,56;             0,00;             0,00;             0,00;             0,00
0000049549;0001;SO07 2801A;651008393R I;CAPOT CP2 CAPTUR;             1,00;        78.496,91;00;             1,00;        78.496,91;             0,00;             0,00;             0,00;             0,00
0000049550;0001;SO05 5403A;801014583R I;PUERTA DELANTERA IZQUIERDA KWID;             1,00;        83.735,46;00;             0,00;             0,00;-             1,00;           100,00;-        83.735,46;        83.735,46
0000049551;0001;MA0101E 04;130C16917R I;COLECCION SISTEMA DE DISTRIBUCION;             1,00;       175.616,50;00;             1,00;       175.616,50;             0,00;             0,00;             0,00;             0,00
0000049551;0002;MA0105A 05;8200531584 I;SOPORTE DER PARAGOLPE DEL;            16,00;        19.325,92;00;            16,00;        19.325,92;             0,00;             0,00;             0,00;             0,00
0000049551;0003;MA0105G 04;850450641R I;SUPPORT AR G BOUCLIER AR;             1,00;         3.418,10;00;             1,00;         3.418,10;             0,00;             0,00;             0,00;             0,00
0000049551;0004;MA0113F 10;7750309027 I;EXTENSION GUARDABARRO DEL;             5,00;        29.088,25;00;             5,00;        29.088,25;             0,00;             0,00;             0,00;             0,00
0000049551;0005;MA0220M 12;284529768R I;COLLECTION SUPPORT CAPTEUR AIDE PARKING;             1,00;         5.784,00;00;             1,00;         5.784,00;             0,00;             0,00;             0,00;             0,00
0000049551;0006;MA0319B 03;806068777R I;MANIJA EXT PTA;             6,00;       411.525,12;00;             6,00;       411.525,12;             0,00;             0,00;             0,00;             0,00
0000049551;0007;MA0417A 01;622224351R I;SUPPORT AV D BOUCLIER AV;            78,00;       188.462,04;00;            78,00;       188.462,04;             0,00;             0,00;             0,00;             0,00
0000049551;0008;MA0501A 01;8200175102 I;SOPORTE TRSERO CENTRAL;             1,00;            49,33;00;             1,00;            49,33;             0,00;             0,00;             0,00;             0,00
0000049551;0009;MA0704B 02;648E29528R I;DEFLECTOR AIRE DERECHO CAPOT X67;             5,00;       124.922,90;00;             5,00;       124.922,90;             0,00;             0,00;             0,00;             0,00
0000049551;0010;MA0716C 01;850450641R I;SUPPORT AR G BOUCLIER AR;             3,00;        10.254,30;00;             3,00;        10.254,30;             0,00;             0,00;             0,00;             0,00
0000049551;0011;MA0817A 04;7701057370 I;VIDRIO ESPEJO INF IZQ;            47,00;         2.540,82;00;            47,00;         2.540,82;             0,00;             0,00;             0,00;             0,00
0000049551;0012;MA0820A 01;7701057370 I;VIDRIO ESPEJO INF IZQ;            29,00;         1.567,74;00;            29,00;         1.567,74;             0,00;             0,00;             0,00;             0,00
0000049551;0013;MA1006C 04;7701477517 I;KIT CORRE ACCESOR;             8,00;       449.915,12;00;             8,00;       449.915,12;             0,00;             0,00;             0,00;             0,00
0000049551;0014;MA1007A 01;263319044R I;COLECC. OBTURADOR FARO ANTINIEBLA NEGRO;            12,00;        83.279,04;00;            12,00;        83.279,04;             0,00;             0,00;             0,00;             0,00
0000049551;0015;MA1101A 02;656178961R I;PALANCA CERRADURA CAPOT;             2,00;        31.101,92;00;             2,00;        31.101,92;             0,00;             0,00;             0,00;             0,00
0000049551;0016;MA1101D 02;656178961R I;PALANCA CERRADURA CAPOT;            72,00;     1.119.669,12;00;            73,00;     1.135.220,08;             1,00;             1,39;        15.550,96;        15.550,96
0000049551;0017;MA1110A 03;261507817R I;FARO ANTINIEBLA DELANTERO X67-X90;             9,00;       412.622,64;00;             9,00;       412.622,64;             0,00;             0,00;             0,00;             0,00
0000049551;0018;MA1202A 03;850450641R I;SUPPORT AR G BOUCLIER AR;            14,00;        47.853,40;00;            14,00;        47.853,40;             0,00;             0,00;             0,00;             0,00
0000049551;0019;MA1215A 02;164003953R I;PORTAFILTRO COMBUSTIBLE;             1,00;        73.423,72;00;             1,00;        73.423,72;             0,00;             0,00;             0,00;             0,00
0000049552;0001;D4 17 5G;8200535857 I;CARTER ACEITE K7M;            29,00;       648.150,00;00;            29,00;       648.150,00;             0,00;             0,00;             0,00;             0,00
0000049552;0002;D4 22 2E;8200535857 I;CARTER ACEITE K7M;            18,00;       402.300,00;00;            19,00;       424.650,00;             1,00;             5,56;        22.350,00;        22.350,00
0000049552;0003;D4 33 2F;6001547499 I;BLOCK FILTRANTE AMORT DEL;           351,00;     5.939.109,54;00;           350,00;     5.922.189,00;-             1,00;             0,28;-        16.920,54;        16.920,54
0000049552;0004;D4 35 5G;638747502R;EMBELL ALETA DL D KG;            41,00;        62.390,93;00;            41,00;        62.390,93;             0,00;             0,00;             0,00;             0,00
0000049552;0005;D4 44 1G;622545841R I;GRILLA ENTRADA DE AIRE H79 PH2;            37,00;     1.172.364,98;00;            37,00;     1.172.364,98;             0,00;             0,00;             0,00;             0,00
0000049552;0006;D4 45 2G;152082327R I;FILTRO ACEITE COMPLETO 1.3 TCE;           198,00;       799.236,90;00;           198,00;       799.236,90;             0,00;             0,00;             0,00;             0,00
0000049552;0007;D4 50 2F;403006267R I;ROUE 6,5 J16 5 50 NAKEA;            18,00;     2.802.837,24;00;            18,00;     2.802.837,24;             0,00;             0,00;             0,00;             0,00
0000049552;0008;SA0823F 02;152082327R I;FILTRO ACEITE COMPLETO 1.3 TCE;           198,00;       799.236,90;00;           198,00;       799.236,90;             0,00;             0,00;             0,00;             0,00
0000049552;0009;SA0940F 01;543029110R I;AMORTIGUADOR DELANTERO DERECHO NDU;             8,00;       351.858,16;00;             8,00;       351.858,16;             0,00;             0,00;             0,00;             0,00
0000049552;0010;SA1006E 01;260103650R I;PROJECTEUR D (DRL);             1,00;       180.184,79;00;             1,00;       180.184,79;             0,00;             0,00;             0,00;             0,00
0000049552;0011;SA1109F 02;8200535857 I;CARTER ACEITE K7M;            24,00;       536.400,00;00;            24,00;       536.400,00;             0,00;             0,00;             0,00;             0,00
0000049552;0012;SA1116F 01;260103650R I;PROJECTEUR D (DRL);            18,00;     3.243.326,22;00;            18,00;     3.243.326,22;             0,00;             0,00;             0,00;             0,00
0000049552;0013;SA1128F 01;7701477533 I;KIT CORREA ACCESORIOS;             5,00;       177.461,50;00;             5,00;       177.461,50;             0,00;             0,00;             0,00;             0,00
0000049553;0001;LE02 0602A;901009508R;PUERTA COFRE DERECHA NKG5;             5,00;       396.754,80;00;             5,00;       396.754,80;             0,00;             0,00;             0,00;             0,00
0000049553;0002;NE02 0204A;901009508R;PUERTA COFRE DERECHA NKG5;            10,00;       793.509,60;00;            10,00;       793.509,60;             0,00;             0,00;             0,00;             0,00
0000049553;0003;NE02 0404B;901009508R;PUERTA COFRE DERECHA NKG5;            10,00;       793.509,60;00;            10,00;       793.509,60;             0,00;             0,00;             0,00;             0,00
0000049553;0004;NE02 0504B;901009508R;PUERTA COFRE DERECHA NKG5;            10,00;       793.509,60;00;            10,00;       793.509,60;             0,00;             0,00;             0,00;             0,00
0000049553;0005;NE02 0904A;901009508R;PUERTA COFRE DERECHA NKG5;            10,00;       793.509,60;00;            10,00;       793.509,60;             0,00;             0,00;             0,00;             0,00
0000049553;0006;NE02 0904B;901009508R;PUERTA COFRE DERECHA NKG5;             8,00;       634.807,68;00;             9,00;       714.158,64;             1,00;            12,50;        79.350,96;        79.350,96
0000049553;0007;NE02 1504A;901009508R;PUERTA COFRE DERECHA NKG5;            10,00;       793.509,60;00;            10,00;       793.509,60;             0,00;             0,00;             0,00;             0,00
0000049553;0008;NE02 1604A;901009508R;PUERTA COFRE DERECHA NKG5;            10,00;       793.509,60;00;            10,00;       793.509,60;             0,00;             0,00;             0,00;             0,00
0000049553;0009;NE02 1804B;901009508R;PUERTA COFRE DERECHA NKG5;            10,00;       793.509,60;00;            10,00;       793.509,60;             0,00;             0,00;             0,00;             0,00
0000049553;0010;NE02 1904B;901009508R;PUERTA COFRE DERECHA NKG5;            10,00;       793.509,60;00;            10,00;       793.509,60;             0,00;             0,00;             0,00;             0,00
0000049553;0011;NE02 2303B;901009508R;PUERTA COFRE DERECHA NKG5;             5,00;       396.754,80;00;             5,00;       396.754,80;             0,00;             0,00;             0,00;             0,00
0000049553;0012;NE02 2503A;901009508R;PUERTA COFRE DERECHA NKG5;             5,00;       396.754,80;00;             5,00;       396.754,80;             0,00;             0,00;             0,00;             0,00
0000049553;0013;NE02 2704B;901009508R;PUERTA COFRE DERECHA NKG5;            10,00;       793.509,60;00;            10,00;       793.509,60;             0,00;             0,00;             0,00;             0,00
0000049553;0014;NE02 3104A;901009508R;PUERTA COFRE DERECHA NKG5;            10,00;       793.509,60;00;            10,00;       793.509,60;             0,00;             0,00;             0,00;             0,00
0000049553;0015;NE02 3204B;901009508R;PUERTA COFRE DERECHA NKG5;            10,00;       793.509,60;00;            10,00;       793.509,60;             0,00;             0,00;             0,00;             0,00
0000049553;0016;NE02 3302B;901009508R;PUERTA COFRE DERECHA NKG5;             5,00;       396.754,80;00;             5,00;       396.754,80;             0,00;             0,00;             0,00;             0,00
0000049553;0017;NE02 3303B;901009508R;PUERTA COFRE DERECHA NKG5;             5,00;       396.754,80;00;             5,00;       396.754,80;             0,00;             0,00;             0,00;             0,00
0000049553;0018;NE02 3304A;901009508R;PUERTA COFRE DERECHA NKG5;            10,00;       793.509,60;00;            10,00;       793.509,60;             0,00;             0,00;             0,00;             0,00
0000049553;0019;SO05 4404B;901009508R;PUERTA COFRE DERECHA NKG5;             5,00;       396.754,80;00;             5,00;       396.754,80;             0,00;             0,00;             0,00;             0,00
0000049553;0020;SO05 5602B;901009508R;PUERTA COFRE DERECHA NKG5;             5,00;       396.754,80;00;             5,00;       396.754,80;             0,00;             0,00;             0,00;             0,00
0000049553;0021;SO06 1004A;901009508R;PUERTA COFRE DERECHA NKG5;            10,00;       793.509,60;00;            10,00;       793.509,60;             0,00;             0,00;             0,00;             0,00
0000049553;0022;SO06 3403A;901009508R;PUERTA COFRE DERECHA NKG5;             5,00;       396.754,80;00;             5,00;       396.754,80;             0,00;             0,00;             0,00;             0,00
0000049553;0023;SO08 2802A;901009508R;PUERTA COFRE DERECHA NKG5;             5,00;       396.754,80;00;             5,00;       396.754,80;             0,00;             0,00;             0,00;             0,00
0000049553;0024;SO08 2803B;901009508R;PUERTA COFRE DERECHA NKG5;             5,00;       396.754,80;00;             5,00;       396.754,80;             0,00;             0,00;             0,00;             0,00
0000049553;0025;W1 01 3D;901009508R;PUERTA COFRE DERECHA NKG5;            10,00;       793.509,60;00;            10,00;       793.509,60;             0,00;             0,00;             0,00;             0,00
0000049553;0026;W1 01 5D;901009508R;PUERTA COFRE DERECHA NKG5;            10,00;       793.509,60;00;            10,00;       793.509,60;             0,00;             0,00;             0,00;             0,00
0000049553;0027;W1 02 5D;901009508R;PUERTA COFRE DERECHA NKG5;            10,00;       793.509,60;00;            10,00;       793.509,60;             0,00;             0,00;             0,00;             0,00
0000049553;0028;W1 04 7D;901009508R;PUERTA COFRE DERECHA NKG5;            10,00;       793.509,60;00;            10,00;       793.509,60;             0,00;             0,00;             0,00;             0,00
0000049553;0029;W1 06 2D;901009508R;PUERTA COFRE DERECHA NKG5;            10,00;       793.509,60;00;            10,00;       793.509,60;             0,00;             0,00;             0,00;             0,00
0000049553;0030;W1 06 9D;901009508R;PUERTA COFRE DERECHA NKG5;            10,00;       793.509,60;00;            10,00;       793.509,60;             0,00;             0,00;             0,00;             0,00
0000049553;0031;W1 08 3C;901009508R;PUERTA COFRE DERECHA NKG5;             5,00;       396.754,80;00;             5,00;       396.754,80;             0,00;             0,00;             0,00;             0,00
0000049553;0032;W1 08 7B;901009508R;PUERTA COFRE DERECHA NKG5;             5,00;       396.754,80;00;             5,00;       396.754,80;             0,00;             0,00;             0,00;             0,00
0000049553;0033;W1 08 7C;901009508R;PUERTA COFRE DERECHA NKG5;             5,00;       396.754,80;00;             5,00;       396.754,80;             0,00;             0,00;             0,00;             0,00
0000049553;0034;W1 0810C;901009508R;PUERTA COFRE DERECHA NKG5;             5,00;       396.754,80;00;             5,00;       396.754,80;             0,00;             0,00;             0,00;             0,00
0000049553;0035;W1 09 7C;901009508R;PUERTA COFRE DERECHA NKG5;             5,00;       396.754,80;00;             5,00;       396.754,80;             0,00;             0,00;             0,00;             0,00
0000049553;0036;W1 10 3D;901009508R;PUERTA COFRE DERECHA NKG5;            10,00;       793.509,60;00;            10,00;       793.509,60;             0,00;             0,00;             0,00;             0,00
0000049553;0037;W1 10 7C;901009508R;PUERTA COFRE DERECHA NKG5;             5,00;       396.754,80;00;             5,00;       396.754,80;             0,00;             0,00;             0,00;             0,00
0000049553;0038;W1 10 8D;901009508R;PUERTA COFRE DERECHA NKG5;             1,00;        79.350,96;00;             1,00;        79.350,96;             0,00;             0,00;             0,00;             0,00
0000049553;0039;W1 11 3B;901009508R;PUERTA COFRE DERECHA NKG5;             5,00;       396.754,80;00;             5,00;       396.754,80;             0,00;             0,00;             0,00;             0,00
0000049553;0040;W1 12 6C;901009508R;PUERTA COFRE DERECHA NKG5;             5,00;       396.754,80;00;             5,00;       396.754,80;             0,00;             0,00;             0,00;             0,00
0000049553;0041;W1 15 3C;901009508R;PUERTA COFRE DERECHA NKG5;             5,00;       396.754,80;00;             5,00;       396.754,80;             0,00;             0,00;             0,00;             0,00
0000049553;0042;W1 18 1B;901009508R;PUERTA COFRE DERECHA NKG5;             5,00;       396.754,80;00;             5,00;       396.754,80;             0,00;             0,00;             0,00;             0,00
0000049553;0043;W1 18 5D;901009508R;PUERTA COFRE DERECHA NKG5;            10,00;       793.509,60;00;            10,00;       793.509,60;             0,00;             0,00;             0,00;             0,00
0000049553;0044;W1 19 7B;901009508R;PUERTA COFRE DERECHA NKG5;             5,00;       396.754,80;00;             5,00;       396.754,80;             0,00;             0,00;             0,00;             0,00
0000049553;0045;W1 19 9C;901009508R;PUERTA COFRE DERECHA NKG5;             5,00;       396.754,80;00;             5,00;       396.754,80;             0,00;             0,00;             0,00;             0,00
0000049553;0046;W1 21 9B;901009508R;PUERTA COFRE DERECHA NKG5;             5,00;       396.754,80;00;             5,00;       396.754,80;             0,00;             0,00;             0,00;             0,00
0000049553;0047;W1 25 2C;901009508R;PUERTA COFRE DERECHA NKG5;             5,00;       396.754,80;00;             5,00;       396.754,80;             0,00;             0,00;             0,00;             0,00
0000049553;0048;W1 31 7C;791003146R I;JUNTA;            16,00;       950.735,04;00;            16,00;       950.735,04;             0,00;             0,00;             0,00;             0,00
0000049553;0049;W1 33 1C;901009508R;PUERTA COFRE DERECHA NKG5;             4,00;       317.403,84;00;             4,00;       317.403,84;             0,00;             0,00;             0,00;             0,00
0000049553;0050;W1 33 7C;901009508R;PUERTA COFRE DERECHA NKG5;             5,00;       396.754,80;00;             5,00;       396.754,80;             0,00;             0,00;             0,00;             0,00
0000049553;0051;W1 36 7B;901009508R;PUERTA COFRE DERECHA NKG5;             5,00;       396.754,80;00;             5,00;       396.754,80;             0,00;             0,00;             0,00;             0,00
0000049553;0052;W1 36 7D;901009508R;PUERTA COFRE DERECHA NKG5;            10,00;       793.509,60;00;            10,00;       793.509,60;             0,00;             0,00;             0,00;             0,00
0000049553;0053;W2 13 1C;7701056411;REJILLA CALANDRA  KG;            70,00;         4.968,60;00;            70,00;         4.968,60;             0,00;             0,00;             0,00;             0,00
0000049553;0054;W2 13 3C;7701056411;REJILLA CALANDRA  KG;            98,00;         6.956,04;00;            98,00;         6.956,04;             0,00;             0,00;             0,00;             0,00
0000049553;0055;W2 25 1C;901009508R;PUERTA COFRE DERECHA NKG5;             5,00;       396.754,80;00;             5,00;       396.754,80;             0,00;             0,00;             0,00;             0,00
0000049553;0056;W2 25 3D;901009508R;PUERTA COFRE DERECHA NKG5;            10,00;       793.509,60;00;            10,00;       793.509,60;             0,00;             0,00;             0,00;             0,00
0000049553;0057;W2 27 5C;901009508R;PUERTA COFRE DERECHA NKG5;             5,00;       396.754,80;00;             5,00;       396.754,80;             0,00;             0,00;             0,00;             0,00
0000049553;0058;W2 37 5B;901009508R;PUERTA COFRE DERECHA NKG5;             5,00;       396.754,80;00;             5,00;       396.754,80;             0,00;             0,00;             0,00;             0,00
0000049553;0059;W2 41 3C;901009508R;PUERTA COFRE DERECHA NKG5;             5,00;       396.754,80;00;             5,00;       396.754,80;             0,00;             0,00;             0,00;             0,00
0000049553;0060;W2 41 7C;8200535857 I;CARTER ACEITE K7M;            36,00;       804.600,00;00;            36,00;       804.600,00;             0,00;             0,00;             0,00;             0,00
0000049554;0001;HA0706A 02;562102160R I;AMORTIGUADOR TRASERO K67;            29,00;       919.009,42;00;            30,00;       950.699,40;             1,00;             3,45;        31.689,98;        31.689,98
0000049554;0002;HA0714B 02;788A31513R I;MOLDURA GUARDABARRO TRASERO IZQ KWID;            21,00;       231.590,52;00;            21,00;       231.590,52;             0,00;             0,00;             0,00;             0,00
0000049554;0003;HA0728B 02;620932061R I;ABSORBEDOR DEL IZQ H79 PH2;            22,00;       111.069,20;00;            22,00;       111.069,20;             0,00;             0,00;             0,00;             0,00
0000049554;0004;HA0824B 01;403006267R I;ROUE 6,5 J16 5 50 NAKEA;            14,00;     2.179.984,52;00;            14,00;     2.179.984,52;             0,00;             0,00;             0,00;             0,00
0000049554;0005;HA0828A 02;130C19110R I;KIT CADENA DISTRIBUCIÓN H4M;            32,00;     2.471.816,00;00;            32,00;     2.471.816,00;             0,00;             0,00;             0,00;             0,00
0000049554;0006;HA0831B 02;788A31513R I;MOLDURA GUARDABARRO TRASERO IZQ KWID;            27,00;       297.759,24;00;            27,00;       297.759,24;             0,00;             0,00;             0,00;             0,00
0000049554;0007;HA0840A 01;403006267R I;ROUE 6,5 J16 5 50 NAKEA;             8,00;     1.245.705,44;00;             8,00;     1.245.705,44;             0,00;             0,00;             0,00;             0,00
0000049554;0008;HA0913B 01;788A31513R I;MOLDURA GUARDABARRO TRASERO IZQ KWID;            20,00;       220.562,40;00;            22,00;       242.618,64;             2,00;            10,00;        22.056,24;        22.056,24
0000049555;0001;HA0606C 01;265855239R I;ANTINIEBLA;            29,00;        27.776,49;00;            30,00;        28.734,30;             1,00;             3,45;           957,81;           957,81
0000049555;0002;HA0609B 02;152082327R I;FILTRO ACEITE COMPLETO 1.3 TCE;           204,00;       823.456,20;00;           204,00;       823.456,20;             0,00;             0,00;             0,00;             0,00
0000049555;0003;HA0615C 01;260103650R I;PROJECTEUR D (DRL);             4,00;       720.739,16;00;             4,00;       720.739,16;             0,00;             0,00;             0,00;             0,00
0000049555;0004;HA0622D 02;622545841R I;GRILLA ENTRADA DE AIRE H79 PH2;             2,00;        63.371,08;00;             2,00;        63.371,08;             0,00;             0,00;             0,00;             0,00
0000049555;0005;HA0625E 01;8200048024 I;TAPA VASO DESGASADOR;         1.217,00;     4.993.034,58;00;         1.217,00;     4.993.034,58;             0,00;             0,00;             0,00;             0,00
0000049555;0006;HA0626C 01;260600738R I;FARO DELANTERO IZQUIERDO L38 PH2;             9,00;     1.374.641,28;00;             9,00;     1.374.641,28;             0,00;             0,00;             0,00;             0,00
0000049555;0007;HA0628E 02;8201731931 I;CARTER EMBRAYAGE POUR JA5/JR5;             4,00;        56.841,72;00;             3,00;        42.631,29;-             1,00;            25,00;-        14.210,43;        14.210,43
0000049555;0008;HA0634B 01;8201630425 I;CARTER CAJA JR5;             2,00;         9.902,90;00;             2,00;         9.902,90;             0,00;             0,00;             0,00;             0,00
0000049555;0009;HA0634B 02;620932061R I;ABSORBEDOR DEL IZQ H79 PH2;             7,00;        35.340,20;00;             7,00;        35.340,20;             0,00;             0,00;             0,00;             0,00
0000049555;0010;HA0638E 01;123003319R I;COLECC. VOLANTE MOTOR M9T;             3,00;     1.060.481,34;00;             3,00;     1.060.481,34;             0,00;             0,00;             0,00;             0,00
0000049555;0011;HA0737B 02;260600738R I;FARO DELANTERO IZQUIERDO L38 PH2;            12,00;     1.832.855,04;00;            12,00;     1.832.855,04;             0,00;             0,00;             0,00;             0,00
0000049556;0001;M4 R 015;7702233690;PARACHOQUES DEL   NS;            52,00;       575.248,96;00;            52,00;       575.248,96;             0,00;             0,00;             0,00;             0,00
0000049556;0002;M4 R 029 C;8200740846 I;PIEL PARAGOLPE TRAS;             5,00;       468.111,80;00;             4,00;       374.489,44;-             1,00;            20,00;-        93.622,36;        93.622,36
0000049556;0003;M4 R 033;7702233690;PARACHOQUES DEL   NS;            60,00;       663.748,80;00;            60,00;       663.748,80;             0,00;             0,00;             0,00;             0,00
0000049556;0004;M5 R 009 C;7702233690;PARACHOQUES DEL   NS;             8,00;        88.499,84;00;             8,00;        88.499,84;             0,00;             0,00;             0,00;             0,00
0000049556;0005;M5 R 015 B;850725751R I;PARACHOQUE TRASERO EAL  ARK;            18,00;     1.363.947,84;00;            18,00;     1.363.947,84;             0,00;             0,00;             0,00;             0,00
0000049556;0006;M6 R 035 D;850725751R I;PARACHOQUE TRASERO EAL  ARK;             7,00;       530.424,16;00;             7,00;       530.424,16;             0,00;             0,00;             0,00;             0,00
0000049557;0001;D4 3410C;117206588R I;CORREA ALTERNADOR B4D;           251,00;     1.022.548,90;00;           251,00;     1.022.548,90;             0,00;             0,00;             0,00;             0,00
0000049557;0002;D4 36 5B;123003319R I;COLECC. VOLANTE MOTOR M9T;             6,00;     2.120.962,68;00;             6,00;     2.120.962,68;             0,00;             0,00;             0,00;             0,00
0000049557;0003;D4 51 1B;7701477517 I;KIT CORRE ACCESOR;            36,00;     2.024.618,04;00;            36,00;     2.024.618,04;             0,00;             0,00;             0,00;             0,00
0000049557;0004;D4 5611C;260103650R I;PROJECTEUR D (DRL);             2,00;       360.369,58;00;             2,00;       360.369,58;             0,00;             0,00;             0,00;             0,00
0000049557;0005;D4 68 4C;850721535R I;EMBELLECE CENTRAL PARACHOQUE TRAS BOR;            10,00;       345.682,00;00;            10,00;       345.682,00;             0,00;             0,00;             0,00;             0,00
0000049557;0006;NE03 0201A;543029110R I;AMORTIGUADOR DELANTERO DERECHO NDU;            10,00;       439.822,70;00;            10,00;       439.822,70;             0,00;             0,00;             0,00;             0,00
0000049557;0007;NE03 0301B;850721535R I;EMBELLECE CENTRAL PARACHOQUE TRAS BOR;            23,00;       795.068,60;00;            26,00;       898.773,20;             3,00;            13,04;       103.704,60;       103.704,60
0000049557;0008;NE03 2201B;7701477533 I;KIT CORREA ACCESORIOS;            52,00;     1.845.599,60;00;            52,00;     1.845.599,60;             0,00;             0,00;             0,00;             0,00
0000049557;0009;SA0936A 01;117206588R I;CORREA ALTERNADOR B4D;           245,00;       998.105,50;00;           258,00;     1.051.066,20;            13,00;             5,31;        52.960,70;        52.960,70
0000049557;0010;SA1010B 02;117206588R I;CORREA ALTERNADOR B4D;           181,00;       737.375,90;00;           181,00;       737.375,90;             0,00;             0,00;             0,00;             0,00
0000049557;0011;SA1031B 04;807201829R I;LEVANTAVIDRIO DELANTERO DER LVAVIP;             2,00;       118.206,20;00;             2,00;       118.206,20;             0,00;             0,00;             0,00;             0,00
0000049557;0012;SA1032C 01;130C16917R I;COLECCION SISTEMA DE DISTRIBUCION;            15,00;     2.634.247,50;00;            15,00;     2.634.247,50;             0,00;             0,00;             0,00;             0,00
0000049557;0013;SA1117A 04;432006384R I;MOYEU-TAMBOUR AR;             2,00;        97.181,42;00;             2,00;        97.181,42;             0,00;             0,00;             0,00;             0,00
0000049557;0014;SA1122C 04;263319044R I;COLECC. OBTURADOR FARO ANTINIEBLA NEGRO;             3,00;        20.819,76;00;             3,00;        20.819,76;             0,00;             0,00;             0,00;             0,00
0000049557;0015;SA1127B 04;963743817R I;COQUILLE RTRV EXT DER X52;            62,00;       182.408,34;00;            62,00;       182.408,34;             0,00;             0,00;             0,00;             0,00
0000049557;0016;SA1128C 04;807201829R I;LEVANTAVIDRIO DELANTERO DER LVAVIP;             8,00;       472.824,80;00;             8,00;       472.824,80;             0,00;             0,00;             0,00;             0,00
0000049557;0017;SA1135B 01;963743817R I;COQUILLE RTRV EXT DER X52;            39,00;       114.740,73;00;            40,00;       117.682,80;             1,00;             2,56;         2.942,07;         2.942,07
0000049558;0001;MA0219D 06;7700823540 I;JUNTA BRIDA ESCAPE;             5,00;         2.172,95;00;             5,00;         2.172,95;             0,00;             0,00;             0,00;             0,00
0000049559;0001;D4 45 5E;266006538R I;FARO DELANTERO DERECHO LUZ DIA PROJA2;             8,00;     3.155.617,60;00;             8,00;     3.155.617,60;             0,00;             0,00;             0,00;             0,00
0000049559;0002;D4 50 8D;266006538R I;FARO DELANTERO DERECHO LUZ DIA PROJA2;            26,00;    10.255.757,20;00;            26,00;    10.255.757,20;             0,00;             0,00;             0,00;             0,00
0000049560;0001;SO07 2501B;631003190R I;GUARDABARROS DELANT. DERECHO KWID PH2;             2,00;        20.950,96;00;             2,00;        20.950,96;             0,00;             0,00;             0,00;             0,00
0000049561;0001;W1 09 3A;850424737R I;SOPORTE CENTRAL PARAGOLPES TRASERO;             3,00;        39.131,76;00;             3,00;        39.131,76;             0,00;             0,00;             0,00;             0,00
0000049561;0002;W2 5310A;774E47143R I;COSTADO TRASERO DER HJD;             4,00;       268.983,04;00;             4,00;       268.983,04;             0,00;             0,00;             0,00;             0,00
0000049562;0001;W1 05 4D;774E47143R I;COSTADO TRASERO DER HJD;             5,00;       336.228,80;00;             5,00;       336.228,80;             0,00;             0,00;             0,00;             0,00
0000049562;0002;W2 01 4C;774E47143R I;COSTADO TRASERO DER HJD;             5,00;       336.228,80;00;             5,00;       336.228,80;             0,00;             0,00;             0,00;             0,00
0000049562;0003;W2 02 3D;774E47143R I;COSTADO TRASERO DER HJD;             4,00;       268.983,04;00;             4,00;       268.983,04;             0,00;             0,00;             0,00;             0,00
0000049562;0004;W2 05 4B;774E47143R I;COSTADO TRASERO DER HJD;             5,00;       336.228,80;00;             5,00;       336.228,80;             0,00;             0,00;             0,00;             0,00
0000049562;0005;W2 08 5D;774E47143R I;COSTADO TRASERO DER HJD;             4,00;       268.983,04;00;             4,00;       268.983,04;             0,00;             0,00;             0,00;             0,00
0000049562;0006;W2 09 5D;774E47143R I;COSTADO TRASERO DER HJD;             4,00;       268.983,04;00;             4,00;       268.983,04;             0,00;             0,00;             0,00;             0,00
0000049562;0007;W2 14 1C;850424737R I;SOPORTE CENTRAL PARAGOLPES TRASERO;             8,00;       104.351,36;00;             8,00;       104.351,36;             0,00;             0,00;             0,00;             0,00
0000049562;0008;W2 15 2D;774E47143R I;COSTADO TRASERO DER HJD;             5,00;       336.228,80;00;             5,00;       336.228,80;             0,00;             0,00;             0,00;             0,00
0000049562;0009;W2 21 2D;774E47143R I;COSTADO TRASERO DER HJD;             5,00;       336.228,80;00;             5,00;       336.228,80;             0,00;             0,00;             0,00;             0,00
0000049562;0010;W2 28 5D;774E47143R I;COSTADO TRASERO DER HJD;             5,00;       336.228,80;00;             5,00;       336.228,80;             0,00;             0,00;             0,00;             0,00
0000049562;0011;W2 34 5C;850424737R I;SOPORTE CENTRAL PARAGOLPES TRASERO;            10,00;       130.439,20;00;            10,00;       130.439,20;             0,00;             0,00;             0,00;             0,00
0000049562;0012;W2 36 4D;774E47143R I;COSTADO TRASERO DER HJD;             5,00;       336.228,80;00;             5,00;       336.228,80;             0,00;             0,00;             0,00;             0,00
0000049562;0013;W2 36 5D;774E47143R I;COSTADO TRASERO DER HJD;             5,00;       336.228,80;00;             5,00;       336.228,80;             0,00;             0,00;             0,00;             0,00
0000049562;0014;W2 40 3D;774E47143R I;COSTADO TRASERO DER HJD;             5,00;       336.228,80;00;             5,00;       336.228,80;             0,00;             0,00;             0,00;             0,00
0000049563;0001;MA0107A 10;112381035R I;BIELLETTE INF;            14,00;       245.640,78;00;            14,00;       245.640,78;             0,00;             0,00;             0,00;             0,00
0000049563;0002;MA0107D 02;112381035R I;BIELLETTE INF;             6,00;       105.274,62;00;             6,00;       105.274,62;             0,00;             0,00;             0,00;             0,00
0000049563;0003;MA0306C 07;850769273R I;MOLDURA PARAGOLPE TRASERO  DER B52;             5,00;        33.729,70;00;             6,00;        40.475,64;             1,00;            20,00;         6.745,94;         6.745,94
0000049563;0004;MA0308A 01;850769273R I;MOLDURA PARAGOLPE TRASERO  DER B52;             9,00;        60.713,46;00;             9,00;        60.713,46;             0,00;             0,00;             0,00;             0,00
0000049563;0005;MA0317A 04;261A25161R I;EMBELLECEDOR FARO ANTINIEBLA DER KWID;             4,00;         7.094,44;00;             3,00;         5.320,83;-             1,00;            25,00;-         1.773,61;         1.773,61
0000049563;0006;MA1203B 06;963732066R I;COQUILLE RTRV EXT IZQUIERDO X52;            16,00;       144.534,40;00;            16,00;       144.534,40;             0,00;             0,00;             0,00;             0,00
0000049563;0007;MB0202C 05;132271439R I;KIT VÁLVULA ESCAPE x8 H4M;             9,00;       352.778,76;00;             9,00;       352.778,76;             0,00;             0,00;             0,00;             0,00
0000049563;0008;MB0212B 05;963732066R I;COQUILLE RTRV EXT IZQUIERDO X52;            19,00;       171.634,60;00;            19,00;       171.634,60;             0,00;             0,00;             0,00;             0,00
0000049564;0001;AA391;8200120986;AMORTIGUADOR TRAS X76;           994,00;    35.501.505,20;00;           994,00;    35.501.505,20;             0,00;             0,00;             0,00;             0,00
0000049565;0001;D4 07 6F;260103917R I;PROYECTOR HALOGENO DERECHO;            18,00;     1.546.684,38;00;            18,00;     1.546.684,38;             0,00;             0,00;             0,00;             0,00
0000049565;0002;D4 14 3F;214108535R I;RADIADOR - MASTER 3;             4,00;       562.333,04;00;             4,00;       562.333,04;             0,00;             0,00;             0,00;             0,00
0000049565;0003;D4 22 1F;7701477380 I;COLECC. CORREA DISTRIBUC;            76,00;     4.123.177,84;00;            76,00;     4.123.177,84;             0,00;             0,00;             0,00;             0,00
0000049565;0004;D4 49 5E;410A12949R I;COLLECTION PLAQUETTE DE FREIN AV APV;            41,00;     2.403.187,53;00;            41,00;     2.403.187,53;             0,00;             0,00;             0,00;             0,00
0000049565;0005;D4 52 5D;410A12949R I;COLLECTION PLAQUETTE DE FREIN AV APV;           104,00;     6.095.890,32;00;           104,00;     6.095.890,32;             0,00;             0,00;             0,00;             0,00
0000049565;0006;D4 53 1D;638400004R I;ECRAN PASSAGE ROU;             1,00;        35.545,73;00;             1,00;        35.545,73;             0,00;             0,00;             0,00;             0,00
0000049565;0007;D4 64 2G;117208023R I;CORREA ACCESORIO;           310,00;     2.778.316,10;00;           310,00;     2.778.316,10;             0,00;             0,00;             0,00;             0,00
0000049565;0008;SA1132E 01;403004204R I;LLANTA DE ALEACION R16 BC52;            16,00;     3.546.023,04;00;            16,00;     3.546.023,04;             0,00;             0,00;             0,00;             0,00
0000049566;0001;HA0618D 02;233004003R I;MOTOR ARRANQUE KXX;            29,00;     2.661.775,73;00;            29,00;     2.661.775,73;             0,00;             0,00;             0,00;             0,00
0000049566;0002;HA0619B 02;288902888R I;ESCOBILLA LIMPIAPARAB;             9,00;        75.735,54;00;             9,00;        75.735,54;             0,00;             0,00;             0,00;             0,00
0000049566;0003;HA0621B 02;214819715R I;GROUPE MOTOVENTILATEUR;             5,00;       273.768,70;00;             5,00;       273.768,70;             0,00;             0,00;             0,00;             0,00
0000049566;0004;HA0627D 01;233004003R I;MOTOR ARRANQUE KXX;           115,00;    10.555.317,55;00;           115,00;    10.555.317,55;             0,00;             0,00;             0,00;             0,00
0000049566;0005;HA0629D 02;233004003R I;MOTOR ARRANQUE KXX;            46,00;     4.222.127,02;00;            46,00;     4.222.127,02;             0,00;             0,00;             0,00;             0,00
0000049566;0006;HA0629E 01;233004003R I;MOTOR ARRANQUE KXX;            26,00;     2.386.419,62;00;            26,00;     2.386.419,62;             0,00;             0,00;             0,00;             0,00
0000049566;0007;HA0630C 02;165001429R I;FILTRE AIR EQP;            12,00;       532.441,56;00;            12,00;       532.441,56;             0,00;             0,00;             0,00;             0,00
0000049566;0008;HA0631B 01;260103738R I;HEADLAMP, RH,LHD;             1,00;       191.449,67;00;             1,00;       191.449,67;             0,00;             0,00;             0,00;             0,00
0000049566;0009;HA0638B 01;668118617R I;GRILLE AUVENT;             8,00;       130.615,76;00;             8,00;       130.615,76;             0,00;             0,00;             0,00;             0,00
0000049566;0010;HA0638C 01;117206170R I;COLECC. ACCES MOTOR M4R;             7,00;       326.329,57;00;             7,00;       326.329,57;             0,00;             0,00;             0,00;             0,00
0000049567;0001;D4 36 7C;545018194R I;BRAZO SUSP DEL IZQ;            12,00;       549.871,68;00;            12,00;       549.871,68;             0,00;             0,00;             0,00;             0,00
0000049567;0002;D4 5312A;214819715R I;GROUPE MOTOVENTILATEUR;             1,00;        54.753,74;00;             1,00;        54.753,74;             0,00;             0,00;             0,00;             0,00
0000049567;0003;D4 56 9A;545018194R I;BRAZO SUSP DEL IZQ;             7,00;       320.758,48;00;             7,00;       320.758,48;             0,00;             0,00;             0,00;             0,00
0000049567;0004;D4 6010B;410601596R I;PASTILLAS DE FRENO DEL XZG;            60,00;     3.847.966,80;00;            60,00;     3.847.966,80;             0,00;             0,00;             0,00;             0,00
0000049567;0005;SA1011B 03;403004204R I;LLANTA DE ALEACION R16 BC52;             3,00;       664.879,32;00;             3,00;       664.879,32;             0,00;             0,00;             0,00;             0,00
0000049567;0006;SA1039C 02;562108239R I;AMORTIGUADOR TRASERO KWID;            10,00;       176.958,20;00;            10,00;       176.958,20;             0,00;             0,00;             0,00;             0,00
0000049567;0007;SA1123B 03;287909363R I;ESCOBILLA LIMPIALUNETA X52;            29,00;       175.100,55;00;            29,00;       175.100,55;             0,00;             0,00;             0,00;             0,00
0000049567;0008;SA1136B 04;638425881R I;ECRAN PASSAGE ROUE AV D PARTIE AR HJF;             3,00;        16.251,99;00;             3,00;        16.251,99;             0,00;             0,00;             0,00;             0,00
0000049568;0001;C101C 02;226A40319R I;CAPTEUR OXYGENE;             6,00;       142.760,58;00;             6,00;       142.760,58;             0,00;             0,00;             0,00;             0,00
0000049569;0001;HA0736B 01;668118617R I;GRILLE AUVENT;            16,00;       261.231,52;00;            16,00;       261.231,52;             0,00;             0,00;             0,00;             0,00
0000049569;0002;HA0834B 02;288902888R I;ESCOBILLA LIMPIAPARAB;            52,00;       437.583,12;00;            57,00;       479.658,42;             5,00;             9,62;        42.075,30;        42.075,30
0000049569;0003;HA0905B 01;233004003R I;MOTOR ARRANQUE KXX;            19,00;     1.743.922,03;00;            19,00;     1.743.922,03;             0,00;             0,00;             0,00;             0,00
0000049569;0004;HA0925A 02;403151862R I;ENJOLIVEUR ROUE 1;            40,00;       141.728,00;00;            40,00;       141.728,00;             0,00;             0,00;             0,00;             0,00
0000049570;0001;MA0105B 08;7703017104 I;TORNILLO H EMBZ 6-17,5;           189,00;        77.644,98;00;           200,00;        82.164,00;            11,00;             5,82;         4.519,02;         4.519,02
0000049570;0002;MA0208E 12;804202083R I;ARTUCULACION PUERTAS KW-KW2C;            24,00;        64.226,64;00;            24,00;        64.226,64;             0,00;             0,00;             0,00;             0,00
0000049570;0003;MA0215E 03;440605713R I;PASTILLAS FRENO;             1,00;        20.623,39;00;             1,00;        20.623,39;             0,00;             0,00;             0,00;             0,00
0000049570;0004;MA0314C 02;287815304R I;PORTE BALAI P/CFR;             7,00;        89.138,21;00;             7,00;        89.138,21;             0,00;             0,00;             0,00;             0,00
0000049570;0005;MA0319C 05;545018194R I;BRAZO SUSP DEL IZQ;             1,00;        45.822,64;00;             1,00;        45.822,64;             0,00;             0,00;             0,00;             0,00
0000049570;0006;MA0418B 01;6001549311 I;COUSSINET BARRE;            15,00;        25.702,65;00;            15,00;        25.702,65;             0,00;             0,00;             0,00;             0,00
0000049570;0007;MA0505B 06;6001549311 I;COUSSINET BARRE;            26,00;        44.551,26;00;            26,00;        44.551,26;             0,00;             0,00;             0,00;             0,00
0000049570;0008;MA0920B 04;403151862R I;ENJOLIVEUR ROUE 1;             1,00;         3.543,20;00;             1,00;         3.543,20;             0,00;             0,00;             0,00;             0,00
0000049570;0009;MA1219A 01;6001549311 I;COUSSINET BARRE;           127,00;       217.615,77;00;           127,00;       217.615,77;             0,00;             0,00;             0,00;             0,00
0000049571;0001;W1 05 1D;403004204R I;LLANTA DE ALEACION R16 BC52;             4,00;       886.505,76;00;             4,00;       886.505,76;             0,00;             0,00;             0,00;             0,00
0000049571;0002;W1 06 9C;801015395R I;PUERTA DEL IZQ B90-H79;             4,00;       482.598,12;00;             4,00;       482.598,12;             0,00;             0,00;             0,00;             0,00
0000049571;0003;W2 21 3D;403004204R I;LLANTA DE ALEACION R16 BC52;            30,00;     6.648.793,20;00;            30,00;     6.648.793,20;             0,00;             0,00;             0,00;             0,00
0000049571;0004;W2 35 1C;801015395R I;PUERTA DEL IZQ B90-H79;             1,00;       120.649,53;00;             1,00;       120.649,53;             0,00;             0,00;             0,00;             0,00
0000049571;0005;W2 37 9B;801015395R I;PUERTA DEL IZQ B90-H79;             4,00;       482.598,12;00;             4,00;       482.598,12;             0,00;             0,00;             0,00;             0,00
0000049572;0001;W1 03 3A;801015395R I;PUERTA DEL IZQ B90-H79;             3,00;       361.948,59;00;             3,00;       361.948,59;             0,00;             0,00;             0,00;             0,00
0000049572;0002;W1 15 2A;801015395R I;PUERTA DEL IZQ B90-H79;             2,00;       241.299,06;00;             2,00;       241.299,06;             0,00;             0,00;             0,00;             0,00
0000049573;0001;AA436;8200120984;AMORTIGUADOR DEL X76;            83,00;     4.013.863,40;00;            83,00;     4.013.863,40;             0,00;             0,00;             0,00;             0,00
0000049574;0001;HA0601D 02;8200277960 I;BIELETA;           408,00;     4.549.408,08;00;           377,00;     4.203.742,27;-            31,00;             7,60;-       345.665,81;       345.665,81
0000049575;0001;MA0220O 09;905706540R I;TRABA CERRADURA PORTON TRASERO;             3,00;        48.323,34;00;             3,00;        48.323,34;             0,00;             0,00;             0,00;             0,00
0000049575;0002;MA0616B 02;963736608R I;COQUILLA ESPEJO RETROVISOR IZQ X67;             7,00;       389.716,32;00;             7,00;       389.716,32;             0,00;             0,00;             0,00;             0,00
0000049575;0003;MA0702D 01;963736608R I;COQUILLA ESPEJO RETROVISOR IZQ X67;             7,00;       389.716,32;00;             7,00;       389.716,32;             0,00;             0,00;             0,00;             0,00
0000049575;0004;MA0702E 02;822350752R I;MOLDURA MONTANTE VIDRIO TRASERO IZQ;             6,00;        19.553,82;00;             6,00;        19.553,82;             0,00;             0,00;             0,00;             0,00
0000049575;0005;MA0708E 05;850448811R I;SUPPORT AR D BOUC;             8,00;        13.099,04;00;             8,00;        13.099,04;             0,00;             0,00;             0,00;             0,00
0000049575;0006;MA0801A 03;8201092697 I;CARTUCHO FILTRO AIRE;             1,00;         6.107,73;00;             1,00;         6.107,73;             0,00;             0,00;             0,00;             0,00
0000049575;0007;MA0818B 04;8200700118 I;ESPEJO RETROVISOR MANUAL;             1,00;       152.396,12;00;             1,00;       152.396,12;             0,00;             0,00;             0,00;             0,00
0000049575;0008;MA1215A 04;850448811R I;SUPPORT AR D BOUC;            39,00;        63.857,82;00;            39,00;        63.857,82;             0,00;             0,00;             0,00;             0,00
0000049576;0001;M4 R 007 E;850229613R I;PARAGOLPE TRASERO H79 E0;             4,00;       389.073,36;00;             4,00;       389.073,36;             0,00;             0,00;             0,00;             0,00
0000049576;0002;M6 R 011 D;850229613R I;PARAGOLPE TRASERO H79 E0;             4,00;       389.073,36;00;             4,00;       389.073,36;             0,00;             0,00;             0,00;             0,00
0000049577;0001;SA0837A 03;850933255R I;ABSORBEDOR PARAGOLPE TRASERO;            25,00;       102.296,25;00;            25,00;       102.296,25;             0,00;             0,00;             0,00;             0,00
0000049577;0002;SA0839C 02;963731698R I;COQUILLE RTRV EXT;            15,00;        78.902,70;00;            15,00;        78.902,70;             0,00;             0,00;             0,00;             0,00
0000049577;0003;SA0934B 01;808329324R I;JUNTA DE ESTANQUEIDAD PUERTA DELANTERA;            11,00;        13.687,41;00;            11,00;        13.687,41;             0,00;             0,00;             0,00;             0,00
0000049577;0004;SA1034A 03;8200700118 I;ESPEJO RETROVISOR MANUAL;             4,00;       609.584,48;00;             4,00;       609.584,48;             0,00;             0,00;             0,00;             0,00
0000049578;0001;D4 57 6A;852482220R I;FALDON TRASERO EXTERIOR CAPTUR;             3,00;       203.006,79;00;             3,00;       203.006,79;             0,00;             0,00;             0,00;             0,00
0000049579;0001;C109C 02;908903707R I;MONOGRAMA TRAS DER;            35,00;     1.289.689,10;00;            35,00;     1.289.689,10;             0,00;             0,00;             0,00;             0,00
0000049579;0002;C3 05C 02;908890528R I;EMBLEMA ROMBO TRASERO U79;             1,00;        34.038,14;00;             1,00;        34.038,14;             0,00;             0,00;             0,00;             0,00
0000049580;0001;NE03 2202A;7752218253;GUARDABARRO DELANTERO IZQ;            12,00;         7.375,20;00;            12,00;         7.375,20;             0,00;             0,00;             0,00;             0,00
0000049581;0001;SO06 4002A;801002807R;PUERTA DEL DER    NC;             2,00;           790,62;00;             2,00;           790,62;             0,00;             0,00;             0,00;             0,00
0000049581;0002;SO07 1203B;801002807R;PUERTA DEL DER    NC;             4,00;         1.581,24;00;             4,00;         1.581,24;             0,00;             0,00;             0,00;             0,00
0000049581;0003;SO07 4004A;801002807R;PUERTA DEL DER    NC;             4,00;         1.581,24;00;             4,00;         1.581,24;             0,00;             0,00;             0,00;             0,00
0000049581;0004;SO08 2003B;801002807R;PUERTA DEL DER    NC;             3,00;         1.185,93;00;             3,00;         1.185,93;             0,00;             0,00;             0,00;             0,00
0000049581;0005;W1 03 8D;7752218253;GUARDABARRO DELANTERO IZQ;            10,00;         6.146,00;00;            10,00;         6.146,00;             0,00;             0,00;             0,00;             0,00
0000049581;0006;W1 06 9B;7752218253;GUARDABARRO DELANTERO IZQ;             5,00;         3.073,00;00;            11,00;         6.760,60;             6,00;           120,00;         3.687,60;         3.687,60
0000049581;0007;W1 08 1C;7752218253;GUARDABARRO DELANTERO IZQ;             2,00;         1.229,20;00;             2,00;         1.229,20;             0,00;             0,00;             0,00;             0,00
0000049581;0008;W1 16 3B;7752218253;GUARDABARRO DELANTERO IZQ;            10,00;         6.146,00;00;             9,00;         5.531,40;-             1,00;            10,00;-           614,60;           614,60
0000049581;0009;W1 21 6B;7751469196;PUERTA LAT DER    KG;             2,00;         3.035,22;00;             2,00;         3.035,22;             0,00;             0,00;             0,00;             0,00
0000049581;0010;W2 09 0B;7752218253;GUARDABARRO DELANTERO IZQ;            14,00;         8.604,40;00;            14,00;         8.604,40;             0,00;             0,00;             0,00;             0,00
0000049581;0011;W2 12 1C;622544176R I;GRILLE INF ENTREE AIR BOUCLIER AV;            20,00;     6.223.174,80;00;            20,00;     6.223.174,80;             0,00;             0,00;             0,00;             0,00
0000049581;0012;W2 13 1D;801002807R;PUERTA DEL DER    NC;             4,00;         1.581,24;00;             4,00;         1.581,24;             0,00;             0,00;             0,00;             0,00
0000049581;0013;W2 17 5D;801002807R;PUERTA DEL DER    NC;             4,00;         1.581,24;00;             4,00;         1.581,24;             0,00;             0,00;             0,00;             0,00
0000049581;0014;W2 19 3C;801002807R;PUERTA DEL DER    NC;             4,00;         1.581,24;00;             4,00;         1.581,24;             0,00;             0,00;             0,00;             0,00
0000049581;0015;W2 19 5D;801002807R;PUERTA DEL DER    NC;             4,00;         1.581,24;00;             4,00;         1.581,24;             0,00;             0,00;             0,00;             0,00
0000049581;0016;W2 23 5B;801002807R;PUERTA DEL DER    NC;             4,00;         1.581,24;00;             4,00;         1.581,24;             0,00;             0,00;             0,00;             0,00
0000049581;0017;W2 41 6B;801002807R;PUERTA DEL DER    NC;             3,00;         1.185,93;00;             3,00;         1.185,93;             0,00;             0,00;             0,00;             0,00
0000049581;0018;W2 42 9D;801002807R;PUERTA DEL DER    NC;             4,00;         1.581,24;00;             4,00;         1.581,24;             0,00;             0,00;             0,00;             0,00
0000049581;0019;W2 44 1D;801002807R;PUERTA DEL DER    NC;             4,00;         1.581,24;00;             4,00;         1.581,24;             0,00;             0,00;             0,00;             0,00
0000049581;0020;W2 48 1D;7752218253;GUARDABARRO DELANTERO IZQ;            12,00;         7.375,20;00;            12,00;         7.375,20;             0,00;             0,00;             0,00;             0,00
0000049581;0021;W2 48 5C;7752218253;GUARDABARRO DELANTERO IZQ;            11,00;         6.760,60;00;            11,00;         6.760,60;             0,00;             0,00;             0,00;             0,00
0000049581;0022;W2 48 9B;7752218253;GUARDABARRO DELANTERO IZQ;            12,00;         7.375,20;00;            12,00;         7.375,20;             0,00;             0,00;             0,00;             0,00
0000049582;0001;W2 18 3A;801002807R;PUERTA DEL DER    NC;             2,00;           790,62;00;             2,00;           790,62;             0,00;             0,00;             0,00;             0,00
0000049583;0001;MA0204C 06;164462997R I;CANALISATION ABSORBEUR VAPEUR CRBT U79P2;             3,00;         3.565,41;00;             3,00;         3.565,41;             0,00;             0,00;             0,00;             0,00
0000049583;0002;MA0205C 03;8200671778 I;SINCRONIZADOR 5TA;             1,00;         1.104,99;00;             1,00;         1.104,99;             0,00;             0,00;             0,00;             0,00
0000049583;0003;MA0210G 15;8200416780 I;VARILLA COMANDO AP.PTA.;             1,00;            54,12;00;             1,00;            54,12;             0,00;             0,00;             0,00;             0,00
0000049583;0004;MA0218G 07;240180346V I;CABLAGE VIDE-POCHE U79P2;             1,00;         2.679,93;00;             1,00;         2.679,93;             0,00;             0,00;             0,00;             0,00
0000049583;0005;MA0414D 01;172020658R I;MODULE JAUGE POMPE U79P2;             1,00;        12.365,76;00;             1,00;        12.365,76;             0,00;             0,00;             0,00;             0,00
0000049583;0006;MA0720B 06;240186909V I;CABLAGE PLANCHE BORD U79P2;             1,00;        45.760,37;00;             1,00;        45.760,37;             0,00;             0,00;             0,00;             0,00
0000049583;0007;MA0820D 04;NIS2000162;CUBRE CAJA DE TRANSFERENCIA D23X;             1,00;        13.487,02;00;             1,00;        13.487,02;             0,00;             0,00;             0,00;             0,00
0000049583;0008;MA1115A 02;8200416780 I;VARILLA COMANDO AP.PTA.;             1,00;            54,12;00;             1,00;            54,12;             0,00;             0,00;             0,00;             0,00
0000049584;0001;SA1136D 01;8200598966 I;RODAMIENTO CORREA;           288,00;     4.324.570,56;00;           288,00;     4.324.570,56;             0,00;             0,00;             0,00;             0,00
0000049585;0001;W1 15 9B;8200598966 I;RODAMIENTO CORREA;         1.360,00;    20.421.583,20;00;         1.360,00;    20.421.583,20;             0,00;             0,00;             0,00;             0,00
0000049586;0001;D4 44 5C;924404628R I;TUBO CONDENSADOR AIRE ACOND.;             1,00;        61.539,59;00;             1,00;        61.539,59;             0,00;             0,00;             0,00;             0,00
0000049586;0002;D4 58 2B;876116197R I;MATELASSURE DOSSIER SIEGE 1ERE RNG;             1,00;        16.665,49;00;             1,00;        16.665,49;             0,00;             0,00;             0,00;             0,00
0000049586;0003;D4 58 4C;8201753871 I;FORRO ASIENTO DELANTERO DERECHO GKO;             2,00;       247.099,90;00;             2,00;       247.099,90;             0,00;             0,00;             0,00;             0,00
0000049586;0004;SA1033A 04;175063815R I;CANALISATION ALMT CARBURANT SORTIE APV U;             2,00;         3.012,60;00;             2,00;         3.012,60;             0,00;             0,00;             0,00;             0,00
0000049586;0005;SA1105B 04;823303128R I;COLISA VIDRIO TRAS;             4,00;        85.071,08;00;             4,00;        85.071,08;             0,00;             0,00;             0,00;             0,00
0000049586;0006;SA1109C 01;240188990V I;CABLAGE PLANCHE BORD U79P2;             1,00;        51.439,30;00;             1,00;        51.439,30;             0,00;             0,00;             0,00;             0,00
0000049586;0007;SA1140A 01;240180509V I;CABLAGE PLANCHE BORD U79P2;             1,00;        55.679,94;00;             1,00;        55.679,94;             0,00;             0,00;             0,00;             0,00
0000049587;0001;HA0704A 01;8201753926 I;FORRO ASIENTO DELANTERO IZQUIERDO GKO;             2,00;       247.099,90;00;             2,00;       247.099,90;             0,00;             0,00;             0,00;             0,00
0000049588;0001;NE01 3202C;823015868R I;VIDRIO MOVIL PUERTA TRASERA IZQ;             2,00;        18.579,28;00;             2,00;        18.579,28;             0,00;             0,00;             0,00;             0,00
0000049589;0001;C506A 02;0225232600;KITSEGURIDADRENAULT5EN1;             9,00;       315.911,79;00;             9,00;       315.911,79;             0,00;             0,00;             0,00;             0,00
0000049590;0001;CE1513A 01;902100001R I;PORTON TRAS INFERIOR X45;             1,00;       192.940,02;00;             1,00;       192.940,02;             0,00;             0,00;             0,00;             0,00
0000049591;0001;D4 05 5F;400149448R I;PORTAMAZA DELANTERA DERECHA KWID;             1,00;        20.935,70;00;             1,00;        20.935,70;             0,00;             0,00;             0,00;             0,00
0000049591;0002;D4 08 5F;260609223R I;PROYECTOR HALOGENO IZQUIERDO;            18,00;     1.682.214,66;00;            18,00;     1.682.214,66;             0,00;             0,00;             0,00;             0,00
0000049591;0003;D4 09 4F;260609223R I;PROYECTOR HALOGENO IZQUIERDO;            18,00;     1.682.214,66;00;            18,00;     1.682.214,66;             0,00;             0,00;             0,00;             0,00
0000049591;0004;D4 10 3E;260609223R I;PROYECTOR HALOGENO IZQUIERDO;            18,00;     1.682.214,66;00;            18,00;     1.682.214,66;             0,00;             0,00;             0,00;             0,00
0000049591;0005;D4 13 3E;260609223R I;PROYECTOR HALOGENO IZQUIERDO;            12,00;     1.121.476,44;00;            12,00;     1.121.476,44;             0,00;             0,00;             0,00;             0,00
0000049591;0006;D4 14 4G;152088127R I;F ACEITE B4D-PEDIR REF VD 8671007021;           937,00;     1.857.883,60;00;         1.091,00;     2.163.234,80;           154,00;            16,44;       305.351,20;       305.351,20
0000049591;0007;D4 35 2E;152088127R I;F ACEITE B4D-PEDIR REF VD 8671007021;         1.124,00;     2.228.667,20;00;         1.124,00;     2.228.667,20;             0,00;             0,00;             0,00;             0,00
0000049591;0008;D4 56 5D;543027236R I;AMORTIGUADOR DELANTERO U79 4X4;             1,00;        58.260,01;00;             1,00;        58.260,01;             0,00;             0,00;             0,00;             0,00
0000049591;0009;SA0821F 01;164004350R I;ELEMENTO FILTRANTE DE COMBUSTIBLE M9T;           250,00;     7.160.625,00;00;           250,00;     7.160.625,00;             0,00;             0,00;             0,00;             0,00
0000049591;0010;SA0825F 01;164004350R I;ELEMENTO FILTRANTE DE COMBUSTIBLE M9T;           250,00;     7.160.625,00;00;           250,00;     7.160.625,00;             0,00;             0,00;             0,00;             0,00
0000049591;0011;SA0831F 02;164004350R I;ELEMENTO FILTRANTE DE COMBUSTIBLE M9T;           250,00;     7.160.625,00;00;           250,00;     7.160.625,00;             0,00;             0,00;             0,00;             0,00
0000049591;0012;SA0935D 01;623101991R I;GRILLA CALANDRA X52;             1,00;        15.137,79;00;             1,00;        15.137,79;             0,00;             0,00;             0,00;             0,00
0000049592;0001;HA0607E 02;623101991R I;GRILLA CALANDRA X52;            12,00;       181.653,48;00;            12,00;       181.653,48;             0,00;             0,00;             0,00;             0,00
0000049592;0002;HA0624E 02;623101991R I;GRILLA CALANDRA X52;            10,00;       151.377,90;00;            10,00;       151.377,90;             0,00;             0,00;             0,00;             0,00
0000049592;0003;HA0629D 01;265502720R I;LUZ TRASERA STOP DERECHA EA2 NDUMY;            32,00;     8.670.788,80;00;            32,00;     8.670.788,80;             0,00;             0,00;             0,00;             0,00
0000049592;0004;HA0630D 01;265502720R I;LUZ TRASERA STOP DERECHA EA2 NDUMY;            32,00;     8.670.788,80;00;            32,00;     8.670.788,80;             0,00;             0,00;             0,00;             0,00
0000049592;0005;HA0631C 02;265502720R I;LUZ TRASERA STOP DERECHA EA2 NDUMY;            17,00;     4.606.356,55;00;            17,00;     4.606.356,55;             0,00;             0,00;             0,00;             0,00
0000049592;0006;HA0634D 01;543024025R I;AMORTIGUADOR DEL;            26,00;       941.723,12;00;            26,00;       941.723,12;             0,00;             0,00;             0,00;             0,00
0000049592;0007;HA0719B 02;623101991R I;GRILLA CALANDRA X52;            26,00;       393.582,54;00;            26,00;       393.582,54;             0,00;             0,00;             0,00;             0,00
0000049593;0001;D4 49 6C;7701472120 I;BIELETA DE DIRECCION;             6,00;        84.566,04;00;             6,00;        84.566,04;             0,00;             0,00;             0,00;             0,00
0000049593;0002;D4 52 6C;400149448R I;PORTAMAZA DELANTERA DERECHA KWID;            10,00;       209.357,00;00;            10,00;       209.357,00;             0,00;             0,00;             0,00;             0,00
0000049593;0003;D4 53 7B;261A28132R I;ENJOLIVEUR PROJECTEUR BROUILLARD D;             1,00;         5.410,40;00;             1,00;         5.410,40;             0,00;             0,00;             0,00;             0,00
0000049593;0004;D4 54 1B;543027236R I;AMORTIGUADOR DELANTERO U79 4X4;             8,00;       466.080,08;00;             8,00;       466.080,08;             0,00;             0,00;             0,00;             0,00
0000049593;0005;D4 64 4A;302057116R I;COLECC. PLACA DISCO EMBRAGUE X62;             1,00;       260.269,96;00;             1,00;       260.269,96;             0,00;             0,00;             0,00;             0,00
0000049593;0006;D4 64 7C;261A28132R I;ENJOLIVEUR PROJECTEUR BROUILLARD D;             8,00;        43.283,20;00;             8,00;        43.283,20;             0,00;             0,00;             0,00;             0,00
0000049593;0007;NE03 2301A;165003077R I;CARCARZA FILTRO DE AIRE KD;            53,00;     1.767.860,58;00;            53,00;     1.767.860,58;             0,00;             0,00;             0,00;             0,00
0000049593;0008;SA0823A 02;165559411R I;CONDUCTO FILTRO AIRE U79;             1,00;         7.637,38;00;             1,00;         7.637,38;             0,00;             0,00;             0,00;             0,00
0000049593;0009;SA0937C 01;263362454R I;OBTURADOR IZQUIERDO X52 PH2;             5,00;        27.186,30;00;             5,00;        27.186,30;             0,00;             0,00;             0,00;             0,00
0000049593;0010;SA1027A 02;808212775R I;LECHEUR EXT AV G;            14,00;       273.287,42;00;            14,00;       273.287,42;             0,00;             0,00;             0,00;             0,00
0000049594;0001;MA0213C 12;403153500R I;CALOTA SILVERSTONE;            12,00;        20.151,96;00;            12,00;        20.151,96;             0,00;             0,00;             0,00;             0,00
0000049594;0002;MA0301B 02;400149448R I;PORTAMAZA DELANTERA DERECHA KWID;             1,00;        20.935,70;00;             1,00;        20.935,70;             0,00;             0,00;             0,00;             0,00
0000049594;0003;MA0609E 02;110604371R I;BOITIER SORTIE EAU EQP;             6,00;       482.451,78;00;             6,00;       482.451,78;             0,00;             0,00;             0,00;             0,00
0000049594;0004;MA0617A 05;638756739R I;EMBELLECEDOR GUARDABARRO DELANTERO;             8,00;       126.976,24;00;             8,00;       126.976,24;             0,00;             0,00;             0,00;             0,00
0000049594;0005;MA0710A 02;410603847R I;PASTILLAS DE FRENO DEL X62;            17,00;       635.193,95;00;            17,00;       635.193,95;             0,00;             0,00;             0,00;             0,00
0000049594;0006;MA0710B 01;110604371R I;BOITIER SORTIE EAU EQP;             6,00;       482.451,78;00;             6,00;       482.451,78;             0,00;             0,00;             0,00;             0,00
0000049594;0007;MA0902E 02;7701471373 I;JGO.TORNILLO FIJ.[X 10];            15,00;       359.823,60;00;            15,00;       359.823,60;             0,00;             0,00;             0,00;             0,00
0000049594;0008;MA1107C 04;165559411R I;CONDUCTO FILTRO AIRE U79;             7,00;        53.461,66;00;             7,00;        53.461,66;             0,00;             0,00;             0,00;             0,00
0000049594;0009;MA1204D 02;180026342R I;CAPTEUR PEDALE AC H79 PH2;             5,00;       173.603,35;00;             5,00;       173.603,35;             0,00;             0,00;             0,00;             0,00
0000049594;0010;MA1218A 03;485213221R I;BIELETA DE DIRECCION;             6,00;        68.199,96;00;             6,00;        68.199,96;             0,00;             0,00;             0,00;             0,00
0000049595;0001;AA395;164004350R I;ELEMENTO FILTRANTE DE COMBUSTIBLE M9T;         1.168,00;    33.454.440,00;00;         1.162,00;    33.282.585,00;-             6,00;             0,51;-       171.855,00;       171.855,00
0000049596;0001;HA0720B 02;623101991R I;GRILLA CALANDRA X52;             9,00;       136.240,11;00;            11,00;       166.515,69;             2,00;            22,22;        30.275,58;        30.275,58
0000049596;0002;HA0815B 02;403003173R I;LLANTA DE ALEACION R16 U79 PH2 NAKEA;             9,00;     1.206.515,70;00;             9,00;     1.206.515,70;             0,00;             0,00;             0,00;             0,00
0000049597;0001;GA0134A 01;631005908R I;GUARDABARRO DEL DER X79;            41,00;     4.458.322,78;00;            41,00;     4.458.322,78;             0,00;             0,00;             0,00;             0,00
0000049597;0002;NE03 1303B;631005908R I;GUARDABARRO DEL DER X79;             8,00;       869.916,64;00;             8,00;       869.916,64;             0,00;             0,00;             0,00;             0,00
0000049597;0003;NE03 1904B;631005908R I;GUARDABARRO DEL DER X79;            12,00;     1.304.874,96;00;            12,00;     1.304.874,96;             0,00;             0,00;             0,00;             0,00
0000049598;0001;SO07 2701A;631016111R I;AILE AV G ASS;             3,00;        70.395,21;00;             3,00;        70.395,21;             0,00;             0,00;             0,00;             0,00
0000049598;0002;W2 47 9A;631016111R I;AILE AV G ASS;             8,00;       187.720,56;00;             8,00;       187.720,56;             0,00;             0,00;             0,00;             0,00
0000049599;0001;W1 09 9C;631016111R I;AILE AV G ASS;             8,00;       187.720,56;00;             8,00;       187.720,56;             0,00;             0,00;             0,00;             0,00
0000049599;0002;W1 10 2B;631016111R I;AILE AV G ASS;             8,00;       187.720,56;00;             8,00;       187.720,56;             0,00;             0,00;             0,00;             0,00
0000049600;0001;C112B 12;7703097179 I;LAMPARA STOP  *P21/5W* CC;           293,00;     1.024.808,52;00;           293,00;     1.024.808,52;             0,00;             0,00;             0,00;             0,00
0000049600;0002;C116C 07;7703097179 I;LAMPARA STOP  *P21/5W* CC;           360,00;     1.259.150,40;00;           360,00;     1.259.150,40;             0,00;             0,00;             0,00;             0,00
0000049600;0003;C606C 01;7700500168 I;BUJIA DXX-KXX 2 ELECTRODOS;           447,00;     1.701.214,95;00;           447,00;     1.701.214,95;             0,00;             0,00;             0,00;             0,00
0000049601;0001;C1 26 3B;908922537R I;MONOGRAMME AR RENAULT;            12,00;       150.488,40;00;            12,00;       150.488,40;             0,00;             0,00;             0,00;             0,00
0000049601;0002;C101A 03;990459232R I;BANDA DECO OUTSIDER PUERTA AV G;             9,00;       135.321,57;00;             9,00;       135.321,57;             0,00;             0,00;             0,00;             0,00
0000049601;0003;C101A 10;990454031R I;BANDA DECORATIVA PUERTA DEL IZQ;             9,00;         8.389,53;00;             9,00;         8.389,53;             0,00;             0,00;             0,00;             0,00
0000049601;0004;C101C 14;990454031R I;BANDA DECORATIVA PUERTA DEL IZQ;             4,00;         3.728,68;00;             4,00;         3.728,68;             0,00;             0,00;             0,00;             0,00
0000049601;0005;C102A 08;990454031R I;BANDA DECORATIVA PUERTA DEL IZQ;            12,00;        11.186,04;00;            12,00;        11.186,04;             0,00;             0,00;             0,00;             0,00
0000049601;0006;C104A 03;990449940R I;BANDA stepway PUERTA DEL DER;            23,00;        22.037,91;00;            23,00;        22.037,91;             0,00;             0,00;             0,00;             0,00
0000049601;0007;C108C 02;985101942R I;CALCULADOR AIR BAG;             8,00;       956.528,08;00;             8,00;       956.528,08;             0,00;             0,00;             0,00;             0,00
0000049601;0008;C109D 16;990B82370R I;BANDE DECORATIVE COTE 4WD;             4,00;         8.610,88;00;             4,00;         8.610,88;             0,00;             0,00;             0,00;             0,00
0000049601;0009;C112D 01;7717118900;RASTI ALPINE F1 PARA ARMAR;           400,00;    12.844.120,00;00;           400,00;    12.844.120,00;             0,00;             0,00;             0,00;             0,00
0000049601;0010;C114D 01;7717118900;RASTI ALPINE F1 PARA ARMAR;           235,00;     7.545.920,50;00;           235,00;     7.545.920,50;             0,00;             0,00;             0,00;             0,00
0000049602;0001;D4 40 4C;823302125R I;COULISSE VITRE AR D;            13,00;       398.445,97;00;            13,00;       398.445,97;             0,00;             0,00;             0,00;             0,00
0000049602;0002;D4 5212B;823302125R I;COULISSE VITRE AR D;             4,00;       122.598,76;00;             4,00;       122.598,76;             0,00;             0,00;             0,00;             0,00
0000049602;0003;SA1038C 04;850922902R I;ABSORVEDOR PARAGOLPE;            17,00;       146.349,26;00;            17,00;       146.349,26;             0,00;             0,00;             0,00;             0,00
0000049603;0001;D4 08 1G;823302125R I;COULISSE VITRE AR D;             1,00;        30.649,69;00;             1,00;        30.649,69;             0,00;             0,00;             0,00;             0,00
0000049604;0001;M5 R 009 D;850236717R I;PIEL DE PARAGOLPES TRAS B52 CVT;             4,00;       578.953,64;00;             4,00;       578.953,64;             0,00;             0,00;             0,00;             0,00
0000049605;0001;MA0202A 12;241252447R I;CABLAGE PORTE PASSAGER U79P2;             2,00;         8.993,74;00;             2,00;         8.993,74;             0,00;             0,00;             0,00;             0,00
0000049605;0002;MA0202D 16;241246192R I;CABLAGE PORTE CONDUCTEUR U79P2;             2,00;         8.127,60;00;             2,00;         8.127,60;             0,00;             0,00;             0,00;             0,00
0000049605;0003;MA0210A 06;240367078R I;CABLAGE ADDITIONNEL RADIO U79P2;             4,00;        13.544,20;00;             4,00;        13.544,20;             0,00;             0,00;             0,00;             0,00
0000049605;0004;MA0214C 01;484718150R I;COQUILLE SOUS VOLANT SUP U79P2;             3,00;         8.864,10;00;             3,00;         8.864,10;             0,00;             0,00;             0,00;             0,00
0000049605;0005;MA0214E 10;241258414R I;CABLAGE PORTE PASSAGER U79P2;             2,00;         8.503,56;00;             2,00;         8.503,56;             0,00;             0,00;             0,00;             0,00
0000049605;0006;MA0218C 06;240801576R I;CABLE MASSE GMP CAISSE U79P2;             1,00;         2.258,21;00;             1,00;         2.258,21;             0,00;             0,00;             0,00;             0,00
0000049605;0007;MA0304C 01;241246884R I;CABLAGE PORTE CONDUCTEUR U79P2;             1,00;         4.161,49;00;             1,00;         4.161,49;             0,00;             0,00;             0,00;             0,00
0000049605;0008;MA0318A 12;241259602R I;CABLAGE PORTE PASSAGER U79P2;             2,00;         8.604,96;00;             2,00;         8.604,96;             0,00;             0,00;             0,00;             0,00
0000049605;0009;MA0318E 03;241244070R I;CABLAGE PORTE CONDUCTEUR U79P2;             2,00;         6.777,12;00;             2,00;         6.777,12;             0,00;             0,00;             0,00;             0,00
0000049605;0010;MA0417E 01;850922902R I;ABSORVEDOR PARAGOLPE;             2,00;        17.217,56;00;             2,00;        17.217,56;             0,00;             0,00;             0,00;             0,00
0000049605;0011;MA0603E 04;850922902R I;ABSORVEDOR PARAGOLPE;             7,00;        60.261,46;00;             7,00;        60.261,46;             0,00;             0,00;             0,00;             0,00
0000049605;0012;MA0608B 02;241633782S I;CABLAGE AR U79P2;             1,00;        13.774,36;00;             1,00;        13.774,36;             0,00;             0,00;             0,00;             0,00
0000049605;0013;MA0610D 02;6001548601 I;RECIPIENTE;             4,00;        45.772,40;00;             4,00;        45.772,40;             0,00;             0,00;             0,00;             0,00
0000049605;0014;MA0704D 04;241635610S I;CABLAGE AR U79P2;             2,00;        19.913,34;00;             2,00;        19.913,34;             0,00;             0,00;             0,00;             0,00
0000049605;0015;MA1008D 02;241637567S I;CABLAGE AR U79P2;             2,00;        31.768,36;00;             2,00;        31.768,36;             0,00;             0,00;             0,00;             0,00
0000049605;0016;MA1220A 04;939A53235R I;MOLDURA SUPERIOR IZQUIERDA TRASERA U79;            35,00;       240.140,25;00;            36,00;       247.001,40;             1,00;             2,86;         6.861,15;         6.861,15
0000049606;0001;HA0732A 01;963039477R I;ESPEJO RETROVISOR EXT DER KWID;            19,00;       400.644,83;00;            19,00;       400.644,83;             0,00;             0,00;             0,00;             0,00
0000049606;0002;HA0917A 02;938388614R I;MARCHEPIED AR;             9,00;        83.606,31;00;             9,00;        83.606,31;             0,00;             0,00;             0,00;             0,00
0000049607;0001;HA0633E 02;963039477R I;ESPEJO RETROVISOR EXT DER KWID;            16,00;       337.385,12;00;            16,00;       337.385,12;             0,00;             0,00;             0,00;             0,00
0000049608;0001;W2 18 3B;963039477R I;ESPEJO RETROVISOR EXT DER KWID;            15,00;       316.298,55;00;            15,00;       316.298,55;             0,00;             0,00;             0,00;             0,00
0000049609;0001;CE1608G 01;769241754R;DOBLAD COST TR I NKG;             2,00;        10.712,12;00;             2,00;        10.712,12;             0,00;             0,00;             0,00;             0,00
0000049609;0002;CE1614H 01;769241754R;DOBLAD COST TR I NKG;             2,00;        10.712,12;00;             3,00;        16.068,18;             1,00;            50,00;         5.356,06;         5.356,06
0000049610;0001;W2 21 5A;769241754R;DOBLAD COST TR I NKG;             2,00;        10.712,12;00;             2,00;        10.712,12;             0,00;             0,00;             0,00;             0,00
0000049610;0002;W2 23 1A;769241754R;DOBLAD COST TR I NKG;             1,00;         5.356,06;00;             1,00;         5.356,06;             0,00;             0,00;             0,00;             0,00
0000049610;0003;W2 23 2A;769241754R;DOBLAD COST TR I NKG;             2,00;        10.712,12;00;             2,00;        10.712,12;             0,00;             0,00;             0,00;             0,00
0000049611;0001;SE10 0803A;769241754R;DOBLAD COST TR I NKG;             2,00;        10.712,12;00;             2,00;        10.712,12;             0,00;             0,00;             0,00;             0,00
0000049611;0002;SE10 1604A;769241754R;DOBLAD COST TR I NKG;             2,00;        10.712,12;00;             2,00;        10.712,12;             0,00;             0,00;             0,00;             0,00
0000049611;0003;SE10 2604A;769241754R;DOBLAD COST TR I NKG;             2,00;        10.712,12;00;             2,00;        10.712,12;             0,00;             0,00;             0,00;             0,00
0000049611;0004;SE10 3604A;769241754R;DOBLAD COST TR I NKG;             2,00;        10.712,12;00;             2,00;        10.712,12;             0,00;             0,00;             0,00;             0,00
0000049611;0005;SE10 3803A;769241754R;DOBLAD COST TR I NKG;             2,00;        10.712,12;00;             2,00;        10.712,12;             0,00;             0,00;             0,00;             0,00
0000049611;0006;SE10 3804A;769241754R;DOBLAD COST TR I NKG;             2,00;        10.712,12;00;             2,00;        10.712,12;             0,00;             0,00;             0,00;             0,00
0000049611;0007;W1 05 3B;769241754R;DOBLAD COST TR I NKG;             2,00;        10.712,12;00;             2,00;        10.712,12;             0,00;             0,00;             0,00;             0,00
0000049611;0008;W2 02 1D;769241754R;DOBLAD COST TR I NKG;             3,00;        16.068,18;00;             3,00;        16.068,18;             0,00;             0,00;             0,00;             0,00
0000049611;0009;W2 02 3B;769241754R;DOBLAD COST TR I NKG;             2,00;        10.712,12;00;             2,00;        10.712,12;             0,00;             0,00;             0,00;             0,00
0000049611;0010;W2 02 5C;769241754R;DOBLAD COST TR I NKG;             2,00;        10.712,12;00;             2,00;        10.712,12;             0,00;             0,00;             0,00;             0,00
0000049611;0011;W2 03 3B;769241754R;DOBLAD COST TR I NKG;             2,00;        10.712,12;00;             2,00;        10.712,12;             0,00;             0,00;             0,00;             0,00
0000049611;0012;W2 03 4B;769241754R;DOBLAD COST TR I NKG;             2,00;        10.712,12;00;             2,00;        10.712,12;             0,00;             0,00;             0,00;             0,00
0000049611;0013;W2 08 1B;769241754R;DOBLAD COST TR I NKG;             2,00;        10.712,12;00;             2,00;        10.712,12;             0,00;             0,00;             0,00;             0,00
0000049611;0014;W2 08 4C;769241754R;DOBLAD COST TR I NKG;             2,00;        10.712,12;00;             2,00;        10.712,12;             0,00;             0,00;             0,00;             0,00
0000049611;0015;W2 09 0C;769241754R;DOBLAD COST TR I NKG;             2,00;        10.712,12;00;             2,00;        10.712,12;             0,00;             0,00;             0,00;             0,00
0000049611;0016;W2 09 4C;769241754R;DOBLAD COST TR I NKG;             2,00;        10.712,12;00;             2,00;        10.712,12;             0,00;             0,00;             0,00;             0,00
0000049611;0017;W2 10 5C;769241754R;DOBLAD COST TR I NKG;             2,00;        10.712,12;00;             2,00;        10.712,12;             0,00;             0,00;             0,00;             0,00
0000049611;0018;W2 11 4D;769241754R;DOBLAD COST TR I NKG;             3,00;        16.068,18;00;             3,00;        16.068,18;             0,00;             0,00;             0,00;             0,00
0000049611;0019;W2 13 2C;769241754R;DOBLAD COST TR I NKG;             2,00;        10.712,12;00;             2,00;        10.712,12;             0,00;             0,00;             0,00;             0,00
0000049611;0020;W2 13 4C;769241754R;DOBLAD COST TR I NKG;             2,00;        10.712,12;00;             2,00;        10.712,12;             0,00;             0,00;             0,00;             0,00
0000049611;0021;W2 15 4C;769241754R;DOBLAD COST TR I NKG;             2,00;        10.712,12;00;             2,00;        10.712,12;             0,00;             0,00;             0,00;             0,00
0000049611;0022;W2 18 1B;769241754R;DOBLAD COST TR I NKG;             2,00;        10.712,12;00;             2,00;        10.712,12;             0,00;             0,00;             0,00;             0,00
0000049611;0023;W2 18 2C;769241754R;DOBLAD COST TR I NKG;             2,00;        10.712,12;00;             2,00;        10.712,12;             0,00;             0,00;             0,00;             0,00
0000049611;0024;W2 18 3D;769241754R;DOBLAD COST TR I NKG;             3,00;        16.068,18;00;             3,00;        16.068,18;             0,00;             0,00;             0,00;             0,00
0000049611;0025;W2 20 1C;769241754R;DOBLAD COST TR I NKG;             2,00;        10.712,12;00;             2,00;        10.712,12;             0,00;             0,00;             0,00;             0,00
0000049611;0026;W2 20 2D;769241754R;DOBLAD COST TR I NKG;             3,00;        16.068,18;00;             3,00;        16.068,18;             0,00;             0,00;             0,00;             0,00
0000049611;0027;W2 20 4C;769241754R;DOBLAD COST TR I NKG;             2,00;        10.712,12;00;             2,00;        10.712,12;             0,00;             0,00;             0,00;             0,00
0000049611;0028;W2 24 1B;769241754R;DOBLAD COST TR I NKG;             2,00;        10.712,12;00;             2,00;        10.712,12;             0,00;             0,00;             0,00;             0,00
0000049611;0029;W2 24 3B;769241754R;DOBLAD COST TR I NKG;             2,00;        10.712,12;00;             2,00;        10.712,12;             0,00;             0,00;             0,00;             0,00
0000049611;0030;W2 26 2C;769241754R;DOBLAD COST TR I NKG;             2,00;        10.712,12;00;             2,00;        10.712,12;             0,00;             0,00;             0,00;             0,00
0000049611;0031;W2 26 2D;769241754R;DOBLAD COST TR I NKG;             3,00;        16.068,18;00;             3,00;        16.068,18;             0,00;             0,00;             0,00;             0,00
0000049611;0032;W2 30 2C;769241754R;DOBLAD COST TR I NKG;             2,00;        10.712,12;00;             2,00;        10.712,12;             0,00;             0,00;             0,00;             0,00
0000049611;0033;W2 30 3B;769241754R;DOBLAD COST TR I NKG;             2,00;        10.712,12;00;             2,00;        10.712,12;             0,00;             0,00;             0,00;             0,00
0000049611;0034;W2 32 1B;769241754R;DOBLAD COST TR I NKG;             2,00;        10.712,12;00;             2,00;        10.712,12;             0,00;             0,00;             0,00;             0,00
0000049611;0035;W2 32 2D;769241754R;DOBLAD COST TR I NKG;             3,00;        16.068,18;00;             3,00;        16.068,18;             0,00;             0,00;             0,00;             0,00
0000049611;0036;W2 34 2B;769241754R;DOBLAD COST TR I NKG;             2,00;        10.712,12;00;             2,00;        10.712,12;             0,00;             0,00;             0,00;             0,00
0000049611;0037;W2 38 5C;769241754R;DOBLAD COST TR I NKG;             2,00;        10.712,12;00;             2,00;        10.712,12;             0,00;             0,00;             0,00;             0,00
0000049611;0038;W2 40 2B;769241754R;DOBLAD COST TR I NKG;             2,00;        10.712,12;00;             2,00;        10.712,12;             0,00;             0,00;             0,00;             0,00
0000049612;0001;MA0206E 03;625445000R I;JUNTA ALETA;             3,00;         3.842,97;00;             3,00;         3.842,97;             0,00;             0,00;             0,00;             0,00
0000049613;0001;W2 33 1A;641015276R I;BLOCK ASSY-HALF, LH;             1,00;       687.602,20;00;             1,00;       687.602,20;             0,00;             0,00;             0,00;             0,00
0000049613;0002;W2 33 2A;641002020R I;BLOCK ASSY-HALF, RH;             1,00;       648.300,20;00;             1,00;       648.300,20;             0,00;             0,00;             0,00;             0,00
0000049613;0003;W2 41 9A;641014481R I;BLOCK ASSY-HALF, LH;             1,00;       687.350,85;00;             1,00;       687.350,85;             0,00;             0,00;             0,00;             0,00
0000049614;0001;W1 06 1C;641007376R I;BLOCK ASSY-HALF, RH;             1,00;       651.567,75;00;             1,00;       651.567,75;             0,00;             0,00;             0,00;             0,00
0000049617;0001;D4 34 6A;963668218R I;VIDRIO ESPEJO RETROVISOR IZQ X79 PH2;            18,00;       217.926,90;00;            18,00;       217.926,90;             0,00;             0,00;             0,00;             0,00
0000049617;0002;SA0827C 04;261521020R I;COLLECT ENJOLIVEUR PRJR BROUILLARD BBB;            66,00;     1.723.382,76;00;            66,00;     1.723.382,76;             0,00;             0,00;             0,00;             0,00
0000049617;0003;SA0931B 02;7702307692;SOPORTE PATENTE;            50,00;       228.412,50;00;            51,00;       232.980,75;             1,00;             2,00;         4.568,25;         4.568,25
0000049617;0004;SA0933A 01;638327246R I;PASORUEDA DEL DE LF2;            58,00;       175.793,36;00;            58,00;       175.793,36;             0,00;             0,00;             0,00;             0,00
0000049617;0005;SA1030A 03;803305566R I;COLIZA VIDRIO PTA DELANTERA DER;             8,00;        63.775,36;00;             8,00;        63.775,36;             0,00;             0,00;             0,00;             0,00
0000049617;0006;SA1037C 01;908305215R I;JUNTA PORTÓN B52;             6,00;        63.501,84;00;             6,00;        63.501,84;             0,00;             0,00;             0,00;             0,00
0000049617;0007;SA1104C 01;767489771R I;ECRAN PASSAGE ROUE AR D;             3,00;        13.577,16;00;             3,00;        13.577,16;             0,00;             0,00;             0,00;             0,00
0000049617;0008;SA1110B 04;908305215R I;JUNTA PORTÓN B52;             2,00;        21.167,28;00;             2,00;        21.167,28;             0,00;             0,00;             0,00;             0,00
0000049617;0009;SA1128B 03;638327246R I;PASORUEDA DEL DE LF2;            69,00;       209.133,48;00;            69,00;       209.133,48;             0,00;             0,00;             0,00;             0,00
0000049617;0010;SA1130C 03;622231300R I;SOPORTE PARAGOLPE;            66,00;       249.906,36;00;            66,00;       249.906,36;             0,00;             0,00;             0,00;             0,00
0000049618;0001;MA0214C 12;054000001R I;CLIP FIJ. DIAM. 8;           380,00;       459.746,80;00;           380,00;       459.746,80;             0,00;             0,00;             0,00;             0,00
0000049618;0002;MA0216F 01;215060007R I;PLOT ELASTIQUE;             7,00;       150.549,00;00;             7,00;       150.549,00;             0,00;             0,00;             0,00;             0,00
0000049618;0003;MA0410E 02;850934565R I;ABSORVEDOR PARAGOLPE;            30,00;       308.088,30;00;            30,00;       308.088,30;             0,00;             0,00;             0,00;             0,00
0000049618;0004;MA0505C 05;805028267R I;SERRURE PORTE AV D ELCT;             7,00;        79.411,64;00;             7,00;        79.411,64;             0,00;             0,00;             0,00;             0,00
0000049618;0005;MA0704A 03;261A35151R I;EMB. FARO ANTINIEBLA IZQ KWID CROMO;            11,00;        71.255,14;00;            11,00;        71.255,14;             0,00;             0,00;             0,00;             0,00
0000049618;0006;MA0806B 03;289307214R I;GICLEUR LAVE PARE-BRISE;            62,00;       202.290,50;00;            62,00;       202.290,50;             0,00;             0,00;             0,00;             0,00
0000049618;0007;MA1218B 03;172023527R I;MODULE JAUGE POMPE U79P2;             2,00;       121.033,58;00;             2,00;       121.033,58;             0,00;             0,00;             0,00;             0,00
0000049618;0008;MB0201C 05;638327246R I;PASORUEDA DEL DE LF2;             3,00;         9.092,76;00;             3,00;         9.092,76;             0,00;             0,00;             0,00;             0,00
0000049619;0001;D4 39 1E;8201108350 I;COLECC.ROTUL AXIAL;           112,00;     5.595.795,52;00;           112,00;     5.595.795,52;             0,00;             0,00;             0,00;             0,00
0000049619;0002;D4 51 3D;767489771R I;ECRAN PASSAGE ROUE AR D;             7,00;        31.680,04;00;             7,00;        31.680,04;             0,00;             0,00;             0,00;             0,00
0000049620;0001;HA0736B 02;963019447R I;RETROVISOR DER BBB PH2;            10,00;       444.942,00;00;            10,00;       444.942,00;             0,00;             0,00;             0,00;             0,00
0000049620;0002;HA0805B 01;260108470R I;PROYECTOR DERECHO KD;            12,00;     3.069.385,56;00;            12,00;     3.069.385,56;             0,00;             0,00;             0,00;             0,00
0000049620;0003;HA0807B 02;140033358R I;MULTIPLE REPARTIDOR AIRE ADMISION B4D;            12,00;       537.533,76;00;            12,00;       537.533,76;             0,00;             0,00;             0,00;             0,00
0000049620;0004;HA0834A 01;963012690R I;RETROVISEUR EXT D;             5,00;       727.570,05;00;             5,00;       727.570,05;             0,00;             0,00;             0,00;             0,00
0000049620;0005;HA0917A 01;260108470R I;PROYECTOR DERECHO KD;            13,00;     3.325.167,69;00;            13,00;     3.325.167,69;             0,00;             0,00;             0,00;             0,00
0000049620;0006;HA0935B 02;214106201R I;RADIADOR DE AGUA H5D HJF;             8,00;       532.435,84;00;             8,00;       532.435,84;             0,00;             0,00;             0,00;             0,00
0000049621;0001;HA0618B 01;288B55277R I;ESCOBILLA LIMPIAPARABRISA PASAJERO X67;            51,00;       876.033,63;00;            51,00;       876.033,63;             0,00;             0,00;             0,00;             0,00
0000049621;0002;HA0622D 01;403152426R I;TAZA RUEDA 15" EPTIUS;            81,00;       550.770,84;00;            81,00;       550.770,84;             0,00;             0,00;             0,00;             0,00
0000049621;0003;HA0634D 02;260108470R I;PROYECTOR DERECHO KD;             5,00;     1.278.910,65;00;             5,00;     1.278.910,65;             0,00;             0,00;             0,00;             0,00
0000049621;0004;HA0640D 01;963012690R I;RETROVISEUR EXT D;             5,00;       727.570,05;00;             5,00;       727.570,05;             0,00;             0,00;             0,00;             0,00
0000049622;0001;AA406;260108470R I;PROYECTOR DERECHO KD;            77,00;    19.695.224,01;00;            77,00;    19.695.224,01;             0,00;             0,00;             0,00;             0,00
0000049623;0001;SE07 05P;651006016R I;CAPOT DELANTERO DUSTER-DUSTER OROCH;            66,00;     4.993.082,16;00;            65,00;     4.917.429,40;-             1,00;             1,52;-        75.652,76;        75.652,76
0000049623;0002;W1 14 1A;8201740600 I;OVERFENDERS U79 PH2;            17,00;     1.032.483,27;00;            17,00;     1.032.483,27;             0,00;             0,00;             0,00;             0,00
0000049623;0003;W2 17 3A;774214657R I;PANEL LATERAL TRASERO IZQUIERDO DUSTER;             4,00;       223.252,56;00;             4,00;       223.252,56;             0,00;             0,00;             0,00;             0,00
0000049623;0004;W2 34 3A;774214657R I;PANEL LATERAL TRASERO IZQUIERDO DUSTER;             4,00;       223.252,56;00;             4,00;       223.252,56;             0,00;             0,00;             0,00;             0,00
0000049624;0001;C101A 15;985109184R I;UCE AIRBAG;             2,00;       227.939,04;00;             2,00;       227.939,04;             0,00;             0,00;             0,00;             0,00
0000049625;0001;HA0736A 01;403150537R I;TAZA RUEDA RDIF04 KWID Gris Oscuro;            12,00;        66.625,32;00;            12,00;        66.625,32;             0,00;             0,00;             0,00;             0,00
0000049626;0001;MA0720D 06;510144016R I;BOITIER SP D TRAVERSE EXTR UNIT AV APV;             2,00;         8.373,38;00;             2,00;         8.373,38;             0,00;             0,00;             0,00;             0,00
0000049627;0001;SA1036B 04;620927800R I;ABSORBEUR D BOUCLIER AVA;             8,00;        43.682,88;00;             8,00;        43.682,88;             0,00;             0,00;             0,00;             0,00
0000049628;0001;W2 20 1A;631006376R;GUARDABARRO DELANTERO DER K67 STEPWAY;            12,00;         2.049,96;00;            12,00;         2.049,96;             0,00;             0,00;             0,00;             0,00
0000049628;0002;W2 46 1A;631006376R;GUARDABARRO DELANTERO DER K67 STEPWAY;            10,00;         1.708,30;00;            10,00;         1.708,30;             0,00;             0,00;             0,00;             0,00
0000049629;0001;CS1607C 01;631006376R;GUARDABARRO DELANTERO DER K67 STEPWAY;            12,00;         2.049,96;00;            12,00;         2.049,96;             0,00;             0,00;             0,00;             0,00
0000049629;0002;SO05 5803B;631006376R;GUARDABARRO DELANTERO DER K67 STEPWAY;            12,00;         2.049,96;00;            12,00;         2.049,96;             0,00;             0,00;             0,00;             0,00
0000049629;0003;W1 01 4C;631006376R;GUARDABARRO DELANTERO DER K67 STEPWAY;            12,00;         2.049,96;00;            12,00;         2.049,96;             0,00;             0,00;             0,00;             0,00
0000049629;0004;W1 19 3C;631006376R;GUARDABARRO DELANTERO DER K67 STEPWAY;            12,00;         2.049,96;00;            12,00;         2.049,96;             0,00;             0,00;             0,00;             0,00
0000049629;0005;W1 21 3C;631006376R;GUARDABARRO DELANTERO DER K67 STEPWAY;            12,00;         2.049,96;00;            12,00;         2.049,96;             0,00;             0,00;             0,00;             0,00
0000049629;0006;W1 36 1B;631006376R;GUARDABARRO DELANTERO DER K67 STEPWAY;             1,00;           170,83;00;             1,00;           170,83;             0,00;             0,00;             0,00;             0,00
0000049629;0007;W2 25 7C;631006376R;GUARDABARRO DELANTERO DER K67 STEPWAY;            12,00;         2.049,96;00;            12,00;         2.049,96;             0,00;             0,00;             0,00;             0,00
0000049629;0008;W2 25 8B;631006376R;GUARDABARRO DELANTERO DER K67 STEPWAY;            12,00;         2.049,96;00;            12,00;         2.049,96;             0,00;             0,00;             0,00;             0,00
0000049629;0009;W2 27 2B;631006376R;GUARDABARRO DELANTERO DER K67 STEPWAY;            12,00;         2.049,96;00;            12,00;         2.049,96;             0,00;             0,00;             0,00;             0,00
0000049629;0010;W2 27 2C;631006376R;GUARDABARRO DELANTERO DER K67 STEPWAY;            12,00;         2.049,96;00;            12,00;         2.049,96;             0,00;             0,00;             0,00;             0,00
0000049629;0011;W2 27 3C;631006376R;GUARDABARRO DELANTERO DER K67 STEPWAY;            12,00;         2.049,96;00;            12,00;         2.049,96;             0,00;             0,00;             0,00;             0,00
0000049629;0012;W2 34 4B;631006376R;GUARDABARRO DELANTERO DER K67 STEPWAY;            12,00;         2.049,96;00;            12,00;         2.049,96;             0,00;             0,00;             0,00;             0,00
0000049629;0013;W2 44 6C;631006376R;GUARDABARRO DELANTERO DER K67 STEPWAY;            12,00;         2.049,96;00;            12,00;         2.049,96;             0,00;             0,00;             0,00;             0,00
0000049629;0014;W2 46 4B;631006376R;GUARDABARRO DELANTERO DER K67 STEPWAY;            12,00;         2.049,96;00;            12,00;         2.049,96;             0,00;             0,00;             0,00;             0,00
0000049629;0015;W2 46 6B;631006376R;GUARDABARRO DELANTERO DER K67 STEPWAY;            12,00;         2.049,96;00;            12,00;         2.049,96;             0,00;             0,00;             0,00;             0,00
0000049629;0016;W2 46 7B;631006376R;GUARDABARRO DELANTERO DER K67 STEPWAY;            12,00;         2.049,96;00;            12,00;         2.049,96;             0,00;             0,00;             0,00;             0,00
0000049629;0017;W2 46 8C;631006376R;GUARDABARRO DELANTERO DER K67 STEPWAY;            12,00;         2.049,96;00;            12,00;         2.049,96;             0,00;             0,00;             0,00;             0,00
0000049629;0018;W2 47 2B;631006376R;GUARDABARRO DELANTERO DER K67 STEPWAY;            12,00;         2.049,96;00;            12,00;         2.049,96;             0,00;             0,00;             0,00;             0,00
0000049629;0019;W2 47 3D;631006376R;GUARDABARRO DELANTERO DER K67 STEPWAY;            12,00;         2.049,96;00;            10,00;         1.708,30;-             2,00;            16,67;-           341,66;           341,66
0000049630;0001;SO07 3601B;745143332R;PISO AR PARTE AR ASS;            16,00;           405,60;00;            16,00;           405,60;             0,00;             0,00;             0,00;             0,00
0000049630;0002;W2 03 1A;745143332R;PISO AR PARTE AR ASS;            36,00;           912,60;00;            36,00;           912,60;             0,00;             0,00;             0,00;             0,00
0000049630;0003;W2 53 7A;745143332R;PISO AR PARTE AR ASS;            29,00;           735,15;00;            29,00;           735,15;             0,00;             0,00;             0,00;             0,00
0000049630;0004;W2 55 4A;745143332R;PISO AR PARTE AR ASS;            17,00;           430,95;00;            17,00;           430,95;             0,00;             0,00;             0,00;             0,00
0000049631;0001;W2 15 3D;745143332R;PISO AR PARTE AR ASS;            20,00;           507,00;00;            20,00;           507,00;             0,00;             0,00;             0,00;             0,00
0000049631;0002;W2 50 3B;745143332R;PISO AR PARTE AR ASS;            15,00;           380,25;00;            15,00;           380,25;             0,00;             0,00;             0,00;             0,00
0000049631;0003;W2 52 1B;745143332R;PISO AR PARTE AR ASS;            10,00;           253,50;00;            10,00;           253,50;             0,00;             0,00;             0,00;             0,00
0000049631;0004;W2 53 4B;745143332R;PISO AR PARTE AR ASS;            20,00;           507,00;00;            20,00;           507,00;             0,00;             0,00;             0,00;             0,00
0000049631;0005;W2 55 4B;745143332R;PISO AR PARTE AR ASS;            10,00;           253,50;00;            10,00;           253,50;             0,00;             0,00;             0,00;             0,00
0000049631;0006;W2 55 9D;745143332R;PISO AR PARTE AR ASS;            10,00;           253,50;00;            10,00;           253,50;             0,00;             0,00;             0,00;             0,00
0000049631;0007;W3 05 2C;745143332R;PISO AR PARTE AR ASS;            20,00;           507,00;00;            20,00;           507,00;             0,00;             0,00;             0,00;             0,00
0000049632;0001;C114B 10;7711213335 I;LAMPARA W16W;           209,00;       179.882,12;00;           209,00;       179.882,12;             0,00;             0,00;             0,00;             0,00
0000049632;0002;C304C 01;7711733865 I;CAMARA DE REVERSA X79-X52-HJD-HHA-BBB;            64,00;     2.112.830,72;00;            64,00;     2.112.830,72;             0,00;             0,00;             0,00;             0,00
0000049633;0001;MA0714B 01;791627543R I;JUPE AR;             4,00;       448.887,08;00;             4,00;       448.887,08;             0,00;             0,00;             0,00;             0,00
0000049633;0002;MA1210B 01;791627543R I;JUPE AR;             4,00;       448.887,08;00;             4,00;       448.887,08;             0,00;             0,00;             0,00;             0,00
0000049634;0001;MA0213A 04;806067028R I;COMANDO ABERTURA EXTERNA;             6,00;       352.618,50;00;             6,00;       352.618,50;             0,00;             0,00;             0,00;             0,00
0000049634;0002;MA0901B 03;850420027R I;EQUERRE FIX LAT G BO;             5,00;        67.405,40;00;             5,00;        67.405,40;             0,00;             0,00;             0,00;             0,00
0000049634;0003;MA0903B 01;804305879R I;TRABA PUERTA;           170,00;     6.565.490,10;00;           170,00;     6.565.490,10;             0,00;             0,00;             0,00;             0,00
0000049634;0004;MA1202A 02;807201941R I;LEVANTA VIDRIO DEL DER;             3,00;       282.326,76;00;             3,00;       282.326,76;             0,00;             0,00;             0,00;             0,00
0000049635;0001;SO06 2201A;821007910R I;CORREDERA PUERTA LADO DERECHO X67;             3,00;       807.544,11;00;             3,00;       807.544,11;             0,00;             0,00;             0,00;             0,00
0000049636;0001;LE02 1103A;821007910R I;CORREDERA PUERTA LADO DERECHO X67;             5,00;     1.345.906,85;00;             5,00;     1.345.906,85;             0,00;             0,00;             0,00;             0,00
0000049636;0002;SE10 2603A;821007910R I;CORREDERA PUERTA LADO DERECHO X67;             5,00;     1.345.906,85;00;             5,00;     1.345.906,85;             0,00;             0,00;             0,00;             0,00
0000049636;0003;SE10 2803A;821007910R I;CORREDERA PUERTA LADO DERECHO X67;             5,00;     1.345.906,85;00;             5,00;     1.345.906,85;             0,00;             0,00;             0,00;             0,00
0000049636;0004;SO06 0203A;821007910R I;CORREDERA PUERTA LADO DERECHO X67;             5,00;     1.345.906,85;00;             5,00;     1.345.906,85;             0,00;             0,00;             0,00;             0,00
0000049636;0005;SO08 0202B;821007910R I;CORREDERA PUERTA LADO DERECHO X67;             5,00;     1.345.906,85;00;             5,00;     1.345.906,85;             0,00;             0,00;             0,00;             0,00
0000049636;0006;W2 25 1B;821007910R I;CORREDERA PUERTA LADO DERECHO X67;             3,00;       807.544,11;00;             3,00;       807.544,11;             0,00;             0,00;             0,00;             0,00
0000049636;0007;W2 42 5B;821007910R I;CORREDERA PUERTA LADO DERECHO X67;             5,00;     1.345.906,85;00;             5,00;     1.345.906,85;             0,00;             0,00;             0,00;             0,00
0000049636;0008;W2 48 6B;821007910R I;CORREDERA PUERTA LADO DERECHO X67;             5,00;     1.345.906,85;00;             5,00;     1.345.906,85;             0,00;             0,00;             0,00;             0,00
0000049636;0009;W2 48 8C;821007910R I;CORREDERA PUERTA LADO DERECHO X67;             5,00;     1.345.906,85;00;             5,00;     1.345.906,85;             0,00;             0,00;             0,00;             0,00
0000049637;0001;C104B 05;822830813R I;CALCO MONTANTE PUERTA AR;            32,00;       227.213,76;00;            32,00;       227.213,76;             0,00;             0,00;             0,00;             0,00
0000049637;0002;C302B 01;8550507324 I;CARCASA CON TERMOSTATO D4F 89°;           255,00;     2.103.306,30;00;           255,00;     2.103.306,30;             0,00;             0,00;             0,00;             0,00
0000049637;0003;C514D 02;8550507324 I;CARCASA CON TERMOSTATO D4F 89°;           384,00;     3.167.331,84;00;           384,00;     3.167.331,84;             0,00;             0,00;             0,00;             0,00
0000049638;0001;G1 0315P;850229823R I;PARAGOLPE TRASERO E2 OROCH;            61,00;     6.028.010,24;00;            62,00;     6.126.830,08;             1,00;             1,64;        98.819,84;        98.819,84
0000049639;0001;HA0921B 01;850709817R I;EMBELLECEDOR PARAGOLPES TRAS H79 PH2;            19,00;     1.157.136,86;00;            26,00;     1.583.450,44;             7,00;            36,84;       426.313,58;       426.313,58
0000049640;0001;HA0631D 02;850709817R I;EMBELLECEDOR PARAGOLPES TRAS H79 PH2;             8,00;       487.215,52;00;             8,00;       487.215,52;             0,00;             0,00;             0,00;             0,00
0000049641;0001;MA0115M 05;905746220R I;GACHE SUP PORTE COFFRE;             2,00;        38.376,02;00;             2,00;        38.376,02;             0,00;             0,00;             0,00;             0,00
0000049641;0002;MA0208F 07;684219106R I;BAGUETTE DECORATIVE CDC U79P2;             4,00;         7.860,48;00;             4,00;         7.860,48;             0,00;             0,00;             0,00;             0,00
0000049641;0003;MA0216B 16;684100581R I;FACADE SUPPORT INTERRUPTEUR PDB U79P2;             1,00;         1.952,00;00;             1,00;         1.952,00;             0,00;             0,00;             0,00;             0,00
0000049641;0004;MA0304A 10;684100581R I;FACADE SUPPORT INTERRUPTEUR PDB U79P2;             2,00;         3.904,00;00;             2,00;         3.904,00;             0,00;             0,00;             0,00;             0,00
0000049641;0005;MA0502A 03;6608067124 I;DEFLECTOR DE AIRE INFERIOR DEREC GKO;             3,00;        34.754,85;00;             3,00;        34.754,85;             0,00;             0,00;             0,00;             0,00
0000049641;0006;MA0502C 04;6608067121 I;DEFLECTOR DE AIRE SUPERIOR IZQUIER GKO;             3,00;        31.258,80;00;             3,00;        31.258,80;             0,00;             0,00;             0,00;             0,00
0000049641;0007;MA0503C 03;6608093103 I;RESORTES AMORTIGUADOR DELANTEROS GKO;             2,00;        35.577,46;00;             2,00;        35.577,46;             0,00;             0,00;             0,00;             0,00
0000049641;0008;MA0503C 04;6608104428 I;DUCT-REAR FOOT HEAT,LH-FRONT PART;             1,00;        13.527,20;00;             1,00;        13.527,20;             0,00;             0,00;             0,00;             0,00
0000049641;0009;MA0503D 02;6608068388 I;WEATHERSTRIP-REAR DOOR,INNER RH;             1,00;        22.335,88;00;             1,00;        22.335,88;             0,00;             0,00;             0,00;             0,00
0000049641;0010;MA0503D 03;6608101250 I;SOPORTE PROJECTOR ALETA IZQUIERDA GKO;             4,00;        41.998,32;00;             4,00;        41.998,32;             0,00;             0,00;             0,00;             0,00
0000049641;0011;MA0503D 05;6608093106 I;RESORTES AMORTIGUADOR TRASERO GKO;             2,00;        39.119,20;00;             2,00;        39.119,20;             0,00;             0,00;             0,00;             0,00
0000049641;0012;MA0504B 02;6608065167 I;TUBE ASSY-AIR CONDITIONER HIGH PRESSURE;             1,00;        24.312,40;00;             1,00;        24.312,40;             0,00;             0,00;             0,00;             0,00
0000049641;0013;MA0504B 03;6608065168 I;TUBE ASSY-CONDENSER OUTLET;             1,00;        22.644,35;00;             1,00;        22.644,35;             0,00;             0,00;             0,00;             0,00
0000049641;0014;MA0504C 02;6608066730 I;REFLECTOR ASSY-REFLEX,RH;             2,00;        60.141,20;00;             2,00;        60.141,20;             0,00;             0,00;             0,00;             0,00
0000049641;0015;MA0504C 04;6608068367 I;WEATHERSTRIP-BACK DOOR;             1,00;        51.903,78;00;             1,00;        51.903,78;             0,00;             0,00;             0,00;             0,00
0000049641;0016;MA0504C 06;6608134884 I;HUB & BEARING ASSY-FRONT WHEEL;             2,00;        94.507,60;00;             2,00;        94.507,60;             0,00;             0,00;             0,00;             0,00
0000049641;0017;MA0506C 01;6608104426 I;DUCT-REAR FOOT HEAT,RH-FRONT PART;             1,00;        13.013,08;00;             1,00;        13.013,08;             0,00;             0,00;             0,00;             0,00
0000049641;0018;MA0506D 05;6608067123 I;DEFLECTOR DE AIRE INFERIOR IZQUIER GKO;             3,00;        35.543,19;00;             2,00;        23.695,46;-             1,00;            33,33;-        11.847,73;        11.847,73
0000049642;0001;C304C 02;990427374R I;COLLECTION D' ELEMENT DECORATIF APV;             4,00;        94.695,00;00;             4,00;        94.695,00;             0,00;             0,00;             0,00;             0,00
0000049643;0001;D4 51 3A;6608067126 I;ALERON TRASERO IZQUIERDO GKO;             5,00;        99.968,75;00;             5,00;        99.968,75;             0,00;             0,00;             0,00;             0,00
0000049643;0002;D4 54 1A;6608067127 I;ALERON TRASERO DERECHO GKO;             5,00;        99.968,75;00;             5,00;        99.968,75;             0,00;             0,00;             0,00;             0,00
0000049643;0003;SA1002B 02;6608104229 I;EMBELLECEDOR PUERTA DELANTERA DER GKO;            20,00;       626.547,00;00;            20,00;       626.547,00;             0,00;             0,00;             0,00;             0,00
0000049643;0004;SA1037C 02;679005394R I;ABSORBANT ACOUSTIQUE TABLIER U79P2;             3,00;         5.763,93;00;             3,00;         5.763,93;             0,00;             0,00;             0,00;             0,00
0000049643;0005;SA1126A 04;6608066984 I;FAN UNIT-ENG COOLING;             1,00;       274.965,48;00;             1,00;       274.965,48;             0,00;             0,00;             0,00;             0,00
0000049644;0001;D4 65 7C;738208898R I;BARRA TECHO DERECHA OR2;             1,00;        94.136,52;00;             1,00;        94.136,52;             0,00;             0,00;             0,00;             0,00
0000049645;0001;W1 02 8A;755101521R I;MEMBER ASSY-SIDE,REAR RH;             1,00;       405.073,38;00;             1,00;       405.073,38;             0,00;             0,00;             0,00;             0,00
0000049645;0002;W1 05 3A;755115737R I;MEMBER-SIDE,REAR LH;             1,00;       408.763,65;00;             1,00;       408.763,65;             0,00;             0,00;             0,00;             0,00
0000049645;0003;W2 39 5A;762308824R I;PILLAR ASSY-FRONT,INNER UPPER RH;             1,00;       244.574,98;00;             1,00;       244.574,98;             0,00;             0,00;             0,00;             0,00
0000049646;0001;SO06 1801B;763103852R I;REFUERZO COSTADO PUERTA TRASE DER GKO;             2,00;       453.024,10;00;             2,00;       453.024,10;             0,00;             0,00;             0,00;             0,00
0000049647;0001;MA0202E 10;7700106067 I;FILTRO ACEITE;             1,00;            19,23;00;             1,00;            19,23;             0,00;             0,00;             0,00;             0,00
0000049647;0002;MA0213E 05;809542639R I;MANIJA INTERIOR PTA DELANTERA IZQUIERDA;             1,00;           687,64;00;             1,00;           687,64;             0,00;             0,00;             0,00;             0,00
0000049647;0003;MA0720D 04;769342856R I;GARNITURE PIED AR SUP D U79P2;             3,00;        12.710,52;00;             3,00;        12.710,52;             0,00;             0,00;             0,00;             0,00
0000049647;0004;MA0720D 05;769351235R I;GARNITURE PIED AR SUP G U79P2;             2,00;         3.452,88;00;             2,00;         3.452,88;             0,00;             0,00;             0,00;             0,00
0000049647;0005;MA0902D 04;8200110306 I;GARNITURE PORTE;             2,00;        37.328,58;00;             2,00;        37.328,58;             0,00;             0,00;             0,00;             0,00
0000049647;0006;MA0915A 04;769368691R I;GARNITURE PIED AR INF D U79P2;             2,00;         9.721,72;00;             3,00;        14.582,58;             1,00;            50,00;         4.860,86;         4.860,86
0000049647;0007;MA1213D 02;769150311R I;GARNITURE PIED MI;             3,00;        10.108,41;00;             3,00;        10.108,41;             0,00;             0,00;             0,00;             0,00
0000049648;0001;SA0924A 01;809017387R I;GARNITURE PANNEAU PORTE AV G X79PH2;             2,00;        21.241,92;00;             2,00;        21.241,92;             0,00;             0,00;             0,00;             0,00
0000049648;0002;SA1019A 04;809007022R;PANEL PTA DEL.DER.KG;             1,00;           279,07;00;             1,00;           279,07;             0,00;             0,00;             0,00;             0,00
0000049648;0003;SA1029A 04;798541218R I;GARNITURE BANDEAU U79P2;             3,00;         8.205,99;00;             3,00;         8.205,99;             0,00;             0,00;             0,00;             0,00
0000049648;0004;SA9 17C01;7700303429 I;BURLETE INFERIOR PARABRIS;             2,00;         2.111,32;00;             2,00;         2.111,32;             0,00;             0,00;             0,00;             0,00
0000049649;0001;SO08 2203B;821002434R;PUERTA TRASERA DER. B52 ASS POSVENTA;             4,00;       462.226,08;00;             4,00;       462.226,08;             0,00;             0,00;             0,00;             0,00
0000049650;0001;SO05 5804B;821005976R;PUERTA LAT DER N NKG;             3,00;         4.800,60;00;             3,00;         4.800,60;             0,00;             0,00;             0,00;             0,00
0000049650;0002;SO05 6004B;821005976R;PUERTA LAT DER N NKG;             3,00;         4.800,60;00;             3,00;         4.800,60;             0,00;             0,00;             0,00;             0,00
0000049650;0003;W1 01 8D;821005976R;PUERTA LAT DER N NKG;             3,00;         4.800,60;00;             3,00;         4.800,60;             0,00;             0,00;             0,00;             0,00
0000049650;0004;W1 02 1D;821005976R;PUERTA LAT DER N NKG;             3,00;         4.800,60;00;             3,00;         4.800,60;             0,00;             0,00;             0,00;             0,00
0000049650;0005;W1 02 4D;821005976R;PUERTA LAT DER N NKG;             3,00;         4.800,60;00;             3,00;         4.800,60;             0,00;             0,00;             0,00;             0,00
0000049650;0006;W1 0310D;821005976R;PUERTA LAT DER N NKG;             3,00;         4.800,60;00;             3,00;         4.800,60;             0,00;             0,00;             0,00;             0,00
0000049650;0007;W1 04 1D;821005976R;PUERTA LAT DER N NKG;             3,00;         4.800,60;00;             3,00;         4.800,60;             0,00;             0,00;             0,00;             0,00
0000049650;0008;W1 04 2D;821005976R;PUERTA LAT DER N NKG;             3,00;         4.800,60;00;             3,00;         4.800,60;             0,00;             0,00;             0,00;             0,00
0000049650;0009;W1 04 8D;821005976R;PUERTA LAT DER N NKG;             3,00;         4.800,60;00;             3,00;         4.800,60;             0,00;             0,00;             0,00;             0,00
0000049650;0010;W1 06 4D;821005976R;PUERTA LAT DER N NKG;             3,00;         4.800,60;00;             3,00;         4.800,60;             0,00;             0,00;             0,00;             0,00
0000049650;0011;W1 08 8D;821005976R;PUERTA LAT DER N NKG;             3,00;         4.800,60;00;             3,00;         4.800,60;             0,00;             0,00;             0,00;             0,00
0000049650;0012;W1 09 2D;821005976R;PUERTA LAT DER N NKG;             3,00;         4.800,60;00;             3,00;         4.800,60;             0,00;             0,00;             0,00;             0,00
0000049650;0013;W1 09 4D;821005976R;PUERTA LAT DER N NKG;             3,00;         4.800,60;00;             3,00;         4.800,60;             0,00;             0,00;             0,00;             0,00
0000049650;0014;W1 09 7D;821005976R;PUERTA LAT DER N NKG;             3,00;         4.800,60;00;             3,00;         4.800,60;             0,00;             0,00;             0,00;             0,00
0000049650;0015;W1 0910D;821005976R;PUERTA LAT DER N NKG;             3,00;         4.800,60;00;             3,00;         4.800,60;             0,00;             0,00;             0,00;             0,00
0000049650;0016;W1 11 2D;821005976R;PUERTA LAT DER N NKG;             3,00;         4.800,60;00;             3,00;         4.800,60;             0,00;             0,00;             0,00;             0,00
0000049650;0017;W1 13 2D;821005976R;PUERTA LAT DER N NKG;             3,00;         4.800,60;00;             3,00;         4.800,60;             0,00;             0,00;             0,00;             0,00
0000049650;0018;W1 13 3D;821005976R;PUERTA LAT DER N NKG;             3,00;         4.800,60;00;             3,00;         4.800,60;             0,00;             0,00;             0,00;             0,00
0000049650;0019;W1 13 4D;821005976R;PUERTA LAT DER N NKG;             3,00;         4.800,60;00;             3,00;         4.800,60;             0,00;             0,00;             0,00;             0,00
0000049650;0020;W1 13 5D;821005976R;PUERTA LAT DER N NKG;             3,00;         4.800,60;00;             3,00;         4.800,60;             0,00;             0,00;             0,00;             0,00
0000049650;0021;W1 13 6D;821005976R;PUERTA LAT DER N NKG;             3,00;         4.800,60;00;             3,00;         4.800,60;             0,00;             0,00;             0,00;             0,00
0000049650;0022;W1 13 8D;821005976R;PUERTA LAT DER N NKG;             3,00;         4.800,60;00;             3,00;         4.800,60;             0,00;             0,00;             0,00;             0,00
0000049650;0023;W1 14 3D;821005976R;PUERTA LAT DER N NKG;             3,00;         4.800,60;00;             3,00;         4.800,60;             0,00;             0,00;             0,00;             0,00
0000049650;0024;W1 14 5D;821005976R;PUERTA LAT DER N NKG;             3,00;         4.800,60;00;             3,00;         4.800,60;             0,00;             0,00;             0,00;             0,00
0000049650;0025;W1 14 6D;821005976R;PUERTA LAT DER N NKG;             3,00;         4.800,60;00;             3,00;         4.800,60;             0,00;             0,00;             0,00;             0,00
0000049650;0026;W1 15 1D;821005976R;PUERTA LAT DER N NKG;             3,00;         4.800,60;00;             3,00;         4.800,60;             0,00;             0,00;             0,00;             0,00
0000049650;0027;W1 15 2D;821005976R;PUERTA LAT DER N NKG;             3,00;         4.800,60;00;             3,00;         4.800,60;             0,00;             0,00;             0,00;             0,00
0000049650;0028;W1 15 6D;821005976R;PUERTA LAT DER N NKG;             3,00;         4.800,60;00;             3,00;         4.800,60;             0,00;             0,00;             0,00;             0,00
0000049650;0029;W1 15 7D;821005976R;PUERTA LAT DER N NKG;             3,00;         4.800,60;00;             3,00;         4.800,60;             0,00;             0,00;             0,00;             0,00
0000049650;0030;W1 1610D;821005976R;PUERTA LAT DER N NKG;             3,00;         4.800,60;00;             3,00;         4.800,60;             0,00;             0,00;             0,00;             0,00
0000049650;0031;W1 19 1D;821005976R;PUERTA LAT DER N NKG;             3,00;         4.800,60;00;             3,00;         4.800,60;             0,00;             0,00;             0,00;             0,00
0000049650;0032;W1 19 2D;821005976R;PUERTA LAT DER N NKG;             2,00;         3.200,40;00;             2,00;         3.200,40;             0,00;             0,00;             0,00;             0,00
0000049650;0033;W1 20 1D;821005976R;PUERTA LAT DER N NKG;             3,00;         4.800,60;00;             3,00;         4.800,60;             0,00;             0,00;             0,00;             0,00
0000049650;0034;W1 20 5D;821005976R;PUERTA LAT DER N NKG;             3,00;         4.800,60;00;             3,00;         4.800,60;             0,00;             0,00;             0,00;             0,00
0000049650;0035;W1 21 1D;821005976R;PUERTA LAT DER N NKG;             3,00;         4.800,60;00;             3,00;         4.800,60;             0,00;             0,00;             0,00;             0,00
0000049650;0036;W1 21 7D;821005976R;PUERTA LAT DER N NKG;             3,00;         4.800,60;00;             3,00;         4.800,60;             0,00;             0,00;             0,00;             0,00
0000049650;0037;W1 21 8D;821005976R;PUERTA LAT DER N NKG;             3,00;         4.800,60;00;             3,00;         4.800,60;             0,00;             0,00;             0,00;             0,00
0000049650;0038;W1 22 3D;821005976R;PUERTA LAT DER N NKG;             3,00;         4.800,60;00;             3,00;         4.800,60;             0,00;             0,00;             0,00;             0,00
0000049650;0039;W1 23 2D;821005976R;PUERTA LAT DER N NKG;             3,00;         4.800,60;00;             3,00;         4.800,60;             0,00;             0,00;             0,00;             0,00
0000049650;0040;W1 23 3D;821005976R;PUERTA LAT DER N NKG;             3,00;         4.800,60;00;             3,00;         4.800,60;             0,00;             0,00;             0,00;             0,00
0000049650;0041;W1 23 8D;821005976R;PUERTA LAT DER N NKG;             3,00;         4.800,60;00;             3,00;         4.800,60;             0,00;             0,00;             0,00;             0,00
0000049650;0042;W1 2310D;821005976R;PUERTA LAT DER N NKG;             3,00;         4.800,60;00;             3,00;         4.800,60;             0,00;             0,00;             0,00;             0,00
0000049650;0043;W1 30 4D;821005976R;PUERTA LAT DER N NKG;             3,00;         4.800,60;00;             3,00;         4.800,60;             0,00;             0,00;             0,00;             0,00
0000049650;0044;W1 36 2D;821005976R;PUERTA LAT DER N NKG;             3,00;         4.800,60;00;             3,00;         4.800,60;             0,00;             0,00;             0,00;             0,00
0000049650;0045;W1 36 4D;821005976R;PUERTA LAT DER N NKG;             3,00;         4.800,60;00;             3,00;         4.800,60;             0,00;             0,00;             0,00;             0,00
0000049650;0046;W2 25 14D;821005976R;PUERTA LAT DER N NKG;             3,00;         4.800,60;00;             3,00;         4.800,60;             0,00;             0,00;             0,00;             0,00
0000049650;0047;W2 25 5D;821005976R;PUERTA LAT DER N NKG;             3,00;         4.800,60;00;             3,00;         4.800,60;             0,00;             0,00;             0,00;             0,00
0000049650;0048;W2 29 4D;821005976R;PUERTA LAT DER N NKG;             3,00;         4.800,60;00;             3,00;         4.800,60;             0,00;             0,00;             0,00;             0,00
0000049650;0049;W2 29 7D;821005976R;PUERTA LAT DER N NKG;             3,00;         4.800,60;00;             3,00;         4.800,60;             0,00;             0,00;             0,00;             0,00
0000049650;0050;W2 31 2D;821005976R;PUERTA LAT DER N NKG;             3,00;         4.800,60;00;             3,00;         4.800,60;             0,00;             0,00;             0,00;             0,00
0000049650;0051;W2 31 7D;821005976R;PUERTA LAT DER N NKG;             3,00;         4.800,60;00;             3,00;         4.800,60;             0,00;             0,00;             0,00;             0,00
0000049650;0052;W2 35 9D;821005976R;PUERTA LAT DER N NKG;             3,00;         4.800,60;00;             3,00;         4.800,60;             0,00;             0,00;             0,00;             0,00
0000049650;0053;W2 37 5D;821005976R;PUERTA LAT DER N NKG;             3,00;         4.800,60;00;             3,00;         4.800,60;             0,00;             0,00;             0,00;             0,00
0000049650;0054;W2 37 8D;821005976R;PUERTA LAT DER N NKG;             3,00;         4.800,60;00;             3,00;         4.800,60;             0,00;             0,00;             0,00;             0,00
0000049650;0055;W2 39 5D;821005976R;PUERTA LAT DER N NKG;             3,00;         4.800,60;00;             3,00;         4.800,60;             0,00;             0,00;             0,00;             0,00
0000049650;0056;W2 41 8D;821005976R;PUERTA LAT DER N NKG;             3,00;         4.800,60;00;             3,00;         4.800,60;             0,00;             0,00;             0,00;             0,00
0000049650;0057;W2 44 2D;821005976R;PUERTA LAT DER N NKG;             3,00;         4.800,60;00;             3,00;         4.800,60;             0,00;             0,00;             0,00;             0,00
0000049650;0058;W2 45 6D;821005976R;PUERTA LAT DER N NKG;             3,00;         4.800,60;00;             3,00;         4.800,60;             0,00;             0,00;             0,00;             0,00
0000049650;0059;W2 45 7D;821005976R;PUERTA LAT DER N NKG;             3,00;         4.800,60;00;             3,00;         4.800,60;             0,00;             0,00;             0,00;             0,00
0000049650;0060;W2 45 8D;821005976R;PUERTA LAT DER N NKG;             3,00;         4.800,60;00;             3,00;         4.800,60;             0,00;             0,00;             0,00;             0,00
0000049650;0061;W2 46 8D;821005976R;PUERTA LAT DER N NKG;             3,00;         4.800,60;00;             3,00;         4.800,60;             0,00;             0,00;             0,00;             0,00
0000049650;0062;W2 48 6D;821005976R;PUERTA LAT DER N NKG;             3,00;         4.800,60;00;             3,00;         4.800,60;             0,00;             0,00;             0,00;             0,00
0000049651;0001;CA0623A 01;638412189R I;ECRAN PASSAGE ROUE AV G;            10,00;       173.002,80;00;            10,00;       173.002,80;             0,00;             0,00;             0,00;             0,00
0000049651;0002;SO07 1701B;638412189R I;ECRAN PASSAGE ROUE AV G;             6,00;       103.801,68;00;             6,00;       103.801,68;             0,00;             0,00;             0,00;             0,00
0000049651;0003;W2 55 3A;402061669R I;COLECCION DISCO FRENO DELANTERO KD;            11,00;       538.847,65;00;            11,00;       538.847,65;             0,00;             0,00;             0,00;             0,00
0000049652;0001;MA0302A 02;625A17771R I;SUPPORT G TRAVERS;             3,00;        20.335,02;00;             3,00;        20.335,02;             0,00;             0,00;             0,00;             0,00
0000049652;0002;MA0603D 05;960155900R I;ECOPE ENTREE AIR H79 PH2;            18,00;       186.857,82;00;            18,00;       186.857,82;             0,00;             0,00;             0,00;             0,00
0000049652;0003;MA0714B 02;960155900R I;ECOPE ENTREE AIR H79 PH2;            10,00;       103.809,90;00;            10,00;       103.809,90;             0,00;             0,00;             0,00;             0,00
0000049652;0004;MA1005C 02;625A17771R I;SUPPORT G TRAVERS;             2,00;        13.556,68;00;             2,00;        13.556,68;             0,00;             0,00;             0,00;             0,00
0000049652;0005;MA1017E 04;172021617R I;MANOMETRO MODULO DE BOMBA;             1,00;        66.470,99;00;             1,00;        66.470,99;             0,00;             0,00;             0,00;             0,00
0000049652;0006;MA1104E 02;243822061R I;COUVERCLE BOITIER;            21,00;        22.059,66;00;            22,00;        23.110,12;             1,00;             4,76;         1.050,46;         1.050,46
0000049652;0007;MA1204C 03;960155900R I;ECOPE ENTREE AIR H79 PH2;             4,00;        41.523,96;00;             4,00;        41.523,96;             0,00;             0,00;             0,00;             0,00
0000049653;0001;M4 R 025 B;620226322R I;COLE PARAGOLPE DEL C/RADAR PROXI;            10,00;     1.379.262,60;00;            13,00;     1.793.041,38;             3,00;            30,00;       413.778,78;       413.778,78
0000049653;0002;M6 R 033 A;620226322R I;COLE PARAGOLPE DEL C/RADAR PROXI;             2,00;       275.852,52;00;             2,00;       275.852,52;             0,00;             0,00;             0,00;             0,00
0000049654;0001;HA0806A 02;623108550R I;GRILLA FRENTE CARROCERIA X52 PH2;            42,00;       527.321,76;00;            42,00;       527.321,76;             0,00;             0,00;             0,00;             0,00
0000049654;0002;HA0913A 02;272779472R I;FILTRE HABITACLE APV;            95,00;     1.672.468,35;00;            95,00;     1.672.468,35;             0,00;             0,00;             0,00;             0,00
0000049654;0003;HA0939A 02;620721246R I;MOLDURA CENTRAL DE PARAGOLPES DELANTERO;            27,00;       514.223,37;00;            27,00;       514.223,37;             0,00;             0,00;             0,00;             0,00
0000049655;0001;HA0605B 01;165006718R I;FILTRE AIR HHA;            21,00;       464.551,92;00;            21,00;       464.551,92;             0,00;             0,00;             0,00;             0,00
0000049655;0002;HA0608B 01;623108550R I;GRILLA FRENTE CARROCERIA X52 PH2;            13,00;       163.218,64;00;            13,00;       163.218,64;             0,00;             0,00;             0,00;             0,00
0000049655;0003;HA0609D 02;403008345R I;LLANTA DE ALEACION R16 K67 PANACHE;             6,00;     1.527.205,32;00;             6,00;     1.527.205,32;             0,00;             0,00;             0,00;             0,00
0000049655;0004;HA0612E 01;260602727R I;Proyector delantero izquiedo XBB;            15,00;     1.922.650,20;00;            15,00;     1.922.650,20;             0,00;             0,00;             0,00;             0,00
0000049655;0005;HA0620E 02;260602727R I;Proyector delantero izquiedo XBB;            14,00;     1.794.473,52;00;            14,00;     1.794.473,52;             0,00;             0,00;             0,00;             0,00
0000049655;0006;HA0632C 01;260602727R I;Proyector delantero izquiedo XBB;             2,00;       256.353,36;00;             2,00;       256.353,36;             0,00;             0,00;             0,00;             0,00
0000049656;0001;D4 46 3B;562108859R I;AMORTIGUADOR TRASERO KARDIAN;            28,00;     1.087.156,84;00;            28,00;     1.087.156,84;             0,00;             0,00;             0,00;             0,00
0000049656;0002;SA0926A 01;172021617R I;MANOMETRO MODULO DE BOMBA;            11,00;       731.180,89;00;            11,00;       731.180,89;             0,00;             0,00;             0,00;             0,00
0000049656;0003;SA1034A 02;288901158R I;COLECC. ESCOBILLA LIMPIAPARAB 510 MM;             7,00;        86.143,68;00;             7,00;        86.143,68;             0,00;             0,00;             0,00;             0,00
0000049656;0004;SA1128C 03;625A17771R I;SUPPORT G TRAVERS;             8,00;        54.226,72;00;             8,00;        54.226,72;             0,00;             0,00;             0,00;             0,00
0000049657;0001;D4 01 4E;260105795R I;FARO DELANTERO DERECHO H79-U79;            10,00;     1.017.217,30;00;            10,00;     1.017.217,30;             0,00;             0,00;             0,00;             0,00
0000049657;0002;D4 01 5E;260105795R I;FARO DELANTERO DERECHO H79-U79;             5,00;       508.608,65;00;             5,00;       508.608,65;             0,00;             0,00;             0,00;             0,00
0000049657;0003;D4 28 1F;260602727R I;Proyector delantero izquiedo XBB;             8,00;     1.025.413,44;00;             8,00;     1.025.413,44;             0,00;             0,00;             0,00;             0,00
0000049657;0004;D4 47 3D;562108859R I;AMORTIGUADOR TRASERO KARDIAN;             8,00;       310.616,24;00;             8,00;       310.616,24;             0,00;             0,00;             0,00;             0,00
0000049657;0005;D4 70 1G;165006718R I;FILTRE AIR HHA;            75,00;     1.659.114,00;00;            76,00;     1.681.235,52;             1,00;             1,33;        22.121,52;        22.121,52
0000049657;0006;SA0831D 01;402061669R I;COLECCION DISCO FRENO DELANTERO KD;            16,00;       783.778,40;00;            16,00;       783.778,40;             0,00;             0,00;             0,00;             0,00
0000049658;0001;CS1617D 01;901001424R I;PORTON TRASERO H79 PH1;             3,00;       459.280,23;00;             3,00;       459.280,23;             0,00;             0,00;             0,00;             0,00
0000049658;0002;NE02 0403B;901001424R I;PORTON TRASERO H79 PH1;             4,00;       612.373,64;00;             4,00;       612.373,64;             0,00;             0,00;             0,00;             0,00
0000049658;0003;SE10 0403A;651001399R I;CAPOT MASTER III;             4,00;       241.077,72;00;             4,00;       241.077,72;             0,00;             0,00;             0,00;             0,00
0000049658;0004;SE10 2004A;651001399R I;CAPOT MASTER III;             5,00;       301.347,15;00;             5,00;       301.347,15;             0,00;             0,00;             0,00;             0,00
0000049658;0005;W2 44 3C;651001399R I;CAPOT MASTER III;             4,00;       241.077,72;00;             4,00;       241.077,72;             0,00;             0,00;             0,00;             0,00
0000049658;0006;W3 03 1C;651001399R I;CAPOT MASTER III;             6,00;       361.616,58;00;             6,00;       361.616,58;             0,00;             0,00;             0,00;             0,00
0000049659;0001;MA0101A 06;8200120715 I;PLAFONIER BAJO;             2,00;            46,58;00;             1,00;            23,29;-             1,00;            50,00;-            23,29;            23,29
0000049659;0002;MA0101A 13;768F30004R I;MOLDURA;             3,00;       302.797,32;00;             3,00;       302.797,32;             0,00;             0,00;             0,00;             0,00
0000049659;0003;MA0103A 13;8200735448 I;SOPORTE IZQ  PARAGOLPE TR;             2,00;        32.721,30;00;             2,00;        32.721,30;             0,00;             0,00;             0,00;             0,00
0000049659;0004;MA0203C 03;850453059R I;SOPORTE TRASERO IZQ DE PARAGOLPE TRASERO;             1,00;         8.612,76;00;             1,00;         8.612,76;             0,00;             0,00;             0,00;             0,00
0000049659;0005;MA0204G 05;850453059R I;SOPORTE TRASERO IZQ DE PARAGOLPE TRASERO;             2,00;        17.225,52;00;             2,00;        17.225,52;             0,00;             0,00;             0,00;             0,00
0000049659;0006;MA0502D 06;8201754330 I;TUBE ASSY-FEED FUEL PUMP;             1,00;        10.990,85;00;             1,00;        10.990,85;             0,00;             0,00;             0,00;             0,00
0000049659;0007;MA0506C 05;8201754565 I;WELT BODY SIDE-REAR RH;             1,00;        38.639,35;00;             1,00;        38.639,35;             0,00;             0,00;             0,00;             0,00
0000049659;0008;MA0507B 03;8201754311 I;FILTRO DE AIRE GKO;            10,00;       204.279,00;00;            10,00;       204.279,00;             0,00;             0,00;             0,00;             0,00
0000049659;0009;MA0610E 02;878177669R I;TULIPA IZQ CINTURON SEGURIDAD IZQ X67;             2,00;        26.974,02;00;             2,00;        26.974,02;             0,00;             0,00;             0,00;             0,00
0000049659;0010;MA0704A 06;850456714R I;SOPORTE TRASERO IZQUIER PARAGOLPE TRASER;            34,00;       281.031,08;00;            34,00;       281.031,08;             0,00;             0,00;             0,00;             0,00
0000049659;0011;MA0708A 03;8200752920 I;EJE;            20,00;        60.943,20;00;            20,00;        60.943,20;             0,00;             0,00;             0,00;             0,00
0000049659;0012;MA0716A 02;656011344R I;CERRADURA CAPOT NUEVO LOGAN / SANDERO;            11,00;     1.129.333,59;00;            11,00;     1.129.333,59;             0,00;             0,00;             0,00;             0,00
0000049659;0013;MA0720E 02;8200752920 I;EJE;            28,00;        85.320,48;00;            28,00;        85.320,48;             0,00;             0,00;             0,00;             0,00
0000049659;0014;MA0819B 01;8200735448 I;SOPORTE IZQ  PARAGOLPE TR;             4,00;        65.442,60;00;             4,00;        65.442,60;             0,00;             0,00;             0,00;             0,00
0000049659;0015;MA1003E 02;8201753908 I;HEADREST ASSY-FRONT SEAT;             2,00;       228.454,30;00;             2,00;       228.454,30;             0,00;             0,00;             0,00;             0,00
0000049659;0016;MB0204C 03;8201753890 I;FINISHER SET-FRONT SEAT HSG LH;             2,00;        46.865,36;00;             2,00;        46.865,36;             0,00;             0,00;             0,00;             0,00
0000049660;0001;D4 03 2F;850188999R I;EMBELLECEDOR PARACHOQUE TRASERO EA2 GRIS;             9,00;     1.202.555,34;00;             9,00;     1.202.555,34;             0,00;             0,00;             0,00;             0,00
0000049660;0002;D4 06 6G;960169042R I;ZÓCALO PARAGOLPE DEL DER;            26,00;       203.225,36;00;            26,00;       203.225,36;             0,00;             0,00;             0,00;             0,00
0000049660;0003;D4 11 1G;963029461R I;RETROVISOR EXTERIOR IZQ/MNL SIN ESPEJO;            15,00;     1.629.811,95;00;            15,00;     1.629.811,95;             0,00;             0,00;             0,00;             0,00
0000049660;0004;D4 62 3F;850701446R I;EMBELLECEDOR PARAGOLPES TRASERO B52;            78,00;     3.523.279,50;00;            78,00;     3.523.279,50;             0,00;             0,00;             0,00;             0,00
0000049660;0005;SA1005F 01;850188999R I;EMBELLECEDOR PARACHOQUE TRASERO EA2 GRIS;            20,00;     2.672.345,20;00;            20,00;     2.672.345,20;             0,00;             0,00;             0,00;             0,00
0000049660;0006;SA1010E 01;850188999R I;EMBELLECEDOR PARACHOQUE TRASERO EA2 GRIS;            43,00;     5.745.542,18;00;            43,00;     5.745.542,18;             0,00;             0,00;             0,00;             0,00
0000049660;0007;SA1011F 01;850188999R I;EMBELLECEDOR PARACHOQUE TRASERO EA2 GRIS;            33,00;     4.409.369,58;00;            33,00;     4.409.369,58;             0,00;             0,00;             0,00;             0,00
0000049660;0008;SA1036D 02;788A34619R I;ELARGISSEUR PASSAGE ROUE AR G;            18,00;       181.715,04;00;            18,00;       181.715,04;             0,00;             0,00;             0,00;             0,00
0000049661;0001;D4 6112A;791025142R I;FALDON TRASERO 4X2;             4,00;       127.848,16;00;             4,00;       127.848,16;             0,00;             0,00;             0,00;             0,00
0000049662;0001;CA0611A 01;901001424R I;PORTON TRASERO H79 PH1;             2,00;       306.186,82;00;             2,00;       306.186,82;             0,00;             0,00;             0,00;             0,00
0000049662;0002;CA0626A 02;801005595R I;PUERTA DEL DER B90-H79;             4,00;       419.285,76;00;             4,00;       419.285,76;             0,00;             0,00;             0,00;             0,00
0000049662;0003;W1 1212A;8201753881 I;FORRO ESPALDAR DELANTERO DERECHO GKO;             2,00;       253.475,06;00;             2,00;       253.475,06;             0,00;             0,00;             0,00;             0,00
0000049662;0004;W1 16 7A;801005595R I;PUERTA DEL DER B90-H79;             4,00;       419.285,76;00;             4,00;       419.285,76;             0,00;             0,00;             0,00;             0,00
0000049662;0005;W1 25 2A;8201754792 I;CROSS CAR BEAM ASSY;             1,00;       248.013,90;00;             1,00;       248.013,90;             0,00;             0,00;             0,00;             0,00
0000049662;0006;W1 33 6A;901001424R I;PORTON TRASERO H79 PH1;             4,00;       612.373,64;00;             4,00;       612.373,64;             0,00;             0,00;             0,00;             0,00
0000049662;0007;W2 03 5A;801005595R I;PUERTA DEL DER B90-H79;             4,00;       419.285,76;00;             4,00;       419.285,76;             0,00;             0,00;             0,00;             0,00
0000049662;0008;W2 27 9A;901001424R I;PORTON TRASERO H79 PH1;             4,00;       612.373,64;00;             4,00;       612.373,64;             0,00;             0,00;             0,00;             0,00
0000049663;0001;D4 32 2C;850708113R I;MOLDURA PARAGOLPE TRAS DUSTER NEGRA;             5,00;       274.056,05;00;             5,00;       274.056,05;             0,00;             0,00;             0,00;             0,00
0000049663;0002;D4 60 9C;850708113R I;MOLDURA PARAGOLPE TRAS DUSTER NEGRA;             1,00;        54.811,21;00;             1,00;        54.811,21;             0,00;             0,00;             0,00;             0,00
0000049663;0003;NE03 3301B;850188999R I;EMBELLECEDOR PARACHOQUE TRASERO EA2 GRIS;            16,00;     2.137.876,16;00;            16,00;     2.137.876,16;             0,00;             0,00;             0,00;             0,00
0000049663;0004;SA1013B 01;8200134513 I;TUBO ENTRADA AGUA;            41,00;     3.287.393,12;00;            41,00;     3.287.393,12;             0,00;             0,00;             0,00;             0,00
0000049663;0005;SA1116B 03;960169042R I;ZÓCALO PARAGOLPE DEL DER;            30,00;       234.490,80;00;            30,00;       234.490,80;             0,00;             0,00;             0,00;             0,00
0000049663;0006;SA1124A 04;963733463R I;COQUILLE RETROVISEUR EXT D;            17,00;       103.843,31;00;            17,00;       103.843,31;             0,00;             0,00;             0,00;             0,00
0000049663;0007;SA9 14B03;960169042R I;ZÓCALO PARAGOLPE DEL DER;            51,00;       398.634,36;00;            53,00;       414.267,08;             2,00;             3,92;        15.632,72;        15.632,72
0000049664;0001;HA0728A 02;963029461R I;RETROVISOR EXTERIOR IZQ/MNL SIN ESPEJO;            20,00;     2.173.082,60;00;            20,00;     2.173.082,60;             0,00;             0,00;             0,00;             0,00
0000049665;0001;HA0601E 01;963029461R I;RETROVISOR EXTERIOR IZQ/MNL SIN ESPEJO;             4,00;       434.616,52;00;             4,00;       434.616,52;             0,00;             0,00;             0,00;             0,00
0000049666;0001;SO07 3401B;130C16917R I;COLECCION SISTEMA DE DISTRIBUCION;             0,00;             0,00;00;             1,00;       175.616,50;             1,00;           999,99;       175.616,50;       175.616,50
0000049667;0001;SO07 0701B;628119487R I;GUIDE AIR SUP G BOUCLIER AV;             0,00;             0,00;00;             1,00;         6.691,59;             1,00;           999,99;         6.691,59;         6.691,59
0000049668;0001;W1 10 1D;638415599R I;PROTECTOR PRUED DL I NDU.;             0,00;             0,00;00;             5,00;        65.486,20;             5,00;           999,99;        65.486,20;        65.486,20
0000049669;0001;W1 10 1D;873206023R I;TAPIZADO ASTO DEL DER;             0,00;             0,00;00;             1,00;        20.251,39;             1,00;           999,99;        20.251,39;        20.251,39
0000049670;0001;W1 12 6D;768F29254R I;BAGUETTE PANNEAU LT G;             0,00;             0,00;00;             1,00;         3.878,42;             1,00;           999,99;         3.878,42;         3.878,42
0000049671;0001;W1 12 9D;908327570R I;JUNTA DE PUERTA DE BAUL;             0,00;             0,00;00;             1,00;        14.246,68;             1,00;           999,99;        14.246,68;        14.246,68
0000049672;0001;MA0109B 08;287811574R I;PORTE BALAI P/CFR;             0,00;             0,00;00;             2,00;         4.571,12;             2,00;           999,99;         4.571,12;         4.571,12
0000049673;0001;W1 10 1D;850B48138R I;MOLDURA PARAGOLPE TRASERO OROCH;             0,00;             0,00;00;             5,00;       115.290,30;             5,00;           999,99;       115.290,30;       115.290,30
0000049674;0001;NE02 3003A;769225573R I;JUNTA DE PUERTA TRASERA IZQUIERDA;             0,00;             0,00;00;             3,00;        20.948,13;             3,00;           999,99;        20.948,13;        20.948,13
0000049675;0001;NE02 0402B;767494025R I;ECRAN PASSAGE ROUE AR G;             0,00;             0,00;00;             2,00;       548.049,20;             2,00;           999,99;       548.049,20;       548.049,20
0000049676;0001;NE02 1202A;620936395R I;ABSORBEUR G BOUCLIER AV;             0,00;             0,00;00;             3,00;        16.709,16;             3,00;           999,99;        16.709,16;        16.709,16
0000049677;0001;NE02 2202B;682407224R I;VISIERE TABLEAU BORD;             0,00;             0,00;00;             2,00;        52.125,92;             2,00;           999,99;        52.125,92;        52.125,92
0000049678;0001;NE02 2403B;638139404R I;ELARGISSEUR PASSAGE ROUE AV G HHA;             0,00;             0,00;00;             7,00;       250.742,87;             7,00;           999,99;       250.742,87;       250.742,87
0000049679;0001;NE02 2602B;963653260R I;VIDRIO ESPEJO RETROVISOR DER X79 PH2;             0,00;             0,00;00;            10,00;       124.309,30;            10,00;           999,99;       124.309,30;       124.309,30
0000049680;0001;NE02 3202A;260103917R I;PROYECTOR HALOGENO DERECHO;             0,00;             0,00;00;            18,00;     1.546.684,38;            18,00;           999,99;     1.546.684,38;     1.546.684,38
0000049681;0001;NE02 3202B;511654628R I;TAPA OBTURADORA PARAGOLPE TRASERO;             0,00;             0,00;00;             1,00;         9.153,13;             1,00;           999,99;         9.153,13;         9.153,13
0000049682;0001;W1 12 7D;8201743772 I;COLLECTION ELARGISSEUR AILE X79PH2;             0,00;             0,00;00;             3,00;       197.802,69;             3,00;           999,99;       197.802,69;       197.802,69
0000049683;0001;SA1124F 01;620905631R I;ABSORBEDOR PARAGOLPE DELANTERA;             1,00;        15.589,90;00;             0,00;             0,00;-             1,00;           100,00;-        15.589,90;        15.589,90
0000049684;0001;G1 0317P;681006270R;PAINEL DE INSTRUMENTOS;             7,00;     1.559.953,08;00;             7,00;     1.559.953,08;             0,00;             0,00;             0,00;             0,00
0000049684;0002;G2 01 3P;620222180R I;PARAGOLPE DELANTERO CAPTUR;            55,00;     5.685.170,15;00;            55,00;     5.685.170,15;             0,00;             0,00;             0,00;             0,00
0000049684;0003;G2 01 9P;681006270R;PAINEL DE INSTRUMENTOS;            12,00;     2.674.205,28;00;            12,00;     2.674.205,28;             0,00;             0,00;             0,00;             0,00
0000049685;0001;SO05 5201A;821013507R I;PUERTA TRASE IZQ HJD;             4,00;       337.585,76;00;             4,00;       337.585,76;             0,00;             0,00;             0,00;             0,00
0000049685;0002;SO06 0801B;801007784R;PUERTA DEL DER    NC;             3,00;         5.872,32;00;             3,00;         5.872,32;             0,00;             0,00;             0,00;             0,00
0000049685;0003;SO06 1401A;801007784R;PUERTA DEL DER    NC;             4,00;         7.829,76;00;             4,00;         7.829,76;             0,00;             0,00;             0,00;             0,00
0000049685;0004;SO08 2101A;801007784R;PUERTA DEL DER    NC;             4,00;         7.829,76;00;             4,00;         7.829,76;             0,00;             0,00;             0,00;             0,00
0000049685;0005;W1 25 8A;801007784R;PUERTA DEL DER    NC;             4,00;         7.829,76;00;             4,00;         7.829,76;             0,00;             0,00;             0,00;             0,00
0000049685;0006;W2 33 8A;821013507R I;PUERTA TRASE IZQ HJD;             6,00;       506.378,64;00;             5,00;       421.982,20;-             1,00;            16,67;-        84.396,44;        84.396,44
0000049685;0007;W2 34 1P;821013507R I;PUERTA TRASE IZQ HJD;            34,00;     2.869.478,96;00;            34,00;     2.869.478,96;             0,00;             0,00;             0,00;             0,00
0000049686;0001;CS1617B 01;821013507R I;PUERTA TRASE IZQ HJD;             4,00;       337.585,76;00;             4,00;       337.585,76;             0,00;             0,00;             0,00;             0,00
0000049686;0002;CS1617C 01;821013507R I;PUERTA TRASE IZQ HJD;             4,00;       337.585,76;00;             4,00;       337.585,76;             0,00;             0,00;             0,00;             0,00
0000049686;0003;SO08 2602A;801007784R;PUERTA DEL DER    NC;             4,00;         7.829,76;00;             4,00;         7.829,76;             0,00;             0,00;             0,00;             0,00
0000049686;0004;SO08 2603A;801007784R;PUERTA DEL DER    NC;             4,00;         7.829,76;00;             4,00;         7.829,76;             0,00;             0,00;             0,00;             0,00
0000049686;0005;W1 11 7D;821013507R I;PUERTA TRASE IZQ HJD;             4,00;       337.585,76;00;             4,00;       337.585,76;             0,00;             0,00;             0,00;             0,00
0000049686;0006;W1 12 4C;821013507R I;PUERTA TRASE IZQ HJD;             4,00;       337.585,76;00;             4,00;       337.585,76;             0,00;             0,00;             0,00;             0,00
0000049686;0007;W1 16 9D;801007784R;PUERTA DEL DER    NC;             4,00;         7.829,76;00;             4,00;         7.829,76;             0,00;             0,00;             0,00;             0,00
0000049686;0008;W1 19 3B;801007784R;PUERTA DEL DER    NC;             4,00;         7.829,76;00;             4,00;         7.829,76;             0,00;             0,00;             0,00;             0,00
0000049686;0009;W1 23 2B;821013507R I;PUERTA TRASE IZQ HJD;             4,00;       337.585,76;00;             4,00;       337.585,76;             0,00;             0,00;             0,00;             0,00
0000049686;0010;W1 28 7B;821013507R I;PUERTA TRASE IZQ HJD;             4,00;       337.585,76;00;             4,00;       337.585,76;             0,00;             0,00;             0,00;             0,00
0000049686;0011;W1 33 1B;821013507R I;PUERTA TRASE IZQ HJD;             4,00;       337.585,76;00;             4,00;       337.585,76;             0,00;             0,00;             0,00;             0,00
0000049686;0012;W1 33 5C;821013507R I;PUERTA TRASE IZQ HJD;             4,00;       337.585,76;00;             4,00;       337.585,76;             0,00;             0,00;             0,00;             0,00
0000049686;0013;W2 29 5C;821013507R I;PUERTA TRASE IZQ HJD;             4,00;       337.585,76;00;             4,00;       337.585,76;             0,00;             0,00;             0,00;             0,00
0000049686;0014;W2 33 5B;821013507R I;PUERTA TRASE IZQ HJD;             4,00;       337.585,76;00;             4,00;       337.585,76;             0,00;             0,00;             0,00;             0,00
0000049687;0001;SA0825B 01;8200760258 I;COLIZA VID. EXT. DEL. IZQ.;            34,00;        60.482,94;00;            34,00;        60.482,94;             0,00;             0,00;             0,00;             0,00
0000049687;0002;SA1028A 04;807208433R I;LEVANTAVIDRIO ELECTRI DELANTERO DER X52;             8,00;       329.345,76;00;             8,00;       329.345,76;             0,00;             0,00;             0,00;             0,00
0000049688;0001;HA0838A 02;288902036R I;LIMPIAPARABRISAS LADO DEL PASAJERO;            24,00;       214.104,24;00;            31,00;       276.551,31;             7,00;            29,17;        62.447,07;        62.447,07
0000049689;0001;MA0403C 03;322754793R I;ROULEMENT ARBRE PRIMAIRE CARTER MCNS H79;            11,00;       101.227,39;00;            11,00;       101.227,39;             0,00;             0,00;             0,00;             0,00
0000049689;0002;MB0206B 06;288902386R I;LIMPIAPARABRISAS LADO CONDUCTOR;            14,00;       158.846,24;00;            14,00;       158.846,24;             0,00;             0,00;             0,00;             0,00
0000049690;0001;HA0923B 02;402064392R I;COLECC DISCOS FRENOS DEL MACIZOS KWID;            28,00;       911.907,92;00;            28,00;       911.907,92;             0,00;             0,00;             0,00;             0,00
0000049691;0001;HA0601C 01;546138324R;BUJE BARRA ESTABI FL;           590,00;     1.204.372,90;00;           590,00;     1.204.372,90;             0,00;             0,00;             0,00;             0,00
0000049691;0002;HA0618B 02;402064392R I;COLECC DISCOS FRENOS DEL MACIZOS KWID;            41,00;     1.335.293,74;00;            41,00;     1.335.293,74;             0,00;             0,00;             0,00;             0,00
0000049691;0003;HA0628B 01;402064392R I;COLECC DISCOS FRENOS DEL MACIZOS KWID;            47,00;     1.530.702,58;00;            47,00;     1.530.702,58;             0,00;             0,00;             0,00;             0,00
0000049691;0004;HA0635C 02;546138324R;BUJE BARRA ESTABI FL;           555,00;     1.132.927,05;00;           553,00;     1.128.844,43;-             2,00;             0,36;-         4.082,62;         4.082,62
0000049691;0005;HA0636B 02;402064392R I;COLECC DISCOS FRENOS DEL MACIZOS KWID;            29,00;       944.476,06;00;            29,00;       944.476,06;             0,00;             0,00;             0,00;             0,00
0000049692;0001;D4 25 3F;545001064R I;BRAZO SUSPENSI N DER;            32,00;     1.396.973,44;00;            32,00;     1.396.973,44;             0,00;             0,00;             0,00;             0,00
0000049693;0001;CA0621A 02;622542315R I;GRILLA ENTRADA AIRE PARAG DELANT X52 ph2;            19,00;       406.950,36;00;            17,00;       364.113,48;-             2,00;            10,53;-        42.836,88;        42.836,88
0000049693;0002;W1 06 7A;622542315R I;GRILLA ENTRADA AIRE PARAG DELANT X52 ph2;            43,00;       920.992,92;00;            43,00;       920.992,92;             0,00;             0,00;             0,00;             0,00
0000049694;0001;MA0207E 07;623847562R I;MOLDURA SUP IZQ. CROMO X52 PH1;             4,00;        35.431,24;00;             4,00;        35.431,24;             0,00;             0,00;             0,00;             0,00
0000049694;0002;MA0220A 13;788378666R I;BUTEE TRAPPE CARB;            46,00;       112.052,32;00;            46,00;       112.052,32;             0,00;             0,00;             0,00;             0,00
0000049695;0001;SO07 2304B;7751474868;CAPOT MOTOR       KG;             5,00;       110.133,85;00;             5,00;       110.133,85;             0,00;             0,00;             0,00;             0,00
0000049695;0002;SO07 2502B;7751474868;CAPOT MOTOR       KG;             4,00;        88.107,08;00;             4,00;        88.107,08;             0,00;             0,00;             0,00;             0,00
0000049695;0003;SO07 2903A;7751474868;CAPOT MOTOR       KG;             5,00;       110.133,85;00;             5,00;       110.133,85;             0,00;             0,00;             0,00;             0,00
0000049695;0004;SO08 0802A;7751474868;CAPOT MOTOR       KG;             5,00;       110.133,85;00;             5,00;       110.133,85;             0,00;             0,00;             0,00;             0,00
0000049695;0005;SO08 0803A;7751474868;CAPOT MOTOR       KG;             5,00;       110.133,85;00;             5,00;       110.133,85;             0,00;             0,00;             0,00;             0,00
0000049695;0006;SO08 1202A;7751474868;CAPOT MOTOR       KG;             5,00;       110.133,85;00;             5,00;       110.133,85;             0,00;             0,00;             0,00;             0,00
0000049695;0007;SO08 1403A;7751474868;CAPOT MOTOR       KG;             5,00;       110.133,85;00;             5,00;       110.133,85;             0,00;             0,00;             0,00;             0,00
0000049695;0008;SO08 1603A;7751474868;CAPOT MOTOR       KG;             5,00;       110.133,85;00;             5,00;       110.133,85;             0,00;             0,00;             0,00;             0,00
0000049695;0009;W1 25 4C;631006147R I;GUARDABARRO DER B90;            12,00;       376.289,16;00;            12,00;       376.289,16;             0,00;             0,00;             0,00;             0,00
0000049695;0010;W1 32 6B;631006147R I;GUARDABARRO DER B90;            10,00;       313.574,30;00;            10,00;       313.574,30;             0,00;             0,00;             0,00;             0,00
0000049695;0011;W2 25 3B;7751474868;CAPOT MOTOR       KG;             4,00;        88.107,08;00;             4,00;        88.107,08;             0,00;             0,00;             0,00;             0,00
0000049695;0012;W2 27 9D;7751474868;CAPOT MOTOR       KG;             1,00;        22.026,77;00;             1,00;        22.026,77;             0,00;             0,00;             0,00;             0,00
0000049695;0013;W2 29 2C;7751474868;CAPOT MOTOR       KG;             5,00;       110.133,85;00;             5,00;       110.133,85;             0,00;             0,00;             0,00;             0,00
0000049695;0014;W2 37 3C;7751474868;CAPOT MOTOR       KG;             5,00;       110.133,85;00;             5,00;       110.133,85;             0,00;             0,00;             0,00;             0,00
0000049695;0015;W2 37 4D;7751474868;CAPOT MOTOR       KG;             5,00;       110.133,85;00;             5,00;       110.133,85;             0,00;             0,00;             0,00;             0,00
0000049695;0016;W2 39 3C;7751474868;CAPOT MOTOR       KG;             5,00;       110.133,85;00;             5,00;       110.133,85;             0,00;             0,00;             0,00;             0,00
0000049695;0017;W2 42 9C;7751474868;CAPOT MOTOR       KG;             5,00;       110.133,85;00;             5,00;       110.133,85;             0,00;             0,00;             0,00;             0,00
0000049695;0018;W2 4310C;7751474868;CAPOT MOTOR       KG;             5,00;       110.133,85;00;             5,00;       110.133,85;             0,00;             0,00;             0,00;             0,00
0000049695;0019;W2 46 9D;7751474868;CAPOT MOTOR       KG;             5,00;       110.133,85;00;             5,00;       110.133,85;             0,00;             0,00;             0,00;             0,00
0000049695;0020;W2 47 4B;7751474868;CAPOT MOTOR       KG;             5,00;       110.133,85;00;             5,00;       110.133,85;             0,00;             0,00;             0,00;             0,00
0000049696;0001;SA1032B 01;769515153R I;MOLDURA EMBELLECEDOR DER H79 negro;             5,00;       134.657,35;00;             5,00;       134.657,35;             0,00;             0,00;             0,00;             0,00
0000049697;0001;D4 46 2C;873208268R I;GARNITURE D COUSSIN SIEGE D 1ERE RNG APV;             1,00;         3.442,97;00;             1,00;         3.442,97;             0,00;             0,00;             0,00;             0,00
0000049697;0002;D4 56 4B;876700528R I;COIFFE DOSSIER SIEGE G 1ERE RNG  U79P2;             2,00;         8.909,20;00;             2,00;         8.909,20;             0,00;             0,00;             0,00;             0,00
0000049697;0003;D4 56 5B;6608068392 I;JUNTA VIDRIO TRASERO DERECHO GKO;            19,00;     2.044.195,18;00;            19,00;     2.044.195,18;             0,00;             0,00;             0,00;             0,00
0000049697;0004;D4 56 8C;762153858R I;REFUERZO PIED MEDIO IZQUIERDO GKO;             2,00;       372.569,26;00;             2,00;       372.569,26;             0,00;             0,00;             0,00;             0,00
0000049697;0005;D4 66 8A;883202076R I;COIFFE ASSISE BQT 2EME RNG  U79P2;             4,00;        22.023,16;00;             4,00;        22.023,16;             0,00;             0,00;             0,00;             0,00
0000049697;0006;SA0825B 02;806066431R I;COMANDO ABERTURA;           169,00;       318.397,69;00;           169,00;       318.397,69;             0,00;             0,00;             0,00;             0,00
0000049697;0007;SA1034C 04;762145542R I;REFUERZO PIED DEL DERECH ENSAMBLADO GKO;             2,00;       372.729,20;00;             2,00;       372.729,20;             0,00;             0,00;             0,00;             0,00
0000049697;0008;SA1035B 02;850450135R;SUPPORT AR G BOUCLIER AR;             3,00;         6.840,33;00;             3,00;         6.840,33;             0,00;             0,00;             0,00;             0,00
0000049697;0009;SA1127C 01;924403324R I;TUYAU CONDENSEUR;             4,00;        35.458,56;00;             4,00;        35.458,56;             0,00;             0,00;             0,00;             0,00
0000049698;0001;D4 62 4D;807219302R I;LEVANTAVIDRIO DELANTERO IZQ LVAVIP;            15,00;       843.133,80;00;            15,00;       843.133,80;             0,00;             0,00;             0,00;             0,00
0000049699;0001;M6 R 003 D;850227327R I;PIEL DE PARAGOLPE TRASERO;             7,00;       701.276,94;00;             7,00;       701.276,94;             0,00;             0,00;             0,00;             0,00
0000049699;0002;M6 R 009 C;850227327R I;PIEL DE PARAGOLPE TRASERO;             4,00;       400.729,68;00;             4,00;       400.729,68;             0,00;             0,00;             0,00;             0,00
0000049699;0003;M6 R 009 D;850227327R I;PIEL DE PARAGOLPE TRASERO;             4,00;       400.729,68;00;             4,00;       400.729,68;             0,00;             0,00;             0,00;             0,00
0000049700;0001;MA0109B 08;287811574R I;PORTE BALAI P/CFR;             2,00;         4.571,12;00;             2,00;         4.571,12;             0,00;             0,00;             0,00;             0,00
0000049700;0002;MA0208D 04;969351563R I;GUARDAPOLVO;             3,00;         9.635,76;00;             2,00;         6.423,84;-             1,00;            33,33;-         3.211,92;         3.211,92
0000049700;0003;MA0212G 13;8891247806 I;GUARDAPOLVO SUSPENSION DELANTERA GKO;             2,00;         9.916,90;00;             2,00;         9.916,90;             0,00;             0,00;             0,00;             0,00
0000049700;0004;MA0306D 04;864330544R I;APPUI-TETE LAT 2EME RNG U79P2;             2,00;         7.209,96;00;             2,00;         7.209,96;             0,00;             0,00;             0,00;             0,00
0000049700;0005;MA0320A 01;8889214941 I;STRIKER ASSY-REAR SEAT,RH;             1,00;        23.855,40;00;             1,00;        23.855,40;             0,00;             0,00;             0,00;             0,00
0000049700;0006;MA0504C 03;V100000104 I;COVER-HUD ASSY;             1,00;         5.986,70;00;             1,00;         5.986,70;             0,00;             0,00;             0,00;             0,00
0000049700;0007;MA0504C 05;963749867R I;COQUILLA RETROVISOR IZQUIERDO GKO;            19,00;       330.580,43;00;            19,00;       330.580,43;             0,00;             0,00;             0,00;             0,00
0000049700;0008;MA0507C 02;963730363R I;COQUILLA RETROVISOR DERECHO GKO;            18,00;       312.453,90;00;            18,00;       312.453,90;             0,00;             0,00;             0,00;             0,00
0000049700;0009;MA0619E 03;924403324R I;TUYAU CONDENSEUR;             1,00;         8.864,64;00;             1,00;         8.864,64;             0,00;             0,00;             0,00;             0,00
0000049700;0010;MA1118E 04;876705927R I;COIFFE DOSSIER SIEGE G 1ERE RNG  U79P2;             2,00;         7.427,62;00;             2,00;         7.427,62;             0,00;             0,00;             0,00;             0,00
0000049700;0011;MA1215C 06;873703258R I;GARNITURE DE COUSSIN DE SIEGE G 1ERE APV;             1,00;         3.266,12;00;             1,00;         3.266,12;             0,00;             0,00;             0,00;             0,00
0000049700;0012;MB0207A 01;969351563R I;GUARDAPOLVO;             8,00;        25.695,36;00;             8,00;        25.695,36;             0,00;             0,00;             0,00;             0,00
0000049701;0001;HA0611B 01;924908648R I;TUYAU COMPRESSEUR;             4,00;       104.991,48;00;             4,00;       104.991,48;             0,00;             0,00;             0,00;             0,00
0000049701;0002;HA0615B 01;762415306R I;DOBLADURA PIED DELANTERO IZQUIERDO GKO;             4,00;       743.767,52;00;             4,00;       743.767,52;             0,00;             0,00;             0,00;             0,00
0000049702;0001;C207C 01;985704737R I;AIRBAG CONDUCTOR;             5,00;       332.975,20;00;             5,00;       332.975,20;             0,00;             0,00;             0,00;             0,00
0000049703;0001;W2 08 2A4;762312260R I;PILLAR ASSY-FRONT,INNER UPPER LH;             1,00;       240.199,20;00;             1,00;       240.199,20;             0,00;             0,00;             0,00;             0,00
0000049703;0002;W2 29 7A;829011656R I;GARNITURE PANNEAU PORTE AR G U79P2;             3,00;        20.991,75;00;             3,00;        20.991,75;             0,00;             0,00;             0,00;             0,00
0000049703;0003;W2 4310A;681006688R I;PLANCHA BORDO    LN3;             2,00;       793.711,76;00;             2,00;       793.711,76;             0,00;             0,00;             0,00;             0,00
0000049704;0001;CA0729A 02;766303932R I;DOBLADURA COSTADO DERECHO PARTE SUP GKO;             2,00;       453.869,56;00;             2,00;       453.869,56;             0,00;             0,00;             0,00;             0,00
0000049704;0002;CE1515A 03;7711785789 I;PORTAESCALERAS GIRATORIO FFKE;             3,00;        51.033,21;00;             3,00;        51.033,21;             0,00;             0,00;             0,00;             0,00
0000049704;0003;W2 02 4A4;763112896R I;REFUERZO COSTADO PUERTA TRAS IZQ GKO;             2,00;       445.803,50;00;             2,00;       445.803,50;             0,00;             0,00;             0,00;             0,00
0000049704;0004;W2 05 2A;V100000243 I;ALERON TRASERO GRIS GKO;            15,00;     2.278.259,25;00;            15,00;     2.278.259,25;             0,00;             0,00;             0,00;             0,00
0000049704;0005;W2 27 2A;172036870R I; RESERVOIR CARBURANT EQP (K4M ESS) H79 P;             1,00;       219.620,87;00;             1,00;       219.620,87;             0,00;             0,00;             0,00;             0,00
0000049704;0006;W2 42 6A;908509473R I;BANDEAU SUP PORTE COFFRE;             5,00;       205.547,80;00;             5,00;       205.547,80;             0,00;             0,00;             0,00;             0,00
0000049704;0007;W2 43 7A;172034439R I;RESERVOIR CARBURANT;             1,00;       136.854,30;00;             1,00;       136.854,30;             0,00;             0,00;             0,00;             0,00
0000049705;0001;D4 57 3C;764114695R I;SILL ASSY-INNER,LH;             1,00;       145.885,83;00;             1,00;       145.885,83;             0,00;             0,00;             0,00;             0,00
0000049705;0002;D4 57 8C;764105565R I;SILL ASSY-INNER,RH;             1,00;       145.885,83;00;             1,00;       145.885,83;             0,00;             0,00;             0,00;             0,00
0000049705;0003;D4 63 8C;200101039R I;LINEA INTERMEDIA ESCAPE H4M;             2,00;        73.481,96;00;             2,00;        73.481,96;             0,00;             0,00;             0,00;             0,00
0000049706;0001;D4 44 7A;V100000243 I;ALERON TRASERO GRIS GKO;             1,00;       151.883,95;00;             1,00;       151.883,95;             0,00;             0,00;             0,00;             0,00
0000049706;0002;D4 46 4A;V100000391 I;EMBELLECE ESTRIBO GRIS TRA IZQ EAL GKO;             4,00;       826.585,84;00;             4,00;       826.585,84;             0,00;             0,00;             0,00;             0,00
0000049706;0003;D4 47 4A;179039495R I;ELEMENTO PROTECTI;            11,00;         3.483,81;00;            11,00;         3.483,81;             0,00;             0,00;             0,00;             0,00
0000049706;0004;D4 51 1C;767122674R I;WHEEL HOUSE ASSY-REAR,OUTER RH;             1,00;        88.440,93;00;             1,00;        88.440,93;             0,00;             0,00;             0,00;             0,00
0000049706;0005;D4 56 1A;775728834R I;SOPORTE SUPERIOR ALETA DELANTE DER GKO;             2,00;       222.559,00;00;             2,00;       222.559,00;             0,00;             0,00;             0,00;             0,00
0000049706;0006;D4 56 4C;8201753909 I;HEADREST ASSY-FRONT SEAT;             2,00;       275.822,36;00;             2,00;       275.822,36;             0,00;             0,00;             0,00;             0,00
0000049706;0007;SA1033C 03;767138597R I;WHEEL HOUSE ASSY-REAR,OUTER LH;             1,00;        84.579,28;00;             1,00;        84.579,28;             0,00;             0,00;             0,00;             0,00
0000049706;0008;SA1102C 03;767500057R I;WHEEL HOUSE ASSY-REAR,INNER RH;             1,00;       163.434,63;00;             1,00;       163.434,63;             0,00;             0,00;             0,00;             0,00
0000049707;0001;MA0216J 09;282439843R I;CABLE ANTENNE COAXIAL U79P2;             1,00;         2.484,64;00;             1,00;         2.484,64;             0,00;             0,00;             0,00;             0,00
0000049707;0002;MA0216M 11;322B58300R I;ENGRANAJE MOVIL 4TA CAJA VELOCIDAD SG1;             1,00;         3.851,17;00;             1,00;         3.851,17;             0,00;             0,00;             0,00;             0,00
0000049707;0003;MA0217B 01;805028036R I;CERRADURA PTA DEL DER;             1,00;         5.194,14;00;             1,00;         5.194,14;             0,00;             0,00;             0,00;             0,00
0000049707;0004;MA0316C 04;261A27035R I;ENJOLIVEUR SUP PR;            14,00;        10.297,98;00;            14,00;        10.297,98;             0,00;             0,00;             0,00;             0,00
0000049707;0005;MA0320C 12;240411882R I;CABLAGE CTP CA HHA;             1,00;        16.398,49;00;             1,00;        16.398,49;             0,00;             0,00;             0,00;             0,00
0000049707;0006;MA0713B 02;265989052R I;EMBELLECEDOR FARO LUZ STOP OROCH;             3,00;         5.766,12;00;             3,00;         5.766,12;             0,00;             0,00;             0,00;             0,00
0000049707;0007;MA1208B 04;215017919R I;TUBO DE SALIDA RADIADOR;             2,00;        20.167,76;00;             2,00;        20.167,76;             0,00;             0,00;             0,00;             0,00
0000049708;0001;D4 05 3G;8889061592 I;FRENO DISCO TRASERO GKO;            38,00;     1.194.346,84;00;            38,00;     1.194.346,84;             0,00;             0,00;             0,00;             0,00
0000049708;0002;SA1001E 01;8890214855 I;LOWER CONTROL ARM LH STEEL CMA 1.5;            10,00;       775.532,20;00;            10,00;       775.532,20;             0,00;             0,00;             0,00;             0,00
0000049709;0001;C107F 07;285253354R I;CALCULADOR AIRE ACONDICIONADO;             1,00;         5.302,95;00;             1,00;         5.302,95;             0,00;             0,00;             0,00;             0,00
0000049710;0001;MA0216I 13;331491193R I;JUNTA MECANICA;             1,00;           650,98;00;             1,00;           650,98;             0,00;             0,00;             0,00;             0,00
0000049710;0002;MA0218B 12;745874075R I;RENFORT FIX ROUE;             1,00;        44.095,73;00;             1,00;        44.095,73;             0,00;             0,00;             0,00;             0,00
0000049710;0003;MA0314B 05;6001549853 I;EL LIAISON AV DBL;             1,00;        41.613,40;00;             1,00;        41.613,40;             0,00;             0,00;             0,00;             0,00
0000049710;0004;MA0501C 01;769155137R;EMBELL PARANTE INT DERECH;             1,00;             9,59;00;             1,00;             9,59;             0,00;             0,00;             0,00;             0,00
0000049710;0005;MA0501D 04;684124682R;MOLDURA PDB;             1,00;            16,67;00;             1,00;            16,67;             0,00;             0,00;             0,00;             0,00
0000049710;0006;MA0519E 04;668636429R;ELEMN CIER BAHI I FL;             6,00;           127,14;00;             6,00;           127,14;             0,00;             0,00;             0,00;             0,00
0000049710;0007;MA0606D 04;7700111985 I;TUBO DE AGUA RADIADOR;             1,00;            27,15;00;             1,00;            27,15;             0,00;             0,00;             0,00;             0,00
0000049711;0001;D4 59 2A;4114870625 I;POSITIONING TOOL - FRONT SUBFRAME;             1,00;       146.404,40;00;             1,00;       146.404,40;             0,00;             0,00;             0,00;             0,00
0000049711;0002;D4 59 6C;6608094884 I;BARRA TECHO DERECHO GKO;             4,00;       279.600,00;00;             4,00;       279.600,00;             0,00;             0,00;             0,00;             0,00
0000049712;0001;C109C 15;638968569R;OBTURAD CLIO LAT C40;           141,00;         2.241,90;00;           140,00;         2.226,00;-             1,00;             0,71;-            15,90;            15,90
0000049713;0001;D4 40 3D;755301717R I;CONJUNTO REFUERZO INTERIO IZQUIERD GKO;             2,00;        93.547,90;00;             2,00;        93.547,90;             0,00;             0,00;             0,00;             0,00
0000049714;0001;CE1602F 01;764514981R I;REFUERZO LATERAL DELNATERO IZQUIERD GKO;             2,00;       338.294,26;00;             2,00;       338.294,26;             0,00;             0,00;             0,00;             0,00
0000049714;0002;CE1608E 01;767R61583R I;SHELF ASSY-SIDE RH;             1,00;       119.676,88;00;             1,00;       119.676,88;             0,00;             0,00;             0,00;             0,00
0000049714;0003;CE1612F 01;767R77436R I;SHELF ASSY-SIDE LH;             1,00;       120.019,63;00;             1,00;       120.019,63;             0,00;             0,00;             0,00;             0,00
0000049714;0004;W1 30 8B;756102881R I;TRAVIESA EXTREMA TRASERA ENSAMBLADA GKO;            10,00;     1.629.319,20;00;            10,00;     1.629.319,20;             0,00;             0,00;             0,00;             0,00
0000049715;0001;D4 11 3E;767515760R I;WHEEL HOUSE ASSY-REAR,INNER LH;             1,00;       184.011,05;00;             1,00;       184.011,05;             0,00;             0,00;             0,00;             0,00
0000049716;0001;W2 40 5B;651002659R I;CAPOT DELANTERO X52;             0,00;             0,00;00;             3,00;       209.508,24;             3,00;           999,99;       209.508,24;       209.508,24
0000049717;0001;SO07 3803B;801009178R;PUERTA DEL DER   NKG;             3,00;         4.363,80;00;             0,00;             0,00;-             3,00;           100,00;-         4.363,80;         4.363,80
0000049719;0001;W1 34 9D;791006896R I;FALDON TRASERO KWID;            26,00;       114.003,50;00;             0,00;             0,00;-            26,00;           100,00;-       114.003,50;       114.003,50
0000049720;0001;D4 3810C;263317695R I;OBTURADOR DERECHO X52 PH2;            23,00;       135.625,02;00;            23,00;       135.625,02;             0,00;             0,00;             0,00;             0,00
0000049720;0002;D4 45 3A;638132363R I;ELARGISSEUR PASSAGE ROUE AV G;            13,00;       229.019,44;00;            13,00;       229.019,44;             0,00;             0,00;             0,00;             0,00
0000049720;0003;D4 6210A;265502662R I;FARO STOP TRAS DER B52PH2;            28,00;     1.216.558,00;00;            28,00;     1.216.558,00;             0,00;             0,00;             0,00;             0,00
0000049720;0004;NE03 0801B;265502662R I;FARO STOP TRAS DER B52PH2;             1,00;        43.448,50;00;             1,00;        43.448,50;             0,00;             0,00;             0,00;             0,00
0000049720;0005;NE03 2301B;165856598R I;RESONADOR AIRE K4M;            46,00;       874.614,10;00;            46,00;       874.614,10;             0,00;             0,00;             0,00;             0,00
0000049720;0006;NE03 3101B;165856598R I;RESONADOR AIRE K4M;            17,00;       323.226,95;00;            17,00;       323.226,95;             0,00;             0,00;             0,00;             0,00
0000049720;0007;SA1037B 01;638132363R I;ELARGISSEUR PASSAGE ROUE AV G;            13,00;       229.019,44;00;            15,00;       264.253,20;             2,00;            15,38;        35.233,76;        35.233,76
0000049720;0008;SA9 01A01;263317695R I;OBTURADOR DERECHO X52 PH2;             1,00;         5.896,74;00;             1,00;         5.896,74;             0,00;             0,00;             0,00;             0,00
0000049721;0001;D4 08 1E;638132363R I;ELARGISSEUR PASSAGE ROUE AV G;            19,00;       334.720,72;00;            19,00;       334.720,72;             0,00;             0,00;             0,00;             0,00
0000049721;0002;D4 38 2E;263317695R I;OBTURADOR DERECHO X52 PH2;             2,00;        11.793,48;00;             2,00;        11.793,48;             0,00;             0,00;             0,00;             0,00
0000049721;0003;D4 51 2D;165856598R I;RESONADOR AIRE K4M;            26,00;       494.347,10;00;            26,00;       494.347,10;             0,00;             0,00;             0,00;             0,00
0000049721;0004;SA0821E 02;622224944R;JGO SPTE PARACHO NKG;           160,00;       604.406,40;00;           160,00;       604.406,40;             0,00;             0,00;             0,00;             0,00
0000049722;0001;SO06 0601A;901001956R I;PORTÓN TRASERO H79 PH2;             4,00;       594.357,56;00;             4,00;       594.357,56;             0,00;             0,00;             0,00;             0,00
0000049722;0002;SO07 3701A;901001956R I;PORTÓN TRASERO H79 PH2;             2,00;       297.178,78;00;             2,00;       297.178,78;             0,00;             0,00;             0,00;             0,00
0000049722;0003;SO08 1401B;901001956R I;PORTÓN TRASERO H79 PH2;             3,00;       445.768,17;00;             3,00;       445.768,17;             0,00;             0,00;             0,00;             0,00
0000049722;0004;SO08 2501A;901001956R I;PORTÓN TRASERO H79 PH2;             4,00;       594.357,56;00;             4,00;       594.357,56;             0,00;             0,00;             0,00;             0,00
0000049722;0005;W2 30 1A;901001956R I;PORTÓN TRASERO H79 PH2;             5,00;       742.946,95;00;             5,00;       742.946,95;             0,00;             0,00;             0,00;             0,00
0000049722;0006;W2 3510A;901001956R I;PORTÓN TRASERO H79 PH2;             3,00;       445.768,17;00;             3,00;       445.768,17;             0,00;             0,00;             0,00;             0,00
0000049723;0001;NE02 0103A;901001956R I;PORTÓN TRASERO H79 PH2;             4,00;       594.357,56;00;             4,00;       594.357,56;             0,00;             0,00;             0,00;             0,00
0000049723;0002;W1 06 6B;901001956R I;PORTÓN TRASERO H79 PH2;             4,00;       594.357,56;00;             4,00;       594.357,56;             0,00;             0,00;             0,00;             0,00
0000049723;0003;W1 33 5D;901001956R I;PORTÓN TRASERO H79 PH2;             4,00;       594.357,56;00;             4,00;       594.357,56;             0,00;             0,00;             0,00;             0,00
0000049723;0004;W1 33 8D;901001956R I;PORTÓN TRASERO H79 PH2;             4,00;       594.357,56;00;             4,00;       594.357,56;             0,00;             0,00;             0,00;             0,00
0000049723;0005;W2 41 3B;901001956R I;PORTÓN TRASERO H79 PH2;             4,00;       594.357,56;00;             4,00;       594.357,56;             0,00;             0,00;             0,00;             0,00
0000049723;0006;W2 4310B;901001956R I;PORTÓN TRASERO H79 PH2;             4,00;       594.357,56;00;             4,00;       594.357,56;             0,00;             0,00;             0,00;             0,00
0000049723;0007;W2 47 5C;901001956R I;PORTÓN TRASERO H79 PH2;             4,00;       594.357,56;00;             4,00;       594.357,56;             0,00;             0,00;             0,00;             0,00
0000049723;0008;W2 50 7D;901001956R I;PORTÓN TRASERO H79 PH2;             4,00;       594.357,56;00;             4,00;       594.357,56;             0,00;             0,00;             0,00;             0,00
0000049724;0001;MA0214C 13;261600509R I;REPETIDOR LAT DER X52;            26,00;       129.052,04;00;            26,00;       129.052,04;             0,00;             0,00;             0,00;             0,00
0000049724;0002;MA0716A 03;110609657R I;CAJA SALIDA AGUA  KW;            13,00;       153.794,55;00;            13,00;       153.794,55;             0,00;             0,00;             0,00;             0,00
0000049725;0001;HA0927B 02;622224944R;JGO SPTE PARACHO NKG;           292,00;     1.103.041,68;00;           294,00;     1.110.596,76;             2,00;             0,68;         7.555,08;         7.555,08
0000049726;0001;AA409;8200120985;AMORTIGUADOR TRAS F76;           918,00;    32.869.715,22;00;           923,00;    33.048.744,17;             5,00;             0,54;       179.028,95;       179.028,95
0000049727;0001;D4 09 5G;260602078R I;PROYECTOR DELANTERO IZQUIERDO MASTER III;             9,00;     1.653.553,35;00;             9,00;     1.653.553,35;             0,00;             0,00;             0,00;             0,00
0000049727;0002;D4 11 6G;260602078R I;PROYECTOR DELANTERO IZQUIERDO MASTER III;             6,00;     1.102.368,90;00;             6,00;     1.102.368,90;             0,00;             0,00;             0,00;             0,00
0000049727;0003;D4 13 1G;781158298R I;GOUTTIERE LAT AR G ASS;             2,00;        28.595,80;00;             2,00;        28.595,80;             0,00;             0,00;             0,00;             0,00
0000049727;0004;D4 13 2F;260602078R I;PROYECTOR DELANTERO IZQUIERDO MASTER III;             1,00;       183.728,15;00;             1,00;       183.728,15;             0,00;             0,00;             0,00;             0,00
0000049727;0005;D4 23 5G;260602078R I;PROYECTOR DELANTERO IZQUIERDO MASTER III;             9,00;     1.653.553,35;00;             9,00;     1.653.553,35;             0,00;             0,00;             0,00;             0,00
0000049727;0006;D4 27 2G;260602078R I;PROYECTOR DELANTERO IZQUIERDO MASTER III;             9,00;     1.653.553,35;00;             9,00;     1.653.553,35;             0,00;             0,00;             0,00;             0,00
0000049727;0007;D4 30 4G;260602078R I;PROYECTOR DELANTERO IZQUIERDO MASTER III;             6,00;     1.102.368,90;00;             6,00;     1.102.368,90;             0,00;             0,00;             0,00;             0,00
0000049727;0008;D4 36 6F;260602078R I;PROYECTOR DELANTERO IZQUIERDO MASTER III;             6,00;     1.102.368,90;00;             6,00;     1.102.368,90;             0,00;             0,00;             0,00;             0,00
0000049727;0009;D4 37 2G;260602078R I;PROYECTOR DELANTERO IZQUIERDO MASTER III;            13,00;     2.388.465,95;00;            13,00;     2.388.465,95;             0,00;             0,00;             0,00;             0,00
0000049728;0001;MA0406C 03;656010017R I;CERRADURA CAPOT X79;             5,00;       181.244,90;00;             5,00;       181.244,90;             0,00;             0,00;             0,00;             0,00
0000049728;0002;MA0720B 04;287900968R I;ESCOBILLA LIMPIALUNETA 350MM DUSTER;             1,00;         5.542,11;00;             1,00;         5.542,11;             0,00;             0,00;             0,00;             0,00
0000049728;0003;MA0906D 04;261657727R I;REPETIDOR LAT IZQ X52;            24,00;       117.369,12;00;            24,00;       117.369,12;             0,00;             0,00;             0,00;             0,00
0000049729;0001;HA0606D 02;266001716R I;FARO DELANTERO DERECHO LUZ DIA SPROJA;             8,00;     1.344.258,00;00;             8,00;     1.344.258,00;             0,00;             0,00;             0,00;             0,00
0000049729;0002;HA0636D 02;266001716R I;FARO DELANTERO DERECHO LUZ DIA SPROJA;            36,00;     6.049.161,00;00;            36,00;     6.049.161,00;             0,00;             0,00;             0,00;             0,00
0000049730;0001;SE10 1003A;651004318R I;CAPOT HJD;             4,00;       266.934,92;00;             4,00;       266.934,92;             0,00;             0,00;             0,00;             0,00
0000049730;0002;SE10 1404A;651004318R I;CAPOT HJD;             5,00;       333.668,65;00;             5,00;       333.668,65;             0,00;             0,00;             0,00;             0,00
0000049730;0003;SE10 3003A;651004318R I;CAPOT HJD;             6,00;       400.402,38;00;             6,00;       400.402,38;             0,00;             0,00;             0,00;             0,00
0000049730;0004;W2 18 3C;651004318R I;CAPOT HJD;             5,00;       333.668,65;00;             5,00;       333.668,65;             0,00;             0,00;             0,00;             0,00
0000049730;0005;W2 24 5C;651004318R I;CAPOT HJD;             5,00;       333.668,65;00;             5,00;       333.668,65;             0,00;             0,00;             0,00;             0,00
0000049730;0006;W2 24 5D;651004318R I;CAPOT HJD;             5,00;       333.668,65;00;             5,00;       333.668,65;             0,00;             0,00;             0,00;             0,00
0000049730;0007;W2 26 1D;651004318R I;CAPOT HJD;             5,00;       333.668,65;00;             5,00;       333.668,65;             0,00;             0,00;             0,00;             0,00
0000049730;0008;W2 34 2C;651004318R I;CAPOT HJD;             5,00;       333.668,65;00;             5,00;       333.668,65;             0,00;             0,00;             0,00;             0,00
0000049730;0009;W2 50 10B;651004318R I;CAPOT HJD;             5,00;       333.668,65;00;             5,00;       333.668,65;             0,00;             0,00;             0,00;             0,00
0000049730;0010;W2 50 1D;651004318R I;CAPOT HJD;             5,00;       333.668,65;00;             5,00;       333.668,65;             0,00;             0,00;             0,00;             0,00
0000049730;0011;W2 50 2B;651004318R I;CAPOT HJD;             5,00;       333.668,65;00;             5,00;       333.668,65;             0,00;             0,00;             0,00;             0,00
0000049730;0012;W2 52 4B;651004318R I;CAPOT HJD;             5,00;       333.668,65;00;             5,00;       333.668,65;             0,00;             0,00;             0,00;             0,00
0000049730;0013;W2 52 4C;651004318R I;CAPOT HJD;             5,00;       333.668,65;00;             5,00;       333.668,65;             0,00;             0,00;             0,00;             0,00
0000049730;0014;W2 53 9B;651004318R I;CAPOT HJD;             5,00;       333.668,65;00;             5,00;       333.668,65;             0,00;             0,00;             0,00;             0,00
0000049730;0015;W2 55 9C;651004318R I;CAPOT HJD;             5,00;       333.668,65;00;             5,00;       333.668,65;             0,00;             0,00;             0,00;             0,00
0000049731;0001;D4 61 9B;768503371R I;ELARGISSEUR BAVOLET AR D;             6,00;       206.145,90;00;             6,00;       206.145,90;             0,00;             0,00;             0,00;             0,00
0000049732;0001;D4 62 1C;781158298R I;GOUTTIERE LAT AR G ASS;             2,00;        28.595,80;00;             2,00;        28.595,80;             0,00;             0,00;             0,00;             0,00
0000049733;0001;CS1601B 02;8201740667 I;BARRA SAN ANTONIO U79 PH2;             1,00;       452.566,13;00;             1,00;       452.566,13;             0,00;             0,00;             0,00;             0,00
0000049733;0002;SO05 5002B;8201740667 I;BARRA SAN ANTONIO U79 PH2;             2,00;       905.132,26;00;             2,00;       905.132,26;             0,00;             0,00;             0,00;             0,00
0000049733;0003;SO05 5204A;801011919R I;PUERTA DELANTERA IZQUIERDA ARK;             4,00;        51.431,24;00;             4,00;        51.431,24;             0,00;             0,00;             0,00;             0,00
0000049733;0004;SO07 2802A;8201740667 I;BARRA SAN ANTONIO U79 PH2;             1,00;       452.566,13;00;             1,00;       452.566,13;             0,00;             0,00;             0,00;             0,00
0000049733;0005;W2 27 3B;8201740667 I;BARRA SAN ANTONIO U79 PH2;             1,00;       452.566,13;00;             1,00;       452.566,13;             0,00;             0,00;             0,00;             0,00
0000049733;0006;W2 50 4B;850903655R I;ABSORBEUR BOUCLIER AR;             8,00;       134.670,16;00;             8,00;       134.670,16;             0,00;             0,00;             0,00;             0,00
0000049734;0001;MA0115H 10;7700310673 I;CALCE BISAGRA PTA.DEL.IZQ;             8,00;            27,28;00;             8,00;            27,28;             0,00;             0,00;             0,00;             0,00
0000049734;0002;MA0115H 16;7701472229 I;JGO.FIJACION TURBO;             1,00;             3,64;00;             1,00;             3,64;             0,00;             0,00;             0,00;             0,00
0000049734;0003;MA0117I 12;8200068566 I;JUNTA CAJA MARIPOS INYECC;            14,00;       152.639,90;00;            14,00;       152.639,90;             0,00;             0,00;             0,00;             0,00
0000049734;0004;MA0119C 13;7703101617 I;TORNILLO M12X1,25;             9,00;            28,80;00;             9,00;            28,80;             0,00;             0,00;             0,00;             0,00
0000049734;0005;MA0119F 09;7703066403 I;CLIP CIERRE 10.8X2;             1,00;             7,01;00;             1,00;             7,01;             0,00;             0,00;             0,00;             0,00
0000049734;0006;MA0215C 10;8200735450 I;SOPORTE DER  PARAGOLPE TR;             6,00;       121.040,52;00;             6,00;       121.040,52;             0,00;             0,00;             0,00;             0,00
0000049734;0007;MA0215E 12;826730336R I;MANIJA APERTUR I  H79 PH2;            11,00;       377.558,72;00;            11,00;       377.558,72;             0,00;             0,00;             0,00;             0,00
0000049734;0008;MA0218B 01;7703101460 I;BULON AMORTIGUADOR;             1,00;             4,19;00;             1,00;             4,19;             0,00;             0,00;             0,00;             0,00
0000049734;0009;MA0218C 02;7703073222 I;OJALILLO;             2,00;            51,06;00;             2,00;            51,06;             0,00;             0,00;             0,00;             0,00
0000049734;0010;MA0301E 04;7700418335;LLAVE DESMONTAJE EMBELLECEDO RUEDA KW2C.;             9,00;             8,19;00;             9,00;             8,19;             0,00;             0,00;             0,00;             0,00
0000049734;0011;MA0303A 06;7701063735 I;ESCOBILLA LIMPIAP 450MM;            27,00;         3.112,02;00;            27,00;         3.112,02;             0,00;             0,00;             0,00;             0,00
0000049734;0012;MA0306E 04;7703101450 I;TORNILLO  H M12X125-139;             6,00;           484,68;00;             6,00;           484,68;             0,00;             0,00;             0,00;             0,00
0000049734;0013;MA0403C 06;7702229492;MANGUERA AIRE;             1,00;             4,04;00;             1,00;             4,04;             0,00;             0,00;             0,00;             0,00
0000049734;0014;MA0720A 06;850419991R;EQUERRE FIX LAT G BOUCLIER AR;            16,00;        38.082,56;00;            16,00;        38.082,56;             0,00;             0,00;             0,00;             0,00
0000049734;0015;MA1010C 04;7700436496 I;PANEL TAPIZADO TRASERO IZ;             1,00;            92,89;00;             1,00;            92,89;             0,00;             0,00;             0,00;             0,00
0000049734;0016;MA1118A 01;7701060402 I;MOLDURA PUERTA A PINTAR;             3,00;           403,20;00;             3,00;           403,20;             0,00;             0,00;             0,00;             0,00
0000049734;0017;MB0208A 03;7701046179 I;BIELETA LIMPIA-LAVAPARAB.;             6,00;        17.063,70;00;             6,00;        17.063,70;             0,00;             0,00;             0,00;             0,00
0000049735;0001;W1 01 1A;850903655R I;ABSORBEUR BOUCLIER AR;             9,00;       151.503,93;00;             9,00;       151.503,93;             0,00;             0,00;             0,00;             0,00
0000049735;0002;W2 11 2A;8201740667 I;BARRA SAN ANTONIO U79 PH2;             4,00;     1.810.264,52;00;             4,00;     1.810.264,52;             0,00;             0,00;             0,00;             0,00
0000049736;0001;M4 R 007 B;850229116R I;PARAGOLPE TRASERO RS CON RADAR;             1,00;        91.470,59;00;             1,00;        91.470,59;             0,00;             0,00;             0,00;             0,00
0000049737;0001;NE03 3201B;873708675R I;TAPIZADO ASTO DEL IZQ B52 STP;            10,00;       448.200,80;00;            10,00;       448.200,80;             0,00;             0,00;             0,00;             0,00
0000049737;0002;SA0923C 02;873708675R I;TAPIZADO ASTO DEL IZQ B52 STP;             8,00;       358.560,64;00;             8,00;       358.560,64;             0,00;             0,00;             0,00;             0,00
0000049737;0003;SA1013C 02;873708675R I;TAPIZADO ASTO DEL IZQ B52 STP;             3,00;       134.460,24;00;             3,00;       134.460,24;             0,00;             0,00;             0,00;             0,00
0000049737;0004;SA1102C 02;7700432267 I;CUBIERTA ZOCALO DEL.IZQ.;             1,00;            36,04;00;             1,00;            36,04;             0,00;             0,00;             0,00;             0,00
0000049737;0005;SA9 05C01;850419991R;EQUERRE FIX LAT G BOUCLIER AR;             2,00;         4.760,32;00;             2,00;         4.760,32;             0,00;             0,00;             0,00;             0,00
0000049738;0001;C104B 10;990452911R I;BANDA "STEPWAY" PUERTA DEL IZQ X52 ph2;            32,00;        91.637,12;00;            32,00;        91.637,12;             0,00;             0,00;             0,00;             0,00
0000049738;0002;C308B 02;990429112R I;BANDE DECORATIVE PANNEAU EXT PORTE AV D;            17,00;       343.355,12;00;            17,00;       343.355,12;             0,00;             0,00;             0,00;             0,00
0000049738;0003;C502B 02;990429112R I;BANDE DECORATIVE PANNEAU EXT PORTE AV D;            35,00;       706.907,60;00;            35,00;       706.907,60;             0,00;             0,00;             0,00;             0,00
0000049739;0001;D4 4612D;7700413940;MANGUER RADIAD SC-MG;           101,00;           523,18;00;           101,00;           523,18;             0,00;             0,00;             0,00;             0,00
0000049740;0001;HA0605D 01;7702229771;MANGUERA COMBUSTIBLE;         6.036,00;         3.681,96;00;         5.779,00;         3.525,19;-           257,00;             4,26;-           156,77;           156,77
0000049741;0001;MA0109B 05;7703179013 I;GRAPA SOPOR.5VIAS;             3,00;         1.664,82;00;             3,00;         1.664,82;             0,00;             0,00;             0,00;             0,00
0000049741;0002;MA0109D 10;7703179080 I;ABRAZAD SOPORTE TUBO DIR;             4,00;            35,76;00;             4,00;            35,76;             0,00;             0,00;             0,00;             0,00
0000049741;0003;MA0117E 04;7705005285 I;BRIDA METAL D=16;             1,00;             3,49;00;             1,00;             3,49;             0,00;             0,00;             0,00;             0,00
0000049741;0004;MA0201C 12;8200086458 I;CLIP.FIJ,CUB.ZOCALO;            31,00;           188,17;00;            31,00;           188,17;             0,00;             0,00;             0,00;             0,00
0000049741;0005;MA0210D 12;822178033R I;CADRE MOBILE PORT;             1,00;        33.815,08;00;             1,00;        33.815,08;             0,00;             0,00;             0,00;             0,00
0000049741;0006;MA0218E 12;805131400R I;TRINGLE LIAISON VERROU G;             2,00;        16.552,90;00;             2,00;        16.552,90;             0,00;             0,00;             0,00;             0,00
0000049741;0007;MA0220H 06;805069029R I;TRINGLE CONDAMNATION INT PORTE AV D;             5,00;        28.783,45;00;             5,00;        28.783,45;             0,00;             0,00;             0,00;             0,00
0000049741;0008;MA0309A 04;8200070461 I;OBTURADOR;            11,00;            34,54;00;            11,00;            34,54;             0,00;             0,00;             0,00;             0,00
0000049741;0009;MA0314B 06;8200745939 I;EMB BARRA TECHO TRAS IZQ;             1,00;         5.054,32;00;             1,00;         5.054,32;             0,00;             0,00;             0,00;             0,00
0000049741;0010;MA0320B 01;8200837816 I;CABLEADO BOUCLIER;             3,00;        55.060,32;00;             3,00;        55.060,32;             0,00;             0,00;             0,00;             0,00
0000049741;0011;MA0608C 06;7750842397 I;REFUERZO IZQ.PANEL LATERA;             1,00;           135,70;00;             1,00;           135,70;             0,00;             0,00;             0,00;             0,00
0000049741;0012;MA0715C 03;8200606473 I;CONSOLA FRENO DE MANO B90 PH2;             1,00;        11.403,56;00;             1,00;        11.403,56;             0,00;             0,00;             0,00;             0,00
0000049741;0013;MA1005B 03;7704002204 I;CABLE CDO.ACELERADOR;            20,00;         2.452,00;00;            20,00;         2.452,00;             0,00;             0,00;             0,00;             0,00
0000049741;0014;MA1019E 02;8200108203;FILTRO DE ACEITE MOT.K4M-RX 8200108203 M;            12,00;        41.127,96;00;            12,00;        41.127,96;             0,00;             0,00;             0,00;             0,00
0000049741;0015;MA1110D 04;8200079964 I;CUBIERTA MONTANTE DER.;             4,00;           149,12;00;             4,00;           149,12;             0,00;             0,00;             0,00;             0,00
0000049741;0016;MA1116A 01;8200120524;MANGUERA AGUA     KG;             3,00;            32,79;00;             3,00;            32,79;             0,00;             0,00;             0,00;             0,00
0000049741;0017;MB0208C 01;8200187748 I;GRILLA SUPERIOR;             2,00;         2.685,30;00;             2,00;         2.685,30;             0,00;             0,00;             0,00;             0,00
0000049742;0001;D4 32 4D;829A11565R I;GARNITURE PANNEAU PORTE AR G HHA;             1,00;        29.684,01;00;             1,00;        29.684,01;             0,00;             0,00;             0,00;             0,00
0000049742;0002;D4 3411D;7751690265 I;TRAVESANO TECHO;             2,00;           369,10;00;             2,00;           369,10;             0,00;             0,00;             0,00;             0,00
0000049742;0003;D4 43 6C;8201753963 I;TRIM ASSY-BACK,REAR SEAT LH;             1,00;       284.631,03;00;             1,00;       284.631,03;             0,00;             0,00;             0,00;             0,00
0000049742;0004;D4 47 6C;829A00885R;CUBERTURA TAPIZADA PUERTA TRAS DER;             1,00;           514,06;00;             1,00;           514,06;             0,00;             0,00;             0,00;             0,00
0000049742;0005;D4 4911A;8201153143 I;BIELLE SELECTION;             1,00;           393,14;00;             1,00;           393,14;             0,00;             0,00;             0,00;             0,00
0000049742;0006;D4 54 7B;8201753902 I;FINISHER SET-FRONT SEAT HSG LH;             2,00;        46.865,36;00;             2,00;        46.865,36;             0,00;             0,00;             0,00;             0,00
0000049742;0007;SA1134B 02;775738397R I;SOPORTE SUPERIOR ALETA DELANTER IZQ GKO;             2,00;       222.559,00;00;             2,00;       222.559,00;             0,00;             0,00;             0,00;             0,00
0000049742;0008;SA9 09B03;8200098437;BISAGRA PUERTA TRASERA;            79,00;           388,68;00;            78,00;           383,76;-             1,00;             1,27;-             4,92;             4,92
0000049742;0009;SA9 15A05;8200033344;CINTURON SEG.DEL.DER.;             8,00;           279,92;00;             8,00;           279,92;             0,00;             0,00;             0,00;             0,00
0000049743;0001;NE01 2001B;833068749R;VIDRIO TRAS. FIJO DER. TONALIZADO;             1,00;        19.319,12;00;             1,00;        19.319,12;             0,00;             0,00;             0,00;             0,00
0000049744;0001;W1 1910C;833068749R;VIDRIO TRAS. FIJO DER. TONALIZADO;             4,00;        77.276,48;00;             4,00;        77.276,48;             0,00;             0,00;             0,00;             0,00
0000049745;0001;W2 19 3A;901009228R I;PUERTA COFRE ARK;             2,00;       328.809,52;00;             2,00;       328.809,52;             0,00;             0,00;             0,00;             0,00
0000049746;0001;NE02 0602B;901011129R;PUERTA COFRE IZQUIERDA NKG5;             3,00;       172.689,78;00;             3,00;       172.689,78;             0,00;             0,00;             0,00;             0,00
0000049747;0001;C105A 03;27732JY10A I;MOTOR REGULADOR AIRE;             1,00;           177,71;00;             0,00;             0,00;-             1,00;           100,00;-           177,71;           177,71
0000049747;0002;C208A 01;6001548446 I;EMISOR EMBRAGUE HIDRA;            20,00;     1.312.933,40;00;             0,00;             0,00;-            20,00;           100,00;-     1.312.933,40;     1.312.933,40
0000049748;0001;HA0810B 01;8200598964 I;CORREA ACCESORIOS KXX;           613,00;     7.847.570,83;00;             0,00;             0,00;-           613,00;           100,00;-     7.847.570,83;     7.847.570,83
0000049748;0002;HA0822A 01;8200598964 I;CORREA ACCESORIOS KXX;           284,00;     3.635.742,44;00;             0,00;             0,00;-           284,00;           100,00;-     3.635.742,44;     3.635.742,44
0000049749;0001;HA0623C 01;8200598964 I;CORREA ACCESORIOS KXX;           199,00;     2.547.580,09;00;             0,00;             0,00;-           199,00;           100,00;-     2.547.580,09;     2.547.580,09
0000049750;0001;D4 50 3G;8200598964 I;CORREA ACCESORIOS KXX;           720,00;     9.217.375,20;00;             0,00;             0,00;-           720,00;           100,00;-     9.217.375,20;     9.217.375,20
0000049750;0002;D4 51 1E;873206884R;CUBERTURA ALMOHAD ASTO DE;            12,00;         1.670,28;00;             0,00;             0,00;-            12,00;           100,00;-         1.670,28;         1.670,28
0000049750;0003;D4 62 2F;963018401R I;ESPEJO RETROVISOR DERECHO RET01 SANDERO;            36,00;       577.197,72;00;             0,00;             0,00;-            36,00;           100,00;-       577.197,72;       577.197,72
0000049750;0004;D4 66 2F;8200598964 I;CORREA ACCESORIOS KXX;           436,00;     5.581.632,76;00;             0,00;             0,00;-           436,00;           100,00;-     5.581.632,76;     5.581.632,76
0000049750;0005;D4 66 3G;8200598964 I;CORREA ACCESORIOS KXX;           720,00;     9.217.375,20;00;             0,00;             0,00;-           720,00;           100,00;-     9.217.375,20;     9.217.375,20
0000049751;0001;MA0115M 01;326048H503 I;ANILLO RANURADO;             1,00;         1.614,36;00;             0,00;             0,00;-             1,00;           100,00;-         1.614,36;         1.614,36
0000049751;0002;MA0204F 09;344142667R I;ARRET GAINE COMMANDE VITESSE U79P2;             1,00;         3.311,30;00;             0,00;             0,00;-             1,00;           100,00;-         3.311,30;         3.311,30
0000049751;0003;MA0205B 10;27730JY10A I;MOTOR APERT PANT AIRE CAL;             2,00;         4.553,44;00;             0,00;             0,00;-             2,00;           100,00;-         4.553,44;         4.553,44
0000049751;0004;MA0208E 11;286410003R I;SURTIDOR;             1,00;         2.841,62;00;             0,00;             0,00;-             1,00;           100,00;-         2.841,62;         2.841,62
0000049751;0005;MA0210E 13;8660089905 I;PLUM MOTR FLAT 18";             2,00;         4.824,96;00;             0,00;             0,00;-             2,00;           100,00;-         4.824,96;         4.824,96
0000049751;0006;MA0210G 09;277321022R I;MICRO MOTOR ENTRADA AIRE;             1,00;           781,28;00;             0,00;             0,00;-             1,00;           100,00;-           781,28;           781,28
0000049751;0007;MA0212C 06;460918553R I;RESERVOIR LIQUIDE FREIN M/CYL U79PH4;             2,00;           583,12;00;             0,00;             0,00;-             2,00;           100,00;-           583,12;           583,12
0000049751;0008;MA0213C 05;231A08365R I;CALCULATEUR GESTION ENERGIE U79PH4;             1,00;        26.337,48;00;             0,00;             0,00;-             1,00;           100,00;-        26.337,48;        26.337,48
0000049751;0009;MA0213C 11;964003569R I;PARE-SOLEIL D;             1,00;         2.066,10;00;             0,00;             0,00;-             1,00;           100,00;-         2.066,10;         2.066,10
0000049751;0010;MA0213D 08;275700006R I;CUADRO TABLERO;             1,00;         4.729,79;00;             0,00;             0,00;-             1,00;           100,00;-         4.729,79;         4.729,79
0000049751;0011;MA0214B 02;165871278R I;RACCORD AIR SORTIE FILTRE U79P2;             2,00;           786,82;00;             0,00;             0,00;-             2,00;           100,00;-           786,82;           786,82
0000049751;0012;MA0216B 01;288570236R I;CAPUCHON FIX AXE SORTIE MCNS ESSUIE P/BR;             4,00;            13,32;00;             0,00;             0,00;-             4,00;           100,00;-            13,32;            13,32
0000049751;0013;MA0216H 06;289137284R I;BOUCHON RESERVOIR LAVE-VITRE U79PH4;             2,00;           549,86;00;             0,00;             0,00;-             2,00;           100,00;-           549,86;           549,86
0000049751;0014;MA0216O 05;283402867R I;SUPPORT MICRO U79P2;             1,00;            76,41;00;             0,00;             0,00;-             1,00;           100,00;-            76,41;            76,41
0000049751;0015;MA0305B 06;474015077R I;TUYAU ASSISTANCE FREINAGE U79PH4;             2,00;         3.538,84;00;             0,00;             0,00;-             2,00;           100,00;-         3.538,84;         3.538,84
0000049751;0016;MA0316B 06;180023599R I;CAPTADOR PEDAL;             4,00;        22.317,00;00;             0,00;             0,00;-             4,00;           100,00;-        22.317,00;        22.317,00
0000049751;0017;MA0714A 03;8660089589 I;PASTILLA DE FRENO DELANT X52 MOTRIO;             8,00;        27.812,16;00;             0,00;             0,00;-             8,00;           100,00;-        27.812,16;        27.812,16
0000049751;0018;MA0715C 04;215017674R I;TUYAU ENTREE RADIATEUR U79PH4;             4,00;        10.650,40;00;             0,00;             0,00;-             4,00;           100,00;-        10.650,40;        10.650,40
0000049751;0019;MA0813B 01;484008440R I;VOLANTE DIRECCION CUIR RV L38;             1,00;        14.020,41;00;             0,00;             0,00;-             1,00;           100,00;-        14.020,41;        14.020,41
0000049751;0020;MA1014A 03;876208898R;CUBERTURA RESPALD ASTO DE;             3,00;           429,15;00;             0,00;             0,00;-             3,00;           100,00;-           429,15;           429,15
0000049751;0021;MA1115E 01;8660089904 I;PLUM MOTR FLAT 16";             2,00;         3.425,90;00;             0,00;             0,00;-             2,00;           100,00;-         3.425,90;         3.425,90
0000049751;0022;MB0202A 01;8660089838 I;BOMBA DE AGUA Fiat 1.0/1.3 / 1.4 (Uno, P;            44,00;       483.473,32;00;             0,00;             0,00;-            44,00;           100,00;-       483.473,32;       483.473,32
0000049752;0001;MA0103B 16;6608087769 I;AIR DEFLECTOR-RADIATOR UPR;             3,00;        27.728,49;00;             0,00;             0,00;-             3,00;           100,00;-        27.728,49;        27.728,49
0000049752;0002;MA0103E 02;6608065173 I;TUBE ASSY-AIR CONDITIONER HIGH PRESSURE;             1,00;        25.180,70;00;             0,00;             0,00;-             1,00;           100,00;-        25.180,70;        25.180,70
0000049752;0003;MA0209B 04;6001551697 I;KIT DE CALEFACCION Y AIRE ACONDICIONADO;             4,00;           175,76;00;             0,00;             0,00;-             4,00;           100,00;-           175,76;           175,76
0000049752;0004;MA0209C 05;554904670R I;BATTEUR BERCEAU U79PH4;             1,00;           517,71;00;             0,00;             0,00;-             1,00;           100,00;-           517,71;           517,71
0000049752;0005;MA0210E 12;6608066295 I;HANDLE-RR SIDE DOOR OTR OPENING LH;             2,00;        35.600,30;00;             0,00;             0,00;-             2,00;           100,00;-        35.600,30;        35.600,30
0000049752;0006;MA0210G 12;6608066734 I;3ER STOP GKO;             2,00;       105.926,30;00;             0,00;             0,00;-             2,00;           100,00;-       105.926,30;       105.926,30
0000049752;0007;MA0216B 03;544180002R I;TORNILLO;             1,00;           329,10;00;             0,00;             0,00;-             1,00;           100,00;-           329,10;           329,10
0000049752;0008;MA0216B 06;497308045R I;PATTE FIX U79PH2;             1,00;         1.278,95;00;             0,00;             0,00;-             1,00;           100,00;-         1.278,95;         1.278,95
0000049752;0009;MA0216B 08;6001548761 I;TRINGLE COMMANDE;             1,00;            43,22;00;             0,00;             0,00;-             1,00;           100,00;-            43,22;            43,22
0000049752;0010;MA0216L 08;497304378R I;PATTE FIX U79PH2;             1,00;           442,08;00;             0,00;             0,00;-             1,00;           100,00;-           442,08;           442,08
0000049752;0011;MA0218E 10;622240001R I;ANGULO SOPORTE FRENTE;             2,00;         1.817,86;00;             0,00;             0,00;-             2,00;           100,00;-         1.817,86;         1.817,86
0000049752;0012;MA0303A 05;6608067170 I;PROTECTOR FRONTAL RADAR GKO;             1,00;         6.295,17;00;             0,00;             0,00;-             1,00;           100,00;-         6.295,17;         6.295,17
0000049752;0013;MA0303B 01;6608067122 I;DEFLECTOR DE AIRE SUPERIOR DERECHO GKO;             3,00;        32.012,85;00;             0,00;             0,00;-             3,00;           100,00;-        32.012,85;        32.012,85
0000049752;0014;MA0303C 05;6608087765 I;DEFLECTOR RADIADOR INFERIOR IZQUIER GKO;             3,00;        35.029,05;00;             0,00;             0,00;-             3,00;           100,00;-        35.029,05;        35.029,05
0000049752;0015;MA0308C 04;6608065169 I;TUBE ASSY-AIR CONDITIONER LOW PRESSURE;             1,00;        29.407,95;00;             0,00;             0,00;-             1,00;           100,00;-        29.407,95;        29.407,95
0000049752;0016;MA0410C 01;6001547896 I;SOPORTE TAPON DEL. IZQ.;             9,00;        98.985,51;00;             0,00;             0,00;-             9,00;           100,00;-        98.985,51;        98.985,51
0000049752;0017;MA0502E 06;6608068390 I;WEATHERSTRIP-FRONT DOOR,INNER RH;             1,00;        20.576,43;00;             0,00;             0,00;-             1,00;           100,00;-        20.576,43;        20.576,43
0000049752;0018;MA0503A 01;6608068391 I;WEATHERSTRIP-FRONT DOOR,INNER LH;             1,00;        20.576,43;00;             0,00;             0,00;-             1,00;           100,00;-        20.576,43;        20.576,43
0000049752;0019;MA0504A 01;6608068389 I;WEATHERSTRIP-REAR DOOR,INNER LH;             1,00;        22.335,88;00;             0,00;             0,00;-             1,00;           100,00;-        22.335,88;        22.335,88
0000049752;0020;MA0504E 02;6608068386 I;WEATHERSTRIP-FRONT DOOR,OUTER RH;             1,00;        61.729,28;00;             0,00;             0,00;-             1,00;           100,00;-        61.729,28;        61.729,28
0000049752;0021;MA0504E 04;6608065174 I;TUBE ASSY-AIR CONDITIONER HIGH AND LOW P;             1,00;        57.502,03;00;             0,00;             0,00;-             1,00;           100,00;-        57.502,03;        57.502,03
0000049752;0022;MA0505E 01;6608066291 I;REGULATOR ASSY-REAR DOOR,RH;             1,00;        47.505,15;00;             0,00;             0,00;-             1,00;           100,00;-        47.505,15;        47.505,15
0000049752;0023;MA0506E 02;6608087764 I;DEFLECTOR RADIADOR INFERIOR GKO;             3,00;        42.569,55;00;             0,00;             0,00;-             3,00;           100,00;-        42.569,55;        42.569,55
0000049752;0024;MA0506E 03;6608066292 I;REGULATOR ASSY-REAR DOOR,LH;             1,00;        47.505,15;00;             0,00;             0,00;-             1,00;           100,00;-        47.505,15;        47.505,15
0000049752;0025;MA0809A 03;6608066734 I;3ER STOP GKO;             8,00;       423.705,20;00;             0,00;             0,00;-             8,00;           100,00;-       423.705,20;       423.705,20
0000049753;0001;W2 44 6D;555010627R I;PUENTE TRASERO L38;             3,00;        49.532,85;00;             0,00;             0,00;-             3,00;           100,00;-        49.532,85;        49.532,85
0000049753;0002;W2 46 4C;555010627R I;PUENTE TRASERO L38;             1,00;        16.510,95;00;             0,00;             0,00;-             1,00;           100,00;-        16.510,95;        16.510,95
0000049753;0003;W2 55 3B;641002934R I;DEMI BLOC AV D ASS;             5,00;     3.680.179,55;00;             0,00;             0,00;-             5,00;           100,00;-     3.680.179,55;     3.680.179,55
0000049754;0001;D4 32 8D;6608066985 I;FAN UNIT-ENG COOLING;             1,00;       188.489,65;00;             0,00;             0,00;-             1,00;           100,00;-       188.489,65;       188.489,65
0000049755;0001;CE1604B 01;679005473R I;ISOLANT TABLIER HHA;             1,00;        39.837,30;00;             0,00;             0,00;-             1,00;           100,00;-        39.837,30;        39.837,30
0000049755;0002;W2 04 4A2;6608090535 I;CARPET-TRUNK;             1,00;       214.833,04;00;             0,00;             0,00;-             1,00;           100,00;-       214.833,04;       214.833,04
0000049756;0001;D4 48 3B;6608099663 I;COVER-ENGINE COMPARTMENT,LH;             2,00;        74.582,40;00;             0,00;             0,00;-             2,00;           100,00;-        74.582,40;        74.582,40
0000049756;0002;D4 7012A;6608099664 I;COVER-ENGINE COMPARTMENT,RH;             2,00;        74.582,40;00;             0,00;             0,00;-             2,00;           100,00;-        74.582,40;        74.582,40
0000049757;0001;MA0101B 04;7703016340 I;TORNILLO 4,2 X 16 RLX;             9,00;             3,96;00;             0,00;             0,00;-             9,00;           100,00;-             3,96;             3,96
0000049757;0002;MA0203D 09;7701471588 I;ARANDELA REGLAJE CAJA VEL;            24,00;        48.721,20;00;             0,00;             0,00;-            24,00;           100,00;-        48.721,20;        48.721,20
0000049757;0003;MA0206B 05;766H35714R I;ELEMENTO LATERAL TRASERO IZQUIERDO GKO;             2,00;         7.197,76;00;             0,00;             0,00;-             2,00;           100,00;-         7.197,76;         7.197,76
0000049757;0004;MA0206B 12;7701474437 I;COLECC.EMPUNADURA EXTERIO PAP;             1,00;         2.576,43;00;             0,00;             0,00;-             1,00;           100,00;-         2.576,43;         2.576,43
0000049757;0005;MA0210E 07;739409193R I;POIGNEE MAINTIEN U79PH4;             1,00;           472,71;00;             0,00;             0,00;-             1,00;           100,00;-           472,71;           472,71
0000049757;0006;MA0210G 04;682470015R I;SOPORTE;             1,00;         2.693,17;00;             0,00;             0,00;-             1,00;           100,00;-         2.693,17;         2.693,17
0000049757;0007;MA0216G 07;7703072384 I;REMACHE 7 - 32;             1,00;            53,88;00;             0,00;             0,00;-             1,00;           100,00;-            53,88;            53,88
0000049757;0008;MA0216I 04;7703066432 I;CLIP ARRET DIAM 1;            20,00;           984,40;00;             0,00;             0,00;-            20,00;           100,00;-           984,40;           984,40
0000049757;0009;MA0216K 03;7703046138 I;TUERCA;           100,00;         1.870,00;00;             0,00;             0,00;-           100,00;           100,00;-         1.870,00;         1.870,00
0000049757;0010;MA0216L 02;7703002680 I;TORNILLO  H EMBASE M8X1;             5,00;           131,20;00;             0,00;             0,00;-             5,00;           100,00;-           131,20;           131,20
0000049757;0011;MA0216N 01;7701034545 I;FALSO RODAMIENTO 40-17;             2,00;           101,18;00;             0,00;             0,00;-             2,00;           100,00;-           101,18;           101,18
0000049757;0012;MA0216N 04;739984M401 I;PINZA;             1,00;            24,19;00;             0,00;             0,00;-             1,00;           100,00;-            24,19;            24,19
0000049757;0013;MA0218C 08;7700102357 I;PASTILLA REG.VALV.[7750];            16,00;         3.976,48;00;             0,00;             0,00;-            16,00;           100,00;-         3.976,48;         3.976,48
0000049757;0014;MA0218M 14;7700102355 I;PASTILLA REG.VALV.[7700];             8,00;         2.736,08;00;             0,00;             0,00;-             8,00;           100,00;-         2.736,08;         2.736,08
0000049757;0015;MA0303C 02;6608101249 I;SOPORTE PROJECTOR ALETA DERECHA GKO;             4,00;        41.998,32;00;             0,00;             0,00;-             4,00;           100,00;-        41.998,32;        41.998,32
0000049757;0016;MA0305D 02;7700431542 I;ESPEJO EXT.IZQ.;             2,00;           699,94;00;             0,00;             0,00;-             2,00;           100,00;-           699,94;           699,94
0000049757;0017;MA0308A 06;7702218677;BOCINA TONO BAJO;             1,00;             3,64;00;             0,00;             0,00;-             1,00;           100,00;-             3,64;             3,64
0000049757;0018;MA0310D 01;7701209658 I;PALANCA DE ASIENTO;            37,00;        26.675,15;00;             0,00;             0,00;-            37,00;           100,00;-        26.675,15;        26.675,15
0000049757;0019;MA0316C 02;663767584R I;PUNTERA LAT DER REJILLA PARABRISAS HZG;             3,00;           486,51;00;             0,00;             0,00;-             3,00;           100,00;-           486,51;           486,51
0000049757;0020;MA0507A 01;6608126236 I;MIRROR ASSY-INSIDE;             2,00;     1.475.812,96;00;             0,00;             0,00;-             2,00;           100,00;-     1.475.812,96;     1.475.812,96
0000049757;0021;MB0203A 06;769161841R;CUBIERTA TAPIZADA;             2,00;           121,64;00;             0,00;             0,00;-             2,00;           100,00;-           121,64;           121,64
0000049758;0001;D4 57 5C;755309400R I;TRAVIESA IZQU TRASERA INT PARTE TRA GKO;             2,00;       145.623,06;00;             0,00;             0,00;-             2,00;           100,00;-       145.623,06;       145.623,06
0000049759;0001;CE1612E 01;767507747R;PASO RUEDA TRAS D FL;             1,00;           100,98;00;             0,00;             0,00;-             1,00;           100,00;-           100,98;           100,98
0000049760;0001;MA0105E 05;6608067120 I;DEFLECTOR DE AIRE SUPERIOR GKO;             3,00;        30.470,49;00;             0,00;             0,00;-             3,00;           100,00;-        30.470,49;        30.470,49
0000049760;0002;MA0115C 01;8200051660 I;ARANDELA;             1,00;           162,76;00;             0,00;             0,00;-             1,00;           100,00;-           162,76;           162,76
0000049760;0003;MA0208F 15;625604829R I;SOPORTE FIJ FARO;             1,00;           514,20;00;             0,00;             0,00;-             1,00;           100,00;-           514,20;           514,20
0000049760;0004;MA0212B 11;809619758R I;PLATINE SERVITUDE AV G U79P2;             1,00;            46,54;00;             0,00;             0,00;-             1,00;           100,00;-            46,54;            46,54
0000049760;0005;MA0214A 06;8889214937 I;STRIKER ASSY-REAR SEAT,LH;             1,00;        23.855,40;00;             0,00;             0,00;-             1,00;           100,00;-        23.855,40;        23.855,40
0000049760;0006;MA0216I 03;8200110328 I;CLIP FIJACION TECHO;             5,00;           205,00;00;             0,00;             0,00;-             5,00;           100,00;-           205,00;           205,00
0000049760;0007;MA0216I 07;7703074634 I;OBTURATEUR 12 12.2X16.2 U79P2;             3,00;            19,95;00;             0,00;             0,00;-             3,00;           100,00;-            19,95;            19,95
0000049760;0008;MA0216L 14;7703079830 I;CLIP 3 VIAS;             2,00;           110,82;00;             0,00;             0,00;-             2,00;           100,00;-           110,82;           110,82
0000049760;0009;MA0216O 02;8200199604 I;ARANDELA ACANALADA 27D.;             1,00;           102,27;00;             0,00;             0,00;-             1,00;           100,00;-           102,27;           102,27
0000049760;0010;MA0218D 15;8200687596 I;TIRANTE SUSP DEL;             1,00;           877,35;00;             0,00;             0,00;-             1,00;           100,00;-           877,35;           877,35
0000049760;0011;MA0218G 02;7703602334 I;TORNILLO BLOCK FILTRANTE;             1,00;             0,00;00;             0,00;             0,00;-             1,00;             0,00;             0,00;             0,00
0000049760;0012;MA0218I 06;8200923144 I;CONDUCTO FILTRO AIRE;             2,00;         2.557,82;00;             0,00;             0,00;-             2,00;           100,00;-         2.557,82;         2.557,82
0000049760;0013;MA0218J 05;8200607646 I;ENTREDOS TENSOR CORREA;             1,00;            92,41;00;             0,00;             0,00;-             1,00;           100,00;-            92,41;            92,41
0000049760;0014;MA0307C 02;8201754562 I;WELT-BODY, FRONT DOOR LH;             1,00;        39.553,35;00;             0,00;             0,00;-             1,00;           100,00;-        39.553,35;        39.553,35
0000049760;0015;MA0504D 02;8201754564 I;WELT BODY SIDE-REAR LH;             1,00;        38.639,35;00;             0,00;             0,00;-             1,00;           100,00;-        38.639,35;        38.639,35
0000049760;0016;MA0505D 03;V100000036 I;COVER-STEERING COLUMN LWR;             1,00;        11.939,13;00;             0,00;             0,00;-             1,00;           100,00;-        11.939,13;        11.939,13
0000049760;0017;MA0505D 04;8201753764 I;MOTOVENTILADOR GKO;             2,00;       101.019,86;00;             0,00;             0,00;-             2,00;           100,00;-       101.019,86;       101.019,86
0000049760;0018;MA0809A 01;781148607R;GOTERO LATERAL IZQ;             3,00;           104,70;00;             0,00;             0,00;-             3,00;           100,00;-           104,70;           104,70
0000049760;0019;MA1102D 02;7711732640 I;MODULO TILT DOWN;             3,00;         8.281,59;00;             0,00;             0,00;-             3,00;           100,00;-         8.281,59;         8.281,59
0000049761;0001;D4 10 4E;809018944R;CUBERTURA TAPIZADA PUERTA DEL IZQ;             4,00;         2.143,68;00;             0,00;             0,00;-             4,00;           100,00;-         2.143,68;         2.143,68
0000049762;0001;D4 30 6B;391019166R I;TRANSMISION DELANTERA IZQUIERDA X90;             1,00;         3.831,52;00;             0,00;             0,00;-             1,00;           100,00;-         3.831,52;         3.831,52
0000049762;0002;D4 4912A;8201753946 I;TRIM ASSY-BACK,REAR SEAT RH;             1,00;       238.268,38;00;             0,00;             0,00;-             1,00;           100,00;-       238.268,38;       238.268,38
0000049762;0003;D4 5411C;391005347R I;TRANSMISION DERECHA;             1,00;       205.814,33;00;             0,00;             0,00;-             1,00;           100,00;-       205.814,33;       205.814,33
0000049762;0004;SA0833A 02;V100000170 I;EMBEL ESTRIBO GRIS MET TRAS IZQ EA3 GKO;             5,00;       631.974,00;00;             0,00;             0,00;-             5,00;           100,00;-       631.974,00;       631.974,00
0000049762;0005;SA0924A 04;V100000172 I;EMBELLEC ESTRIBO GRIS TRAS IZQ EA3 GKO;             2,00;       253.795,00;00;             0,00;             0,00;-             2,00;           100,00;-       253.795,00;       253.795,00
0000049763;0001;SO06 0402A;671126527R I;DOBLADURA DELANTERA GKO;             1,00;       573.215,10;00;             0,00;             0,00;-             1,00;           100,00;-       573.215,10;       573.215,10
0000049763;0002;W1 12 4D;V100000099 I;CONJUNTO TABLERO INSTRUMENTOS GKO;             1,00;     1.086.871,68;00;             0,00;             0,00;-             1,00;           100,00;-     1.086.871,68;     1.086.871,68
0000049764;0001;D4 67 1C;755304504R I;REINF-SIDE MBR RR LH ASSY;             2,00;       144.800,46;00;             0,00;             0,00;-             2,00;           100,00;-       144.800,46;       144.800,46
0000049765;0001;CA0634A 01;756505292R I;MEMBER ASSY-REAR CROSS,CENTER;             1,00;       204.427,53;00;             0,00;             0,00;-             1,00;           100,00;-       204.427,53;       204.427,53
0000049765;0002;W2 02 3A3;765149728R I;REFUERZO PIED MEDIO DERECHO GKO;             2,00;       473.177,80;00;             0,00;             0,00;-             2,00;           100,00;-       473.177,80;       473.177,80
0000049765;0003;W2 04 5A2;765155561R I;REFUERZO DOBLADURA PIED MEDIO IZQ GKO;             2,00;       472.172,40;00;             0,00;             0,00;-             2,00;           100,00;-       472.172,40;       472.172,40
0000049766;0001;D4 38 1C;765165965R I;REFUERZO;             3,00;        31.629,18;00;             0,00;             0,00;-             3,00;           100,00;-        31.629,18;        31.629,18
0000049766;0002;D4 60 8A;809015780R I;PANEL PUERTA DELANTERO IZQ;             1,00;        38.316,03;00;             0,00;             0,00;-             1,00;           100,00;-        38.316,03;        38.316,03
0000049766;0003;D4 6411A;8200543309 I;COLLECTEUR ECHAPP;             1,00;        18.270,30;00;             0,00;             0,00;-             1,00;           100,00;-        18.270,30;        18.270,30
0000049766;0004;D4 68 1C;V100000174 I;EMBELLEC ESTRIBO CAFÃ# TRA DER EA3 GKO;             8,00;       971.430,00;00;             0,00;             0,00;-             8,00;           100,00;-       971.430,00;       971.430,00
0000049767;0001;NE01 0404A;803009980R I;VIDRIO MOVIL DE PUERTA DELANTERA DERECHA;             8,00;       195.144,80;00;             0,00;             0,00;-             8,00;           100,00;-       195.144,80;       195.144,80
0000049767;0002;NE01 1303B;803009980R I;VIDRIO MOVIL DE PUERTA DELANTERA DERECHA;             2,00;        48.786,20;00;             0,00;             0,00;-             2,00;           100,00;-        48.786,20;        48.786,20
0000049767;0003;NE01 1803A;803009980R I;VIDRIO MOVIL DE PUERTA DELANTERA DERECHA;             5,00;       121.965,50;00;             0,00;             0,00;-             5,00;           100,00;-       121.965,50;       121.965,50
0000049768;0001;C105B 09;8200435217 I;MONOGRAMA CAMPUS;             5,00;         5.722,70;00;             0,00;             0,00;-             5,00;           100,00;-         5.722,70;         5.722,70
0000049768;0002;C105F 14;8200242600 I;INTERRUPTOR LEVANTA CRIST;            10,00;        19.315,50;00;             0,00;             0,00;-            10,00;           100,00;-        19.315,50;        19.315,50
0000049769;0001;MA0214F 14;8200680545 I;CINTURON SEGURIDAD DER.;             1,00;         1.474,72;00;             0,00;             0,00;-             1,00;           100,00;-         1.474,72;         1.474,72
0000049769;0002;MA0218A 08;0165800551 I;TAPON;             1,00;            91,40;00;             0,00;             0,00;-             1,00;           100,00;-            91,40;            91,40
0000049769;0003;MA0218O 02;8200244498 I;TAPA RECIPIENTE DESGAZAGE;             4,00;         1.671,56;00;             0,00;             0,00;-             4,00;           100,00;-         1.671,56;         1.671,56
0000049769;0004;MA0220N 05;01225N6031 I;TUERCA;            10,00;         3.084,80;00;             0,00;             0,00;-            10,00;           100,00;-         3.084,80;         3.084,80
0000049769;0005;MA1007A 03;873707384R I;CUBERTURA ASIENTO DELANTERO LE BOSE;             1,00;        51.951,32;00;             0,00;             0,00;-             1,00;           100,00;-        51.951,32;        51.951,32
0000049770;0001;D4 61 7A;200101237R I;DESCENSO ESCAPE PARTE DELANTERA;             4,00;       211.286,64;00;             0,00;             0,00;-             4,00;           100,00;-       211.286,64;       211.286,64
0000049771;0001;MA1106C 01;240143355R I;CABLAGE MONOBLOC;             2,00;       251.079,52;00;             0,00;             0,00;-             2,00;           100,00;-       251.079,52;       251.079,52
